,2136,2146,2884,3036,3226,3980,4066,4988,6136,7260,7866,8044,9899,13440,14535,16721,17874,18043,18872,18892,20004,24870,26061,34636,36444,36691,60900,64630,126136,147579,160329,164296,165675,165746,170617,180405,199356
1967-03-01,,,,-0.0740438848733902,,-0.07960779964923859,,,,-0.0740438848733902,-0.07960779964923859,,,,,,,,,,,,,,,,,,,,,,,,,,
1967-06-01,,,,-0.05316169559955597,,-0.19833031296730042,,,,-0.11728189885616302,-0.1950938105583191,,,,,,,,,,,,,,,,,,,,,,,,,,
1967-09-01,,,,0.07244332134723663,,-0.048526275902986526,,,,-0.048526275902986526,-0.048526275902986526,,,,,,,,,,,,,,,,,,,,,,,,,,
1967-12-01,,,,-0.004575879778712988,,-0.018625639379024506,,,,-0.004575879778712988,-0.06798216700553894,,,,,,,,,,,,,,,,,,,,,,,,,,
1968-03-01,,,,0.0332263708114624,,-0.007318349089473486,,0.015228191390633583,,-0.007318349089473486,0.05733569711446762,,,,,,,,,,,,,,,,,,,,,,,,,,
1968-06-01,,,,0.06127076968550682,,0.03331452235579491,,0.03331452235579491,,0.0671003982424736,0.05287158861756325,,,,,,,,,,,,,,,,,,,,,,,,,,
1968-09-01,,,,0.05605625733733177,,0.07094418257474899,,0.043278343975543976,,0.07714107632637024,0.06313901394605637,,,,,,,,,,,,,,,,,,,,,,,,,,
1968-12-01,,,,0.05483277142047882,,0.07337261736392975,,0.0671250969171524,,0.05958572402596474,0.059255726635456085,,,,,,,,,,,,,,,,,,,,,,,,,,
1969-03-01,,,,0.03527127206325531,,0.04803883656859398,,0.027005622163414955,,0.04035988450050354,0.026260850951075554,,,,,,,,,,,,,,,,,,,,,,,,,,
1969-06-01,,,,0.018827397376298904,,0.0175344068557024,,0.03751310333609581,,0.030793964862823486,0.016421958804130554,,,,,,,,,,,,,,,,,,,,,,,,,,
1969-09-01,,,,0.046596627682447433,,0.06265854090452194,,0.03392266482114792,,0.05000442638993263,0.03338870406150818,,,,,,,,,,,,,,,,,,,,,,,,,,
1969-12-01,,,,0.05909576267004013,,0.062151238322257996,,0.043917737901210785,,0.05909576267004013,0.03873828053474426,,,,,,,,,,,,,,,,,,,,,,,,,,
1970-03-01,,,,0.06445924192667007,,0.06071588397026062,,0.06445924192667007,,0.06445924192667007,0.06445924192667007,,,,,,,,,,,,,,,,,,,,,,,,,,
1970-06-01,,,,0.05643738806247711,,0.05570552125573158,,0.05545991659164429,,0.06989233940839767,0.05643738806247711,,,,,,,,,,,,,,,,,,,,,,,,,,
1970-09-01,,,,0.045722827315330505,,0.03608809411525726,,0.0507679246366024,,0.03608809411525726,0.06294956058263779,,,,,,,,,,,,,,,,,,,,,,,,,,
1970-12-01,,,,0.04377976432442665,,0.04920758679509163,,0.02846589684486389,,0.04538457840681076,0.054741568863391876,,,,,,,,,,,,,,,,,,,,,,,,,,
1971-03-01,,,,0.05005952715873718,,0.03599080815911293,,0.04424281418323517,,0.03599080815911293,0.04292337968945503,,,,,,,,,,,,,,,,,,,,,,,,,,
1971-06-01,,,,0.05836581066250801,,0.041625458747148514,,0.027232207357883453,0.04821864515542984,0.05618007853627205,0.027232207357883453,,,,,,,,,,,,,,,,,,,,,,,,,,
1971-09-01,,,,0.01850452460348606,,0.0031426066998392344,,0.024553902447223663,0.030751748010516167,0.0031426066998392344,0.007437630090862513,,,,,,,,,,,,,,,,,,,,,,,,,,
1971-12-01,,,,0.027312422171235085,,0.029848208650946617,,0.018947375938296318,0.02039988897740841,0.026025181636214256,0.018947375938296318,,,,,,,,,,,,,,,,,,,,,,,,,,
1972-03-01,,,,0.028344744816422462,,0.042947594076395035,,0.02218351513147354,0.04722357168793678,0.04722357168793678,0.02218351513147354,,,,,,,,,,,,,,,,,,,,,,,,,,
1972-06-01,,,,0.03275323659181595,,0.040338218212127686,,0.045382559299468994,0.026451732963323593,0.058878712356090546,0.040338218212127686,,,,,,,,,,,,,,,,,,,,,,,,,,
1972-09-01,,,,0.04257815331220627,,0.03455132246017456,,0.03914201259613037,0.053962383419275284,0.03010755404829979,0.009487833827733994,,,,,,,,,,,,,,,,,,,,,,,,,,
1972-12-01,,,,0.037379730492830276,,0.0503431111574173,,0.0503431111574173,0.024711672216653824,0.024711672216653824,0.03171168267726898,,,,,,,,,,,,,,,,,,,,,,,,,,
1973-03-01,,,,0.03441476821899414,,0.037513453513383865,,0.03538912534713745,0.029134852811694145,0.029134852811694145,0.029134852811694145,,,,,,,,,,,,,,,,,,,,,,,,,,
1973-06-01,,,,0.03827044367790222,,0.04046555235981941,,0.03534742072224617,0.0061539472080767155,0.07058203965425491,0.0057776798494160175,,,,,,,,,,,,,,,,,,,,,,,,,,
1973-09-01,,,,0.03637886047363281,,0.06758955121040344,,0.06758955121040344,0.09168298542499542,0.09168298542499542,0.09168298542499542,,,,,,,,,,,,,,,,,,,,,,,,,,
1973-12-01,,,,0.03218914195895195,,0.0390874519944191,,0.0390874519944191,0.03961708024144173,0.030127109959721565,-0.029126018285751343,,,,,,,,,,,,,,,,,,,,,,,,,,
1974-03-01,,,,0.050647445023059845,,0.07174008339643478,,0.06766590476036072,0.06854139268398285,0.050012070685625076,0.04302838817238808,,,,,,,,,,,,,,,,,,,,,,,,,,
1974-06-01,,,,0.030720146372914314,,0.08226462453603745,,0.04828883334994316,0.043222639709711075,0.05590837448835373,0.06859678775072098,,,,,,,,,,,,,,,,,,,,,,,,,,
1974-09-01,,,,0.003845951985567808,,0.03035108558833599,,0.018212808296084404,-0.04532692953944206,0.02119995467364788,-0.04532692953944206,,,,,,,,,,,,,,,,,,,,,,,,,,
1974-12-01,,,,0.020730426535010338,,0.0439004972577095,,0.05283492058515549,0.057144906371831894,-0.03742339834570885,0.010967842303216457,,,,,,,,,,,,,,,,,,,,,,,,,,
1975-03-01,,,,-0.00816960446536541,,0.09595931321382523,,0.08736070245504379,0.08191943168640137,-0.13765493035316467,-0.015227214433252811,,,,,,,,,,,,,,,,,,,,,,,,,,
1975-06-01,,,0.08389637619256973,0.010830848477780819,,0.013693355023860931,,0.026963289827108383,-0.13588646054267883,-0.13588646054267883,0.012736924923956394,,,,,,,,,,,,,,,,,,,,,,,,,,
1975-09-01,,,0.03660737723112106,-0.016422484070062637,,0.01601943001151085,,-0.001144423265941441,0.0836964026093483,-0.06518545001745224,0.008066467940807343,,,,,,,,,,,,,,,,,,,,,,,,,,
1975-12-01,,,0.006486472208052874,-0.024024030193686485,,-0.00045429362216964364,,0.05249352380633354,-0.01130230538547039,-0.01111170556396246,-0.021585384383797646,,,,,,,,,,,,,,,,,,,,,,,,,,
1976-03-01,,,0.0246663149446249,0.0014141520950943232,,0.01276036724448204,,-0.0033725728280842304,0.02408548630774021,-0.018334824591875076,-0.03808750957250595,,,,,,,,,,,,,,,,,,,,,,,,,,
1976-06-01,,,0.00825085025280714,0.0038425656966865063,,0.04182907193899155,,0.01829882524907589,0.007378237787634134,0.008386812172830105,0.007319572381675243,,,,,,,,,,,,,,,,,,,,,,,,,,
1976-09-01,,,0.013401927426457405,-0.0027825827710330486,,0.017002196982502937,,0.020799361169338226,0.04282962530851364,0.017002196982502937,0.030948083847761154,,,,,,,,,,,,,,,,,,,,,,,,,,
1976-12-01,,,0.003291875356808305,0.006558460649102926,,0.003753143362700939,,0.007656001951545477,0.021789517253637314,0.02183489501476288,0.010510999709367752,,,,,,,,,,,,,,,,,,,,,,,,,,
1977-03-01,,,0.01155787892639637,0.006071586161851883,,0.01281393226236105,,0.010525587946176529,0.009633242152631283,0.01281393226236105,0.009633242152631283,,,,,,,,,,,,,,,,,,,,,,,,,,
1977-06-01,,,0.028505677357316017,0.006175545509904623,,0.03449920564889908,,0.012524295598268509,0.0037312370259314775,0.01936817169189453,0.01936817169189453,,,,,,,,,,,,,,,,,,,,,,,,,,
1977-09-01,,,0.0011052776826545596,0.013558793812990189,,0.01647966355085373,,0.01998576708137989,0.013558793812990189,0.036975786089897156,0.036975786089897156,,,,,,,,,,,,,,,,,,,,,,,,,,
1977-12-01,,,0.011349902488291264,0.024355633184313774,,0.014998653903603554,,0.011349902488291264,0.024355633184313774,0.003928986843675375,0.0393238365650177,,,,,,,,,,,,,,,,,,,,,,,,,,
1978-03-01,,,0.010723020881414413,0.011898338794708252,,0.01894686371088028,,0.033919624984264374,0.04769427329301834,-0.009098006412386894,-0.003030563937500119,,,,,,,,,,,,,,,,,,,,,,,,,,
1978-06-01,,,0.0171575378626585,0.0171575378626585,,0.0013468911638483405,,0.0105879046022892,0.008824811317026615,0.022870464250445366,0.009497905150055885,,,,,,,,,,,,,,,,,,,,,,,,,,
1978-09-01,,,0.02129060961306095,0.022144032642245293,,0.008369560353457928,,0.025180144235491753,0.022144032642245293,-0.02540227398276329,0.02217375859618187,,,,,,,,,,,,,,,,,,,,,,,,,,
1978-12-01,,,0.015372185967862606,0.015372185967862606,,0.014530346728861332,,0.012737704440951347,0.015372185967862606,-0.005532646551728249,0.04676162078976631,,,,,,,,,,,,,,,,,,,,,,,,,,
1979-03-01,,,0.02160332165658474,0.020785121247172356,,0.01771560311317444,,0.020754294469952583,0.020785121247172356,-0.0007487368420697749,0.018273497000336647,,,,,,,,,,,,,,,,,,,,,,,,,,
1979-06-01,,,0.006609214935451746,0.019468363374471664,,0.01901843026280403,,0.018621224910020828,0.02711782418191433,0.028648313134908676,0.019468363374471664,,,,,,,,,,,,,,,,,,,,,,,,,,
1979-09-01,,,0.029652196913957596,0.011913228780031204,,0.02334105409681797,,0.02914050593972206,0.018455179408192635,-0.013941701501607895,0.02564808540046215,,,,,,,,,,,,,,,,,,,,,,,,,,
1979-12-01,,,0.01739165559411049,0.019077880308032036,,0.019678570330142975,,0.018455255776643753,0.012335584498941898,0.011037927120923996,0.02174067683517933,,,,,,,,,,,,,,,,,,,,,,,,,,
1980-03-01,,,0.013250834308564663,0.015903018414974213,,0.013828185386955738,,0.013250834308564663,0.013250834308564663,0.021144350990653038,0.013250834308564663,,,,,,,,,,,,,,,,,,,,,,,,,,
1980-06-01,,,0.01497338805347681,0.013977914117276669,,0.013550998643040657,,0.018317658454179764,0.01497338805347681,-0.00017360095807816833,0.01497338805347681,,,,,,,,,,,,,,,,,,,,,,,,,,
1980-09-01,,,0.015568403527140617,0.00978267751634121,,0.003603848163038492,,0.009834902361035347,0.015568403527140617,0.008522512391209602,0.009873784147202969,,,,,,,,,,,,,,,,,,,,,,,,,,
1980-12-01,,,0.012285932898521423,0.011134171858429909,,0.012493256479501724,,0.021213741973042488,0.010315093211829662,0.022290736436843872,0.012285932898521423,,,,,,,,,,,,,,,,,,,,,,,,,,
1981-03-01,,,0.014538665302097797,0.01526030246168375,,0.009567740373313427,,0.00981551967561245,0.014538665302097797,0.021419372409582138,0.007262794300913811,,,,,,,,,,,,,,,,,,,,,,,,,,
1981-06-01,,,0.011912962421774864,-0.02474946901202202,-0.019833285361528397,0.00330650364048779,-0.018435446545481682,-0.005547893699258566,0.02070724591612816,-0.018586523830890656,0.01594231091439724,,,,,,,,,,,,,,,,,,,,,,,,,,
1981-09-01,,,0.06514198333024979,0.016265297308564186,-0.02940688468515873,-0.0028232692275196314,0.05611862614750862,0.01389210857450962,0.026287931948900223,0.03125392645597458,0.0664680153131485,,,,,,,,,,,,,,,,,,,,,,,,,,
1981-12-01,,,0.028057144954800606,0.023924807086586952,-0.07153068482875824,0.0310243871062994,-0.00425335206091404,0.009296420030295849,0.031101670116186142,0.02301221527159214,0.013992810621857643,,,,,,,,,,,,,,,,,,,,,,,,,,
1982-03-01,,,0.024413490667939186,0.010186993516981602,0.0255320705473423,0.02658119611442089,0.009608651511371136,0.01492025051265955,0.020605923607945442,0.019043270498514175,0.018062835559248924,,,,,,,,,,,,,,,,,,,,,,,,,,
1982-06-01,,,0.016912613064050674,0.01138963270932436,0.00820248108357191,0.02048933133482933,0.00820248108357191,0.01918446645140648,0.02129160799086094,0.017811791971325874,0.02048933133482933,,,,,,,,,,,,,,,,,,,,,,,,,,
1982-09-01,,,0.016990022733807564,0.016990022733807564,0.005808001384139061,0.012812749482691288,0.005808001384139061,0.020808521658182144,0.023853512480854988,0.016990022733807564,0.016285864636301994,,,,,,,,,,,,,,,,,,,,,,,,,,
1982-12-01,,,0.033817000687122345,0.008775894530117512,0.032627005130052567,0.008546151220798492,0.020244166254997253,0.01002828124910593,0.015218539163470268,0.010883190669119358,0.010152358561754227,,,,,,,,,,,,,,,,,,,,,,,,,,
1983-03-01,,,0.0117452098056674,0.0117452098056674,0.015084377489984035,0.01892721839249134,0.01892721839249134,-0.0023859431967139244,0.007071943487972021,0.007071943487972021,-0.0023859431967139244,,,,,,,,,,,,,,,,,,,,,,,,,,
1983-06-01,,,0.007879722863435745,0.007357126567512751,0.00762347225099802,0.014248132705688477,0.013933425769209862,0.016931932419538498,0.005201365333050489,0.003769153729081154,0.013933425769209862,,,,,,,,,,,,,,,,,,,,,,,,,,
1983-09-01,,,0.00543484790250659,0.0009841276332736015,-0.012700389139354229,0.018157431855797768,0.006851161364465952,0.028474563732743263,-0.01850697211921215,-0.004331712611019611,-0.009742002002894878,,,,,,,,,,,,,,,,,,,,,,,,,,
1983-12-01,,,-0.00395232392475009,0.003330251667648554,-0.005685335956513882,-0.018907835707068443,-0.006272884551435709,-0.00789846945554018,-0.03179560601711273,0.04574194550514221,-0.039442408829927444,,,,,,,,,,,,,,,,,,,,,,,,,,
1984-03-01,,,0.041899263858795166,0.03058008849620819,-0.016849905252456665,0.10979825258255005,-0.031226597726345062,0.01851927675306797,-0.013054233975708485,-0.004266408272087574,0.01926659420132637,,,,,,,,,,,,,,,,,,,,,,,,,,
1984-06-01,-0.010835354216396809,0.015577961690723896,0.0262584425508976,0.02025681547820568,0.043295081704854965,0.07554060965776443,0.0502338744699955,0.04606331139802933,0.008020186796784401,0.02007090486586094,0.020756827667355537,0.009886807762086391,0.014343400485813618,,,,,,,,,,,,,,,,,,,,,,,,
1984-09-01,0.032776471227407455,0.03070356696844101,0.039422646164894104,0.03070356696844101,0.039422646164894104,0.023086678236722946,0.03070356696844101,0.03627808392047882,0.03070356696844101,0.03627808392047882,0.03627808392047882,0.03070356696844101,0.03070356696844101,,,,,,,,,,,,,,,,,,,,,,,,
1984-12-01,-0.026008525863289833,0.015913579612970352,0.03893247991800308,0.03493764251470566,-0.04929795488715172,-0.006480248179286718,0.0337272547185421,0.03916424885392189,-0.002986993407830596,0.057525884360075,-0.0049970331601798534,0.005458354949951172,0.033046942204236984,,,,,,,,,,,,,,,,,,,,,,,,
1985-03-01,0.02709953673183918,0.026754701510071754,0.029319332912564278,-0.01092359609901905,0.010062545537948608,0.019765837118029594,0.026754701510071754,0.022570360451936722,0.02131788432598114,0.030314438045024872,0.02515164576470852,0.025851810351014137,0.02709953673183918,,,,,,,,,,,,,,,,,,,,,,,,
1985-06-01,0.024566277861595154,0.024566277861595154,0.0199301615357399,-0.013120890595018864,0.03941507637500763,0.021202057600021362,0.019916927441954613,0.03209477290511131,0.03729412332177162,0.033312588930130005,0.04160104691982269,0.03255730867385864,0.024566277861595154,,,,,,,,,,,,,,,,,,,,,,,,
1985-09-01,0.023010652512311935,0.023010652512311935,0.03706898167729378,0.023010652512311935,0.025030652061104774,0.024236811324954033,0.023010652512311935,0.015451192855834961,0.03137067332863808,0.039956234395504,0.03320080041885376,0.023010652512311935,0.023010652512311935,,,,,,,,,,,,,,,,,,,,,,,,
1985-12-01,0.03973803296685219,0.03973803296685219,0.03550327941775322,0.03973803296685219,0.047611113637685776,0.03973803296685219,0.07370789349079132,0.02662024088203907,0.043560512363910675,0.04468734562397003,0.04233131557703018,0.04012460634112358,0.03973803296685219,,,,,,,,,,,,,,,,,,,,,,,,
1986-03-01,0.04070468246936798,0.03954368084669113,0.043936923146247864,0.04070468246936798,0.043813399970531464,0.0420706570148468,0.03950530290603638,0.03965215012431145,0.04070468246936798,0.04070468246936798,0.03795544430613518,0.04070468246936798,0.04070468246936798,,,,,,,,,,,,,,,,,,,,,,,,
1986-06-01,0.03914598375558853,0.03834029287099838,0.041586220264434814,0.03914598375558853,0.033383287489414215,0.031136328354477882,0.04131065309047699,0.04039059206843376,0.04131065309047699,0.03914598375558853,0.03821728378534317,0.03914598375558853,0.03914598375558853,,,,,,,,,,,,,,,,,,,,,,,,
1986-09-01,0.0399150475859642,0.0399150475859642,0.044308509677648544,0.04040372371673584,0.05684579908847809,0.028256671503186226,0.05476077273488045,0.03227303922176361,0.04158585146069527,0.04709392413496971,0.03227303922176361,0.0399150475859642,0.04445147514343262,,,,,,,,,,,,,,,,,,,,,,,,
1986-12-01,0.03893560543656349,0.038871753960847855,0.04098781570792198,0.03916969522833824,0.045208901166915894,0.03488461673259735,0.041068412363529205,0.030181512236595154,0.03166820853948593,0.04680759087204933,0.03447095677256584,0.039502374827861786,0.036559026688337326,,,,,,,,,,,,,,,,,,,,,,,,
1987-03-01,0.04401157796382904,0.04340805485844612,0.04826982319355011,0.04350214824080467,0.0709509402513504,0.04720523580908775,0.05042684078216553,0.04484834149479866,0.038922179490327835,0.04908064752817154,0.04908064752817154,0.04350214824080467,0.04315994679927826,,,,,,,,,,,,,,,,,,,,,,,,
1987-06-01,0.05967867746949196,0.04607389494776726,0.04660312086343765,0.04648645594716072,0.04786579683423042,0.03668695688247681,0.04238343611359596,0.049164947122335434,0.044449929147958755,0.04698944464325905,0.049164947122335434,0.04648645594716072,0.04607389494776726,,,,,,,,,,,,,,,,,,,,,,,,
1987-09-01,0.05508419871330261,0.057854630053043365,0.05630042403936386,0.05557955801486969,0.050639670342206955,0.050446730107069016,0.03283381834626198,0.051007695496082306,0.028604889288544655,0.04740468040108681,0.043843451887369156,0.055448975414037704,0.057854630053043365,,,,,,,,,,,,,,,,,,,,,,,,
1987-12-01,0.04258836805820465,0.04358673468232155,0.04955562204122543,0.04636691138148308,0.04579595848917961,0.024877425283193588,0.024768177419900894,0.024877425283193588,0.024768177419900894,0.04636691138148308,0.04085323587059975,0.04636691138148308,0.04258836805820465,,,,,,,,,,,,,,,,,,,,,,,,
1988-03-01,0.04219403490424156,0.04219403490424156,0.044009044766426086,0.040952734649181366,0.054868996143341064,0.04613514989614487,0.036593787372112274,0.040952734649181366,0.027963213622570038,0.040952734649181366,0.040952734649181366,0.04219403490424156,0.04219403490424156,,,,,,,,,,,,,,,,,,,,,,,,
1988-06-01,0.05076151713728905,0.05076151713728905,0.05198673903942108,0.05076151713728905,0.06265874952077866,0.052386801689863205,0.039459507912397385,0.05076151713728905,0.039459507912397385,0.04342134669423103,0.05076151713728905,0.05076151713728905,0.05076151713728905,,,,,,,,,,,,,,,,,,,,,,,,
1988-09-01,0.04838012531399727,0.04774843528866768,0.049403440207242966,0.04838012531399727,0.04193349927663803,0.05760958045721054,0.034775275737047195,0.05056844651699066,0.03573258966207504,0.04838012531399727,0.05072881281375885,0.04838012531399727,0.04774843528866768,,0.05330735072493553,,,,,,,,,,,,,,,,,,,,,,
1988-12-01,0.05002640560269356,0.041360337287187576,0.04884330555796623,0.04953818768262863,0.050481755286455154,0.043988995254039764,0.046231459826231,0.04953818768262863,0.047329023480415344,0.05002640560269356,0.04884330555796623,0.05002640560269356,0.041360337287187576,,0.043703190982341766,,,,,,,,,,,,,,,,,,,,,,
1989-03-01,0.042661700397729874,0.038553692400455475,0.038553692400455475,0.038553692400455475,0.043479520827531815,0.038553692400455475,0.03839859738945961,0.038553692400455475,0.03839859738945961,0.042661700397729874,0.042661700397729874,0.042661700397729874,0.038553692400455475,,0.042661700397729874,,,,,,,,,,,,,,,,,,,,,,
1989-06-01,0.03986760228872299,0.0437178835272789,0.04404430836439133,0.04026275873184204,0.03931489586830139,0.03902250900864601,0.04315544664859772,0.04207692667841911,0.03577074036002159,0.041064027696847916,0.041459184139966965,0.041064027696847916,0.04026275873184204,,0.056255754083395004,,,,,,,,,,,,,,,,,,,,,,
1989-09-01,0.025934575125575066,0.04192380979657173,0.05129982903599739,0.034198664128780365,0.029834408313035965,0.01861557923257351,0.034227438271045685,0.015407562255859375,0.023239197209477425,0.03870803862810135,0.056807249784469604,0.03870803862810135,0.03944984823465347,,0.048582009971141815,,,,,,,,,,,,,,,,,,,,,,
1989-12-01,0.03467756137251854,0.03467756137251854,0.041049446910619736,0.033544205129146576,0.03734089061617851,0.023504914715886116,0.04050016775727272,0.03467756137251854,0.03797058016061783,0.041049446910619736,0.03467756137251854,0.04023044928908348,0.03467756137251854,,0.042454011738300323,0.041049446910619736,,,,,,,,,,,,,,,,,,,,,
1990-03-01,0.02518497221171856,0.03917475789785385,0.04518478736281395,0.03917475789785385,0.039638910442590714,0.025802934542298317,0.04065074771642685,0.03917475789785385,0.04065074771642685,0.040848080068826675,0.04077371209859848,0.04077371209859848,0.03917475789785385,,0.04077371209859848,0.045352041721343994,,,,,,,,,,,,,,,,,,,,,
1990-06-01,0.0391753725707531,0.05118323117494583,0.04880107566714287,0.04850468412041664,0.04112802818417549,0.027292054146528244,0.044236041605472565,0.04850468412041664,0.042353834956884384,0.04442552104592323,0.0469529926776886,0.044129129499197006,0.05118323117494583,,0.057210709899663925,0.04425761476159096,,,,,,,,,,,,,,,,,,,,,
1990-09-01,0.041597820818424225,0.041597820818424225,0.06538441777229309,0.05468714237213135,0.05951117351651192,0.010414944030344486,0.05389470234513283,0.041597820818424225,0.05389470234513283,0.08301560580730438,0.053685303777456284,0.05070580914616585,0.041597820818424225,,0.08301560580730438,0.04827921837568283,,,,,,,,,,,,,,,,,,,,,
1990-12-01,0.04828130453824997,0.04828130453824997,0.05461081489920616,0.050402313470840454,0.04850729927420616,0.04828130453824997,0.04991040378808975,0.04828130453824997,0.04991040378808975,0.04890316724777222,0.05241241678595543,0.04890316724777222,0.04828130453824997,,0.050402313470840454,0.050402313470840454,,,,,,,,,,,,,,,,,,,,,
1991-03-01,0.046342186629772186,0.046342186629772186,0.050871022045612335,0.046342186629772186,0.048470836132764816,0.04822972044348717,0.05099886655807495,0.046342186629772186,0.05099886655807495,0.03995997831225395,0.050871022045612335,0.03807244449853897,0.046342186629772186,,0.04974772781133652,0.05389177426695824,,,,,,,,,,,,,,,,,,,,,
1991-06-01,0.06589489430189133,0.04790150746703148,0.06958814710378647,0.04483014717698097,0.07809445261955261,0.006852596998214722,0.04790150746703148,0.0530850887298584,0.019915230572223663,0.04142632707953453,0.03104986622929573,0.06237807124853134,0.06650955975055695,,0.03104986622929573,0.02426978386938572,,,,,,,,,,,,,,,,,,,,,
1991-09-01,0.059821050614118576,0.04451362043619156,0.03901859000325203,0.059821050614118576,0.05846194177865982,0.05315665528178215,0.03901859000325203,0.04026424512267113,0.04451362043619156,0.05008343607187271,0.0305794607847929,0.04451362043619156,0.04451362043619156,,0.03901859000325203,0.07452541589736938,,,,,,,,,,,,,,,,,,,,,
1991-12-01,0.035166554152965546,0.035166554152965546,0.02115693874657154,0.02115693874657154,0.037762586027383804,0.0375279076397419,0.035166554152965546,0.02115693874657154,0.035166554152965546,0.04075201600790024,0.036290355026721954,0.035166554152965546,0.035166554152965546,,0.02115693874657154,0.03828934580087662,,,,,,,,,,,,,,,,,,,,,
1992-03-01,0.043541327118873596,0.0379829965531826,0.03268539160490036,0.03268539160490036,0.05239315703511238,0.043541327118873596,0.04344576224684715,0.026109011843800545,0.039140474051237106,0.042000602930784225,0.03258843719959259,0.03898805379867554,0.03898805379867554,,0.029347751289606094,0.043596651405096054,,,,,,,,,,,,,,,,,,,,,
1992-06-01,0.039908722043037415,0.039908722043037415,0.043054841458797455,0.03688504919409752,0.05360212177038193,0.026664523407816887,0.043669797480106354,0.0432051420211792,0.03705752640962601,0.0468599870800972,0.0399027019739151,0.04064192995429039,0.039440810680389404,,0.03688504919409752,0.033265650272369385,,,,,,0.04046059772372246,,,,,,,,,,,,,,,
1992-09-01,0.035429202020168304,0.035429202020168304,0.037017740309238434,0.037333760410547256,0.051852960139513016,0.027620829641819,0.037017740309238434,0.03901444002985954,0.028310853987932205,0.027859743684530258,0.03610735759139061,0.035429202020168304,0.035429202020168304,,0.03020576573908329,0.04307575151324272,,,,,,0.03244122862815857,,,,,,,,,,,,,,,
1992-12-01,0.034620221704244614,0.03416100889444351,0.035490650683641434,0.03715306520462036,0.049891989678144455,0.06632693111896515,0.031934887170791626,0.03301655873656273,0.004675449803471565,0.05852756276726723,0.031545188277959824,0.034620221704244614,0.035624921321868896,,0.004512480925768614,0.034541722387075424,,,,,,0.07125167548656464,,,,,,,,,,,,,,,
1993-03-01,0.038517940789461136,0.038517940789461136,0.05380630120635033,0.038517940789461136,0.040196992456912994,0.037115514278411865,0.038517940789461136,0.038331616669893265,0.03896051645278931,0.04085635393857956,0.038517940789461136,0.038517940789461136,0.038517940789461136,,0.038517940789461136,0.02578531578183174,,,,,,0.034718383103609085,0.05940161272883415,,,,,,,,,,,,,,
1993-06-01,0.03235198184847832,0.03235198184847832,0.0635971650481224,0.03219117969274521,0.040777090936899185,0.052583757787942886,0.033908337354660034,0.054148342460393906,-0.040339015424251556,0.04055178910493851,0.026565128937363625,0.03235198184847832,0.03637932240962982,,0.03245256468653679,-0.03992195054888725,,,,,,0.053631555289030075,0.08849223703145981,,,,,,,,,,,,,,
1993-09-01,0.03831041604280472,0.03941464051604271,0.04997006058692932,0.03831041604280472,0.039450421929359436,0.049572765827178955,0.03831041604280472,0.0395343191921711,0.0395343191921711,0.039240557700395584,0.0395343191921711,0.03831041604280472,0.03941464051604271,,0.03831041604280472,0.006110557354986668,,,,,,0.049572765827178955,0.0349150151014328,,,,,,,,,,,,,,
1993-12-01,0.039088454097509384,0.039088454097509384,0.050799522548913956,0.039088454097509384,0.03412208706140518,0.050799522548913956,0.039088454097509384,0.039088454097509384,0.039088454097509384,0.039088454097509384,0.039088454097509384,0.039088454097509384,0.037734001874923706,,0.039088454097509384,0.0051599410362541676,,,,,,0.03578777611255646,0.0051599410362541676,,,,,,,,,,,,,,
1994-03-01,0.03573473542928696,0.019623730331659317,0.05083734169602394,0.03221661597490311,0.07063809037208557,0.03602622449398041,0.04655776545405388,0.024857448413968086,0.03883735463023186,0.037012722343206406,0.026003029197454453,0.0317743644118309,0.03756774589419365,,0.037012722343206406,0.03906826302409172,,,,,,0.05505778640508652,0.06670579314231873,,,,,,,,,,,,,,
1994-06-01,0.04101644828915596,0.041032884269952774,0.051449500024318695,0.040887851268053055,0.04231112822890282,0.051449500024318695,0.04106727987527847,0.04089872166514397,0.03710673376917839,0.041000012308359146,0.03726775571703911,0.03925212100148201,0.041032884269952774,,0.041000012308359146,0.04835851117968559,,,,,,0.04092072322964668,0.02830192819237709,,,,,,,,,,,,,,
1994-09-01,0.036414727568626404,0.03987300395965576,0.05672936514019966,0.036414727568626404,0.05773397907614708,0.041912585496902466,0.04063287377357483,0.036414727568626404,0.03987300395965576,0.03987300395965576,0.03987300395965576,0.037665851414203644,0.03987300395965576,,0.036414727568626404,0.07728799432516098,,,,,,0.05199381336569786,0.059818822890520096,,,,,,,,,,,,,,
1994-12-01,0.04004627466201782,0.040659382939338684,0.0548471175134182,0.03822040557861328,0.10603027045726776,0.04899147152900696,0.04588678479194641,0.04008834809064865,0.0358300544321537,0.045414187014102936,0.03833535313606262,0.04008834809064865,0.04008834809064865,,0.057056721299886703,0.025263166055083275,,,,,,0.04714502766728401,0.02832406386733055,,,,,,,,,,,,,,
1995-03-01,0.043091293424367905,0.040588684380054474,0.043091293424367905,0.04471442848443985,0.09501755982637405,0.03664182126522064,0.04430686682462692,0.043091293424367905,0.03644416853785515,0.040588684380054474,0.043091293424367905,0.040588684380054474,0.043091293424367905,,0.04704347252845764,0.07025797665119171,,,,,,0.04430686682462692,0.019908055663108826,,,,,,,,,,,,,,
1995-06-01,0.03881622478365898,0.03849292919039726,0.03849292919039726,0.02613973617553711,0.04664342477917671,0.037748824805021286,0.0419827438890934,0.03881622478365898,0.03204737603664398,0.029824379831552505,0.03518304601311684,0.03849292919039726,0.03849292919039726,,0.04254475608468056,0.03634414076805115,,,,,,0.037827298045158386,0.035997722297906876,,,,,,,,,,,,,,
1995-09-01,0.03479847311973572,0.03643672913312912,0.04062299802899361,0.03341781720519066,0.05621965229511261,0.04553934931755066,0.03896268457174301,0.037607550621032715,0.033803947269916534,0.03341781720519066,0.03740689158439636,0.03351656347513199,0.04053948447108269,,0.03834150359034538,0.04305165261030197,,,,,,0.027258815243840218,0.012699377723038197,,,,0.03833475336432457,,,,,,,,,,
1995-12-01,0.03538399934768677,0.031795237213373184,0.03538399934768677,0.030800487846136093,0.042117610573768616,0.026607053354382515,0.03915218263864517,0.03538399934768677,0.026607053354382515,0.026607053354382515,0.030800487846136093,0.031795237213373184,0.012563904747366905,,0.03538399934768677,0.04138385131955147,,,,,,0.013152879662811756,,,,,0.09263588488101959,,,,,,,,,,
1996-03-01,0.024331483989953995,0.040876127779483795,0.03384944424033165,0.016395386308431625,0.040876127779483795,0.024331483989953995,0.024331483989953995,0.03384944424033165,0.024331483989953995,0.024331483989953995,0.03384944424033165,0.029070856049656868,0.005798937752842903,,0.03407220169901848,0.005706323776394129,,,,,,0.004106420092284679,,,,,0.03598960116505623,,,,,,,,,,
1996-06-01,0.03166807070374489,0.0304728914052248,0.0304728914052248,0.02944476157426834,0.032419610768556595,0.0304728914052248,0.02944476157426834,0.029070507735013962,0.024194341152906418,0.02886233665049076,0.0302647203207016,0.0304728914052248,0.02321820892393589,,0.0304728914052248,0.023017460480332375,,,,,,0.022818971425294876,0.029462546110153198,,,,0.012883512303233147,,,,,,,,,,
1996-09-01,0.031119057908654213,0.03101344220340252,0.03101344220340252,0.012938831932842731,0.046360407024621964,0.03101344220340252,0.012938831932842731,0.031052766367793083,0.027926912531256676,0.026817750185728073,0.028120430186390877,0.03101344220340252,0.031052766367793083,,0.03101344220340252,0.04537658765912056,,,,,,0.003644214943051338,0.03337673097848892,,,,0.053336597979068756,,,,,,,,,,
1996-12-01,0.03638329729437828,0.03638329729437828,0.035908035933971405,0.035171009600162506,0.0442817397415638,0.03249451890587807,0.03249451890587807,0.03638329729437828,0.03249451890587807,0.026235859841108322,0.03645699471235275,0.03623508661985397,0.03638329729437828,,0.0321674682199955,0.04146904498338699,,,,,,0.03601839393377304,0.008452883921563625,,,,0.05772113427519798,,,,,,,,,,
1997-03-01,0.03507498651742935,0.03507498651742935,0.03507498651742935,0.03363234922289848,0.058014240115880966,0.03507498651742935,0.03363234922289848,0.03507498651742935,0.03363234922289848,0.03363234922289848,0.03507498651742935,0.03507498651742935,0.03363234922289848,,0.03507498651742935,0.03791404142975807,,,,,,0.058014240115880966,0.0316397026181221,,,,0.058014240115880966,,,,,,,,,,
1997-06-01,0.033331967890262604,0.033331967890262604,0.0351775623857975,0.032523978501558304,0.05647236481308937,0.033331967890262604,0.033331967890262604,0.033331967890262604,0.032523978501558304,0.033331967890262604,0.02976178377866745,0.033331967890262604,0.046507637947797775,,0.033331967890262604,0.041982755064964294,,,,,,0.033837370574474335,0.029058251529932022,,,,0.028816357254981995,0.05647236481308937,,,,,,,,,
1997-09-01,0.03144773840904236,0.029903262853622437,0.030666105449199677,0.028118815273046494,0.04005520045757294,0.029903262853622437,0.01889001950621605,0.029121633619070053,0.020434491336345673,0.029903262853622437,0.03144773840904236,0.029903262853622437,0.029663287103176117,,0.029121633619070053,0.0587911494076252,,,,,,0.028661925345659256,0.03309788554906845,,,,0.03350136801600456,0.041232749819755554,,,,,,,,,
1997-12-01,0.032756756991147995,0.032756756991147995,0.031972069293260574,0.028966659680008888,0.03561954200267792,0.032756756991147995,0.012345045804977417,0.031972069293260574,-0.00021905454923398793,0.028966659680008888,0.032756756991147995,,0.028966659680008888,,0.031972069293260574,0.05841010436415672,,,,,,0.03270620107650757,0.025834467262029648,,,,0.04343727231025696,0.057142212986946106,,,,,,,,,
1998-03-01,0.03174355998635292,0.03174355998635292,0.03174355998635292,0.011360131204128265,0.04118018224835396,0.03084125556051731,0.011360131204128265,0.024148622527718544,0.03174355998635292,0.03174355998635292,0.03084125556051731,,0.03174355998635292,0.03296543285250664,0.03084125556051731,0.027904944494366646,,,,,,0.02243897318840027,0.028589140623807907,,,,0.056752730160951614,0.033437903970479965,,,,,,,,,
1998-06-01,0.028000717982649803,0.025619976222515106,0.028000717982649803,0.020297573879361153,0.028170371428132057,0.020297573879361153,0.023117871955037117,0.02730213664472103,0.023117871955037117,0.028000717982649803,0.028000717982649803,,0.01639883778989315,0.029402773827314377,0.023724956437945366,0.05676225200295448,,,,,,0.020369824022054672,0.028000717982649803,,,,0.032687731087207794,0.030748384073376656,,,,,,,,,
1998-09-01,0.031395070254802704,0.024280358105897903,0.031395070254802704,0.024280358105897903,0.0047732749953866005,0.024280358105897903,0.031395070254802704,0.022336378693580627,0.031395070254802704,0.031395070254802704,0.031395070254802704,,0.031395070254802704,0.00847836583852768,0.031395070254802704,0.023058393970131874,,,,,,0.00847836583852768,0.031395070254802704,,,,0.034891337156295776,0.034891337156295776,,,,,,,,,
1998-12-01,0.033348266035318375,0.01995621807873249,0.033348266035318375,0.021222716197371483,0.033178552985191345,0.03303425386548042,0.033348266035318375,0.027448011562228203,0.033348266035318375,0.033348266035318375,0.033348266035318375,,0.025686778128147125,0.01058338675647974,0.033348266035318375,0.04072912037372589,,,,,,0.033348266035318375,0.034081120043992996,,,,0.04076153412461281,0.033348266035318375,,,,,,,,,
1999-03-01,0.039790716022253036,0.033762313425540924,0.033762313425540924,0.019655192270874977,0.0401555635035038,0.039790716022253036,0.039790716022253036,0.0401555635035038,0.039790716022253036,0.039790716022253036,0.039790716022253036,,0.02530311420559883,0.015603898093104362,0.039790716022253036,0.04336271435022354,,,,,,0.027028024196624756,0.04720678552985191,,,,0.04725814610719681,0.039790716022253036,,,,,,,,,
1999-06-01,0.04627586528658867,0.022832371294498444,0.033176396042108536,0.022832371294498444,0.033176396042108536,0.022832371294498444,0.03816362842917442,0.033176396042108536,0.04153735935688019,0.04545791074633598,0.048122137784957886,,0.04545791074633598,0.03816362842917442,0.04545791074633598,0.050976961851119995,,,,,,0.022364798933267593,0.04327993467450142,,,,0.0348363071680069,0.04545791074633598,,,,,,,,,
1999-09-01,0.04374367743730545,0.030605800449848175,0.0375608392059803,0.030605800449848175,0.038214921951293945,0.03994559869170189,0.04374367743730545,0.043335214257240295,0.04374367743730545,0.04374367743730545,0.04400309547781944,,0.04374367743730545,0.03794638067483902,0.04331890493631363,0.054050229489803314,,,,,,0.030605800449848175,0.0432736761868,,,,0.030605800449848175,0.0432736761868,,,,,,,,,
1999-12-01,0.038868993520736694,0.033174023032188416,0.033174023032188416,0.038868993520736694,0.02719307132065296,0.038868993520736694,0.038868993520736694,0.02719307132065296,0.038868993520736694,0.038868993520736694,0.038868993520736694,,0.038868993520736694,0.03515784814953804,0.038868993520736694,0.04214021936058998,,,,,,0.02719307132065296,0.04570143669843674,,,,0.02719307132065296,0.038868993520736694,,,,,,,,,
2000-03-01,0.04535062238574028,0.04647981747984886,0.039862312376499176,0.04278957098722458,0.04647981747984886,0.04403401538729668,0.06990019977092743,0.04647981747984886,0.04535062238574028,0.046293605118989944,0.04535062238574028,,0.039862312376499176,0.03907468169927597,0.04535062238574028,0.05761150270700455,,,,,,0.026647290214896202,0.05761150270700455,,,,0.041205231100320816,0.04655442759394646,0.042301762849092484,,,,,,,,
2000-06-01,0.044069960713386536,0.038768816739320755,0.038768816739320755,0.03728621080517769,0.037962377071380615,0.038768816739320755,0.056170184165239334,0.05513294041156769,0.044467851519584656,0.044069960713386536,0.04397415742278099,,0.044069960713386536,0.05309479683637619,0.04397415742278099,0.03576871380209923,,,,,,0.03524807095527649,0.05178645998239517,,,,0.022566350176930428,0.04331890493631363,0.0234267245978117,,,,,,,,
2000-09-01,0.03626317158341408,0.03626317158341408,0.03626317158341408,0.03243885934352875,-0.001560230739414692,0.03626317158341408,0.042343951761722565,0.03861459344625473,0.042343951761722565,0.0216847974807024,0.03626317158341408,,0.042343951761722565,0.03756360337138176,0.03626317158341408,0.0779297798871994,,,,,,0.020675964653491974,0.06993715465068817,,,,0.020675964653491974,0.03243885934352875,0.03243885934352875,,,,,,,,
2000-12-01,0.03551241755485535,0.03642798960208893,0.03932435065507889,0.030728314071893692,0.017507880926132202,0.042970798909664154,0.03932435065507889,0.03551241755485535,0.03932435065507889,0.03932435065507889,0.03642798960208893,,0.038068585097789764,0.04301636666059494,0.03551241755485535,0.048645973205566406,,,,,,0.01849057897925377,0.03812233731150627,,,,0.01849057897925377,0.033439405262470245,0.030728314071893692,,,,,,,,
2001-03-01,0.039952050894498825,0.039952050894498825,0.039952050894498825,0.039952050894498825,0.039952050894498825,0.039952050894498825,0.04151242598891258,0.039952050894498825,0.04689910635352135,0.039952050894498825,0.04505201429128647,,0.039952050894498825,0.05025437846779823,0.039952050894498825,0.0531175322830677,,,,,,0.03782404586672783,0.06644008308649063,,,,0.03782404586672783,0.04689910635352135,0.039952050894498825,,,,,,,,
2001-06-01,0.04016375541687012,0.04016375541687012,0.04057209566235542,0.04016375541687012,0.04057209566235542,0.04057209566235542,0.049621567130088806,0.04016375541687012,0.06578411906957626,0.04057209566235542,0.04016375541687012,,0.041981399059295654,0.041981399059295654,0.04016375541687012,0.04057209566235542,,,,,,0.044410351663827896,0.07832151651382446,,,,0.050208091735839844,0.04209818318486214,0.04057209566235542,,,,,,,,
2001-09-01,0.03428080305457115,0.03428080305457115,0.03817778825759888,0.034720469266176224,0.03735256567597389,0.03817778825759888,0.034720469266176224,0.03428080305457115,0.0436701774597168,0.03861745446920395,0.01509577315300703,,0.03381882235407829,0.03707936033606529,0.026417028158903122,0.07296089828014374,,,,,,0.028477443382143974,0.03428080305457115,,,,0.03977493941783905,0.02888815477490425,0.03817778825759888,,,,,,,,
2001-12-01,0.03833380714058876,0.03833380714058876,0.04299687594175339,0.03833380714058876,0.04299687594175339,0.03447853773832321,0.04299687594175339,0.03833380714058876,0.04299687594175339,0.04299687594175339,0.04299687594175339,,0.03833380714058876,0.03833380714058876,0.041819579899311066,0.07607773691415787,,,,,,0.04299687594175339,0.04299687594175339,,,,0.01627904362976551,0.04299687594175339,0.04299687594175339,,,,,,,,
2002-03-01,0.03391437605023384,0.033826813101768494,0.03813067451119423,0.028906116262078285,0.03760763257741928,0.03813067451119423,0.03391437605023384,0.03391437605023384,0.03725104033946991,0.03813067451119423,0.03391437605023384,,0.03391437605023384,0.06661655753850937,-0.010488453321158886,0.03813067451119423,,,,,,0.041862860321998596,0.03252488374710083,,,,0.037398193031549454,0.03813067451119423,0.03914303705096245,,,,,,,,
2002-06-01,0.029105963185429573,0.03408006206154823,0.03408006206154823,0.03408006206154823,0.027015194296836853,0.03408006206154823,0.029105963185429573,0.029105963185429573,0.029570022597908974,0.029105963185429573,0.029105963185429573,,0.03408006206154823,0.06591593474149704,0.029105963185429573,0.03008558228611946,,,,,,0.03408006206154823,0.013700290583074093,,,,0.036135826259851456,0.0392400361597538,0.03408006206154823,,,,,,,,
2002-09-01,0.021154318004846573,-0.07677890360355377,0.03499973937869072,0.04946316033601761,0.03499973937869072,0.03499973937869072,0.03499973937869072,0.030140405520796776,0.03499973937869072,0.03250395134091377,0.030140405520796776,,0.03499973937869072,0.030140405520796776,-0.10090001672506332,0.04424826055765152,,,,,,0.04946316033601761,0.030140405520796776,,,,0.04003765061497688,0.04039992392063141,0.04946316033601761,0.05598829686641693,,,,,,,
2002-12-01,0.027252504602074623,0.027252504602074623,0.027252504602074623,0.03581397235393524,0.034257132560014725,0.027252504602074623,0.027252504602074623,0.022580357268452644,0.027252504602074623,-0.011196405626833439,0.022580357268452644,,0.027252504602074623,-0.03490273281931877,0.022580357268452644,0.039155226200819016,,,,,,0.027252504602074623,0.02976546809077263,,,,0.02725684456527233,0.02976546809077263,0.05223847180604935,0.05223847180604935,,,,,,,
2003-03-01,0.02390354871749878,0.028604397550225258,0.028604397550225258,0.06877446174621582,0.016623318195343018,0.028604397550225258,0.028604397550225258,0.02390354871749878,0.028604397550225258,0.017095236107707024,0.02390354871749878,,0.028604397550225258,0.017174387350678444,0.02390354871749878,0.028604397550225258,,,,,,0.028604397550225258,0.018770191818475723,,,,0.028604397550225258,0.03867456689476967,0.059732452034950256,0.059732452034950256,,,,,,,
2003-06-01,0.027705786749720573,0.027705786749720573,0.027705786749720573,0.06789456307888031,0.01662883535027504,0.027705786749720573,0.027975892648100853,0.02365863136947155,0.01689894124865532,0.013319822028279305,0.02365863136947155,,0.027705786749720573,0.05501843988895416,0.01644449681043625,0.03606269508600235,,,,,,0.027705786749720573,0.013319822028279305,,,,0.027705786749720573,0.03606269508600235,0.06504122912883759,0.07637259364128113,,,,,,,
2003-09-01,0.01622185856103897,0.019926926121115685,0.01622185856103897,0.060196273028850555,0.019555624574422836,0.019926926121115685,0.01622185856103897,0.01622185856103897,0.020863749086856842,0.01622185856103897,0.01622185856103897,,0.019926926121115685,-0.005228210240602493,0.007568930741399527,0.019011421129107475,,,,,,0.019926926121115685,0.026548558846116066,,,,0.047125138342380524,0.021706920117139816,0.010017845779657364,0.06416182219982147,,,,,,,
2003-12-01,0.015208386816084385,0.015208386816084385,0.015208386816084385,0.015208386816084385,0.015208386816084385,0.015208386816084385,0.012058978900313377,0.010029252618551254,0.01524287462234497,-0.0004147092695347965,0.012058978900313377,,0.015208386816084385,-0.014461491256952286,0.010029252618551254,-0.0004147092695347965,,,,,,0.015208386816084385,-0.007675562985241413,,,,-0.01602848432958126,0.015208386816084385,0.003578118048608303,0.009406978264451027,,,,,,,
2004-03-01,0.01586836390197277,0.013741417787969112,0.017708364874124527,0.017708364874124527,0.011829011142253876,0.017708364874124527,0.012437306344509125,0.011901411227881908,0.031114470213651657,0.012437306344509125,0.012437306344509125,,0.017708364874124527,-0.012099315412342548,0.00869797170162201,0.011901411227881908,,,,,,0.013741417787969112,0.011901411227881908,,,,0.011962417513132095,0.025957586243748665,0.01868513971567154,0.010117816738784313,,,,,,,
2004-06-01,0.011070553213357925,0.014178339391946793,0.014178339391946793,0.014202266931533813,0.022976769134402275,0.014178339391946793,0.011046625673770905,0.005437529645860195,0.014178339391946793,0.009832904674112797,0.009832904674112797,,0.014178339391946793,0.0009935232810676098,0.005437529645860195,0.00323418783955276,,,,,,0.014178339391946793,0.007629563100636005,,,,0.014178339391946793,0.014178339391946793,-0.015045521780848503,0.01113895419985056,,,,,,,
2004-09-01,0.01446126215159893,0.020884474739432335,0.020884474739432335,0.020884474739432335,0.016226503998041153,0.020884474739432335,0.01446126215159893,0.01958763599395752,0.020884474739432335,0.01446126215159893,0.01446126215159893,,0.020884474739432335,0.01958763599395752,0.01958763599395752,-0.010739567689597607,,,,,,0.020884474739432335,-0.010739567689597607,,,,0.020884474739432335,0.020884474739432335,-0.012673646211624146,0.018540820106863976,,,,,,,
2004-12-01,0.014785806648433208,0.021198218688368797,0.018906578421592712,0.021198218688368797,0.01362441387027502,0.021198218688368797,0.018906578421592712,0.014785806648433208,0.031613271683454514,0.014785806648433208,0.014785806648433208,,0.021198218688368797,-0.00413872953504324,0.01163501013070345,0.01163501013070345,,,,,,0.021198218688368797,0.0002533592632971704,,,,0.018906578421592712,0.021198218688368797,0.02158193849027157,0.021198218688368797,0.01362441387027502,,,,,,
2005-03-01,0.01270656194537878,0.02004201151430607,0.01270656194537878,0.02004201151430607,0.01313543040305376,0.02004201151430607,-0.016685739159584045,0.01270656194537878,0.025587989017367363,0.01270656194537878,0.01270656194537878,,0.02004201151430607,0.016121530905365944,0.01270656194537878,0.01270656194537878,,,,,,0.02004201151430607,0.01270656194537878,,,,0.02004201151430607,0.02004201151430607,0.020213542506098747,0.02004201151430607,0.01313543040305376,,,,,,
2005-06-01,0.015162905678153038,0.01792277581989765,0.01792277581989765,0.021363383159041405,0.018688539043068886,0.01792277581989765,-0.006048193667083979,0.015162905678153038,0.01954546384513378,0.015162905678153038,0.015162905678153038,,0.01917543075978756,0.008947692811489105,0.011070922017097473,0.015238719061017036,,,,,,0.01792277581989765,0.015162905678153038,,,,0.01792277581989765,0.021363383159041405,0.05950995907187462,0.01954546384513378,-0.0007049095002003014,,,,,,
2005-09-01,0.014741086401045322,0.01684037782251835,0.014741086401045322,0.022395465523004532,0.018403688445687294,0.018321344628930092,-0.008058209903538227,0.014741086401045322,0.019884655252099037,0.014741086401045322,0.017186062410473824,,0.020034877583384514,-0.0030002002604305744,0.010889647528529167,0.00041708408389240503,,,,,,0.01570509374141693,0.014741086401045322,,,,0.017186062410473824,0.01814872957766056,0.059526585042476654,0.02218807302415371,0.018998602405190468,,,,,,
2005-12-01,0.0163942351937294,0.014435624703764915,0.011385918594896793,0.014091182500123978,0.014357701875269413,0.017051370814442635,-0.000701132055837661,0.011385918594896793,0.016820063814520836,0.011385918594896793,0.0163942351937294,,0.01658276654779911,-0.010522054508328438,0.011385918594896793,0.009789889678359032,,,,,,,0.017051370814442635,,,,0.013665357604622841,0.017051370814442635,-0.00325962551869452,0.017051370814442635,0.014357701875269413,0.014357701875269413,,,,,
2006-03-01,0.016784314066171646,0.005930900573730469,0.016784314066171646,0.020743852481245995,0.020107818767428398,0.021669955924153328,-0.017856884747743607,0.015245417132973671,0.020743852481245995,0.015245417132973671,0.016784314066171646,,0.016784314066171646,0.03499559685587883,0.015245417132973671,0.03446025773882866,,,,,,,0.016784314066171646,,,,0.016784314066171646,0.020743852481245995,-0.027477268129587173,0.020741956308484077,0.026956042274832726,0.0189994927495718,,0.009701315313577652,,,
2006-06-01,0.013192107900977135,0.009576824493706226,0.009576824493706226,0.014706229791045189,0.014763453975319862,0.013192107900977135,0.009576824493706226,0.009576824493706226,0.014706229791045189,0.009576824493706226,0.013192107900977135,,0.013192107900977135,0.01148325763642788,0.009576824493706226,0.010960379615426064,,,,,,,0.013134883716702461,,,,0.013192107900977135,0.008230544626712799,0.06528493016958237,0.014706229791045189,0.014763453975319862,0.014706229791045189,0.009576824493706226,0.014706229791045189,,,
2006-09-01,0.012364646419882774,-0.016205033287405968,-0.016205033287405968,0.012802857905626297,0.012802857905626297,0.012364646419882774,-0.005220653023570776,0.00801747478544712,0.012802857905626297,0.00801747478544712,0.012364646419882774,,0.012364646419882774,0.029264364391565323,0.00801747478544712,0.010466174222528934,,,,,,,0.012364646419882774,,,,0.012364646419882774,0.012802857905626297,0.07809266448020935,0.012802857905626297,0.012802857905626297,0.012802857905626297,0.00801747478544712,0.034592997282743454,,,
2006-12-01,0.005185873247683048,0.005185873247683048,0.005185873247683048,0.009464169852435589,0.009464169852435589,0.009464169852435589,-0.008135312236845493,0.005185873247683048,0.009464169852435589,0.005185873247683048,0.009464169852435589,,0.009464169852435589,-0.04426362365484238,0.005185873247683048,0.005185873247683048,,,,,,,0.009464169852435589,,,,0.009464169852435589,0.009464169852435589,-0.01644665002822876,0.010859970934689045,0.0102763706818223,0.009464169852435589,0.005185873247683048,0.009609404951334,,,
2007-03-01,0.0028526887763291597,,0.0028526887763291597,0.005406646989285946,0.007960263639688492,0.0028526887763291597,-0.008010417222976685,0.0028526887763291597,0.007960263639688492,0.0028526887763291597,0.005258302669972181,,0.002817129483446479,-0.014125240966677666,0.0028526887763291597,0.0028526887763291597,,,,,,,0.0028526887763291597,,,,0.0028526887763291597,0.007960263639688492,0.0022618472576141357,0.007960263639688492,0.007960263639688492,0.007960263639688492,0.0028526887763291597,0.009536230936646461,,,
2007-06-01,0.0038135407958179712,,0.0038135407958179712,0.007332467008382082,0.008604038506746292,0.0038135407958179712,0.0038135407958179712,0.0038135407958179712,0.007332467008382082,0.0038135407958179712,0.008604038506746292,,0.0038135407958179712,-0.014627105556428432,0.0038135407958179712,0.0038135407958179712,,,,,,,0.0038135407958179712,,,,0.0038135407958179712,0.008604038506746292,-0.015576311387121677,0.008604038506746292,0.008604038506746292,0.07757214456796646,0.0038135407958179712,0.008604038506746292,,,
2007-09-01,0.002159733325242996,,0.004343872889876366,0.0008047888404689729,0.008012054488062859,0.008012054488062859,-0.005380353890359402,0.002159733325242996,0.0008047888404689729,0.002159733325242996,0.008012054488062859,,0.002159733325242996,-0.046997930854558945,0.002159733325242996,0.0007113871979527175,,,,,,,0.008012054488062859,,,,0.0011725019430741668,0.008012054488062859,-0.018853673711419106,0.008012054488062859,0.008012054488062859,0.008012054488062859,0.002159733325242996,0.040812455117702484,,,
2007-12-01,0.004701573401689529,,0.004701573401689529,0.007224368397146463,0.009252755902707577,0.004701573401689529,-0.0025260592810809612,0.004701573401689529,0.007224368397146463,0.004701573401689529,0.009252755902707577,,0.004701573401689529,-0.04455258697271347,0.004701573401689529,0.003195978933945298,,,,,,,0.009252755902707577,,,,-0.0011071421904489398,0.009252755902707577,-0.01638970896601677,0.009252755902707577,0.009252755902707577,0.009252755902707577,0.004701573401689529,0.03811784088611603,,,
2008-03-01,0.007867461070418358,,0.007867461070418358,0.008897402323782444,0.01383055280894041,0.01383055280894041,-0.00012817716924473643,0.007867461070418358,0.01383055280894041,0.007867461070418358,0.01383055280894041,,0.007867461070418358,0.007867461070418358,-0.00012817716924473643,-0.013104747049510479,,,,,,,0.01383055280894041,,,,0.007867461070418358,0.01383055280894041,-0.016345426440238953,0.01383055280894041,0.05183031037449837,0.01383055280894041,0.007867461070418358,0.020108971744775772,,,
2008-06-01,0.00801865104585886,,0.011550954543054104,0.015128243714571,0.006230636034160852,0.011550954543054104,-0.0017222306923940778,0.011550954543054104,0.015128243714571,0.00801865104585886,0.015128243714571,,0.00801865104585886,0.011550954543054104,0.00801865104585886,-0.050732675939798355,,,,,,,0.015128243714571,,,,0.011550954543054104,0.011550954543054104,0.08220979571342468,0.015128243714571,0.015128243714571,0.015128243714571,0.00801865104585886,0.02187282033264637,,,
2008-09-01,0.00562214246019721,,0.00562214246019721,0.01089664176106453,0.01089664176106453,0.01007864810526371,-0.003416127525269985,0.03426510468125343,0.01089664176106453,0.01007864810526371,0.01089664176106453,,0.01007864810526371,0.00562214246019721,-0.05739849433302879,0.003989970311522484,,,,,,,0.01089664176106453,,,,0.01007864810526371,0.01089664176106453,0.012608936987817287,0.01089664176106453,0.01007864810526371,0.01089664176106453,0.01007864810526371,0.024361884221434593,,,
2008-12-01,0.005898432806134224,,0.0014537433162331581,0.0203136894851923,0.006155094597488642,0.005898432806134224,0.0014537433162331581,0.031212234869599342,0.006155094597488642,0.005898432806134224,0.006509691942483187,,0.005898432806134224,0.0017476103967055678,0.031212234869599342,-0.017188454046845436,,,,,,,0.006155094597488642,,,,0.006155094597488642,0.006155094597488642,0.050975169986486435,0.006155094597488642,0.006155094597488642,0.006155094597488642,0.005898432806134224,0.019959092140197754,,0.006155094597488642,
2009-03-01,0.00316218426451087,,0.00316218426451087,-0.002713229041546583,-0.006795145105570555,-0.002713229041546583,0.00316218426451087,-0.02189447730779648,0.01563633233308792,0.00316218426451087,0.01563633233308792,,0.00316218426451087,-0.002713229041546583,-0.02189447730779648,-0.002713229041546583,,,,,,,0.01563633233308792,,,,0.00316218426451087,0.01563633233308792,0.05512402579188347,0.0009547781082801521,0.00316218426451087,0.01563633233308792,0.00316218426451087,0.01563633233308792,,0.01563633233308792,
2009-06-01,-0.006504453718662262,,-0.006504453718662262,-0.006534680258482695,0.00190308119636029,-0.006504453718662262,-0.006534680258482695,0.00190308119636029,0.00190308119636029,-0.006504453718662262,0.00190308119636029,,-0.006767048966139555,-0.006534680258482695,-0.03785381093621254,-0.03988799825310707,,,,,,,0.00190308119636029,,,,-0.0062884800136089325,0.00190308119636029,0.0240828488022089,0.00190308119636029,-0.006504453718662262,0.00190308119636029,-0.006534680258482695,0.00190308119636029,,-0.006534680258482695,
2009-09-01,-0.007089151535183191,,-0.007089151535183191,-0.007089151535183191,-0.007089151535183191,-0.007089151535183191,-0.007089151535183191,0.006289551965892315,-0.007089151535183191,-0.038436826318502426,-0.007089151535183191,,-0.007089151535183191,-0.007089151535183191,-0.00590622378513217,-0.007089151535183191,,,,,,,-0.007089151535183191,,,,-0.007089151535183191,-0.007089151535183191,0.03457331657409668,-0.007089151535183191,-0.007089151535183191,-0.007089151535183191,-0.007089151535183191,-0.007089151535183191,,-0.007089151535183191,
2009-12-01,-0.013331924565136433,,-0.013331924565136433,-0.013331924565136433,-0.00872495211660862,-0.013331924565136433,-0.01648639515042305,-0.013331924565136433,-0.00872495211660862,-0.013331924565136433,-0.00872495211660862,,-0.013331924565136433,-0.013331924565136433,-0.00807174202054739,-0.016849171370267868,,,,,,,-0.00872495211660862,,,,-0.013331924565136433,-0.016849171370267868,-0.00956272054463625,-0.013112732209265232,-0.013331924565136433,-0.013331924565136433,-0.013331924565136433,-0.00872495211660862,,-0.013331924565136433,
2010-03-01,-0.04891960322856903,,-0.03735005110502243,-0.03684476763010025,-0.0321449413895607,-0.0343962162733078,-0.13406310975551605,-0.06220708787441254,-0.047534603625535965,-0.037168048322200775,-0.03684476763010025,,-0.0321449413895607,-0.03684476763010025,-0.0234830379486084,-0.036787860095500946,,,,,,,-0.036787860095500946,,,,-0.06220708787441254,,-0.04190117493271828,-0.03061698004603386,-0.0343962162733078,-0.0321449413895607,-0.0343962162733078,-0.03684476763010025,,-0.0321449413895607,
2010-06-01,-0.04013659805059433,,-0.04013659805059433,-0.03981587290763855,-0.03626886010169983,-0.04013659805059433,-0.04013659805059433,-0.03981587290763855,-0.03981587290763855,-0.04013659805059433,-0.03981587290763855,,-0.03626886010169983,-0.03981587290763855,-0.03981587290763855,-0.05551039054989815,,,,,,,-0.03626886010169983,,,,-0.03981587290763855,,-0.04013659805059433,-0.037164509296417236,-0.04013659805059433,-0.03626886010169983,-0.04013659805059433,-0.03981587290763855,,-0.03626886010169983,
2010-09-01,-0.040572091937065125,,-0.03204704076051712,-0.029953718185424805,-0.027510695159435272,-0.03169109299778938,-0.1321953684091568,-0.01920020952820778,-0.028619399294257164,-0.034614596515893936,-0.01920020952820778,,-0.027480732649564743,-0.018433572724461555,-0.02454945258796215,-0.02454945258796215,,,,,,,-0.03212612867355347,,,,-0.02454945258796215,-0.0223521925508976,-0.05086581036448479,-0.02824782207608223,-0.025326507166028023,-0.029953718185424805,-0.03204704076051712,-0.09160967171192169,,-0.017801284790039062,
2010-12-01,-0.02598457783460617,,-0.02598457783460617,-0.020755579695105553,-0.020755579695105553,-0.02598457783460617,-0.028297092765569687,-0.020755579695105553,-0.022715598344802856,-0.02598457783460617,-0.004877050407230854,,-0.02598457783460617,-0.020755579695105553,-0.020755579695105553,-0.020755579695105553,,,,,,,-0.020755579695105553,,,,-0.020755579695105553,-0.05032343789935112,-0.05256376415491104,-0.03827415779232979,-0.02598457783460617,-0.020755579695105553,-0.02598457783460617,-0.020755579695105553,,-0.020755579695105553,
2011-03-01,-0.02286209911108017,,-0.02286209911108017,-0.011949251405894756,-0.011949251405894756,-0.02286209911108017,-0.03404738008975983,-0.011949251405894756,0.02527998574078083,-0.02286209911108017,0.02527998574078083,,-0.021412529051303864,-0.011949251405894756,-0.011949251405894756,-0.03489205241203308,,,,,,,-0.011949251405894756,,,,-0.011949251405894756,-0.011949251405894756,-0.02288443222641945,-0.020414669066667557,-0.02211233787238598,-0.014422795735299587,-0.02286209911108017,-0.001024362980388105,,-0.011949251405894756,
2011-06-01,-0.019685592502355576,,-0.019685592502355576,-0.0007776474812999368,0.0097260857000947,-0.019685592502355576,-0.03209239989519119,-0.0029582157731056213,0.02782016433775425,-0.019685592502355576,0.02238171547651291,,-0.019569627940654755,-0.01227966882288456,-0.003589709522202611,0.0097260857000947,,,,,,,-0.008328750729560852,,,,-0.01227966882288456,0.008246824145317078,-0.14544358849525452,-0.03488193452358246,-0.01990019530057907,0.0097260857000947,-0.019685592502355576,0.024303749203681946,,0.010110300965607166,
2011-09-01,-0.019535725936293602,,-0.025321247056126595,0.026632631197571754,0.0009792345808818936,-0.019223077222704887,-0.029298091307282448,-0.0021557991858571768,-0.013691522181034088,-0.019535725936293602,0.04172122851014137,,-0.019223077222704887,-0.020971031859517097,0.014847871847450733,-0.0013618122320622206,,,,,,,0.0009792345808818936,,,,-0.014805813319981098,-0.009750020690262318,-0.06903863698244095,-0.05686607584357262,-0.014630209654569626,0.0012346355943009257,-0.019223077222704887,-0.010703768581151962,,0.003947732504457235,
2011-12-01,-0.013707216829061508,,-0.020800041034817696,-0.007597646676003933,0.036607373505830765,-0.014389597810804844,-0.018395964056253433,-0.002286669332534075,0.0366496741771698,-0.012570789083838463,0.010521361604332924,,-0.013707216829061508,-0.00569040747359395,0.0008063918212428689,-0.02461651712656021,,,,,,,0.003227922832593322,,,,-0.029065752401947975,0.005882606375962496,-0.02490571327507496,0.009792853146791458,-0.018981026485562325,0.018169600516557693,-0.014389597810804844,0.029164081439375877,,0.0032915007323026657,
2012-03-01,-0.024496929720044136,,-0.011498050764203072,-0.029170233756303787,0.009049398824572563,-0.010993682779371738,-0.009754127822816372,0.0008389607537537813,0.018445784226059914,-0.010993682779371738,0.06593994051218033,,-0.024496929720044136,-0.09094686806201935,0.033019907772541046,-0.029998578131198883,,,,,,,0.0002876778016798198,,,,-0.010687073692679405,-0.006061116233468056,-0.07693228125572205,0.018445784226059914,-0.010993682779371738,0.011698381043970585,0.00041701924055814743,0.0890389159321785,,-0.002533205086365342,-0.011498050764203072
2012-06-01,-0.004676441662013531,,-0.006960028316825628,-0.009427753277122974,-0.002852876204997301,-0.004676441662013531,0.001531102228909731,-0.002852876204997301,-0.01226806640625,-0.004676441662013531,0.0774456188082695,,-0.004676441662013531,-0.024678761139512062,0.015186980366706848,-0.002852876204997301,,,,,,,-0.006055781152099371,,,,-0.010158621706068516,-0.00466911680996418,0.021406587213277817,-0.01226806640625,-0.004676441662013531,0.001531102228909731,-0.004676441662013531,0.0047019291669130325,,-0.002852876204997301,-0.006960028316825628
2012-09-01,-0.007009187247604132,,-0.01986030489206314,-0.010852049104869366,0.009964078664779663,-0.007009187247604132,-0.005855212453752756,0.013509307987987995,0.009130480699241161,-0.007009187247604132,0.06971801817417145,,-0.007009187247604132,-0.029619324952363968,0.018266573548316956,0.013509307987987995,,,,,,,0.009964078664779663,,,,0.005701527465134859,0.008126966655254364,-0.055542752146720886,0.009130480699241161,-0.007009187247604132,-0.004667729139328003,-0.007009187247604132,0.021606042981147766,-0.02347673662006855,0.004151233937591314,-0.009585374034941196
2012-12-01,-0.00957618746906519,,-0.00957618746906519,-0.00957618746906519,0.0023438921198248863,-0.00957618746906519,-0.00957618746906519,0.0023438921198248863,0.006937813013792038,-0.00957618746906519,0.003895329777151346,,-0.00957618746906519,-0.01090843416750431,-0.0023076815996319056,-0.005638874135911465,,,,,,,0.0023438921198248863,,,,-0.02801666408777237,-0.005350168794393539,-0.07221779972314835,0.006937813013792038,-0.00957618746906519,-0.00957618746906519,-0.00957618746906519,0.007940663024783134,-0.013950919732451439,0.0023438921198248863,-0.022747095674276352
2013-03-01,-0.008910604752600193,,-0.008910604752600193,-0.008623845875263214,-0.0031981579959392548,-0.008910604752600193,-0.02447834424674511,-0.0031981579959392548,0.013630513101816177,-0.008910604752600193,0.013630513101816177,,-0.008910604752600193,-0.00809232797473669,0.0028940553311258554,-0.00809232797473669,,,,,,,-0.0031981579959392548,,,,-0.013862475752830505,-0.003952419385313988,-0.020296983420848846,-0.020098330453038216,-0.008910604752600193,-0.008910604752600193,-0.008910604752600193,0.010688645765185356,-0.020098330453038216,0.0028940553311258554,-0.013862475752830505
2013-06-01,-0.0028515164740383625,,-0.0028515164740383625,-0.007725832983851433,0.00015202054055407643,-0.0028515164740383625,-0.0028515164740383625,0.00015202054055407643,0.00015202054055407643,-0.0028515164740383625,0.0026415581814944744,,-0.0028515164740383625,0.00015202054055407643,0.00015202054055407643,0.00015202054055407643,,,,,,,0.00015202054055407643,,,,-0.0028515164740383625,0.00015202054055407643,-0.0028515164740383625,0.00015202054055407643,-0.0028515164740383625,-0.0028515164740383625,-0.0028515164740383625,0.00015202054055407643,0.00015202054055407643,0.00015202054055407643,-0.0028515164740383625
2013-09-01,0.00041982150287367404,,0.00041982150287367404,-0.009238210506737232,0.008505974896252155,0.00041982150287367404,0.00041982150287367404,0.008505974896252155,-0.014428842812776566,0.00041982150287367404,0.009001636877655983,,0.00041982150287367404,-0.0004809764213860035,0.0020040548406541348,0.008505974896252155,-0.016059136018157005,0.008505974896252155,,,,,0.008505974896252155,,,,-0.0015591427218168974,-0.0004809764213860035,-0.035966888070106506,-0.016013074666261673,0.00041982150287367404,0.00041982150287367404,0.00041982150287367404,0.0020040548406541348,-0.014428842812776566,0.008505974896252155,0.00041982150287367404
2013-12-01,0.005465163849294186,,0.005465163849294186,0.005465163849294186,0.005465163849294186,0.005465163849294186,0.005465163849294186,0.005465163849294186,-0.009910622611641884,0.005465163849294186,0.005465163849294186,,0.005465163849294186,0.005465163849294186,0.005465163849294186,0.005465163849294186,-0.009910622611641884,0.005465163849294186,,,,,0.005465163849294186,,,,0.005465163849294186,-0.009910622611641884,0.005465163849294186,-0.009910622611641884,0.005465163849294186,0.005465163849294186,0.005465163849294186,0.005465163849294186,-0.009910622611641884,0.005465163849294186,0.005465163849294186
2014-03-01,0.004483742639422417,,0.006092458497732878,0.003475106554105878,0.006092458497732878,0.004483742639422417,0.004483742639422417,0.006092458497732878,0.006092458497732878,0.004483742639422417,0.006092458497732878,,0.004483742639422417,0.006092458497732878,0.006092458497732878,0.006092458497732878,0.004483742639422417,0.006092458497732878,0.004483742639422417,,,,0.006092458497732878,,,,0.004483742639422417,0.006092458497732878,0.004483742639422417,0.004483742639422417,0.004483742639422417,0.004483742639422417,0.004483742639422417,0.006092458497732878,0.004483742639422417,0.006092458497732878,0.004483742639422417
2014-06-01,0.011045044288039207,,0.012134788557887077,0.0009667140548117459,0.012134788557887077,0.011045044288039207,0.011045044288039207,0.012134788557887077,0.011087416671216488,0.011045044288039207,0.012134788557887077,,0.012134788557887077,0.011045044288039207,0.011087416671216488,0.012134788557887077,0.011087416671216488,0.012134788557887077,0.011045044288039207,,,,0.012134788557887077,,,,0.011045044288039207,0.011087416671216488,0.030122755095362663,0.011045044288039207,0.011045044288039207,0.011045044288039207,0.011045044288039207,0.011087416671216488,0.011045044288039207,0.012134788557887077,0.011045044288039207
2014-09-01,0.007869623601436615,,0.007869623601436615,-0.005346393212676048,0.007869623601436615,0.007869623601436615,0.007869623601436615,0.007869623601436615,0.005909237544983625,0.007869623601436615,0.007869623601436615,,0.007869623601436615,0.007869623601436615,0.007869623601436615,0.007869623601436615,0.007869623601436615,0.007869623601436615,0.007869623601436615,,0.007869623601436615,,0.007869623601436615,,,,0.007869623601436615,0.007869623601436615,0.007869623601436615,0.005909237544983625,0.007869623601436615,0.007869623601436615,0.007869623601436615,0.007869623601436615,0.0747133120894432,0.007869623601436615,0.007869623601436615
2014-12-01,0.01115918904542923,,0.01115918904542923,-0.05540279671549797,0.01115918904542923,0.01115918904542923,0.01115918904542923,0.01115918904542923,0.01115918904542923,0.01115918904542923,0.01115918904542923,,0.01115918904542923,0.01115918904542923,0.01115918904542923,0.01115918904542923,0.01115918904542923,0.03174456208944321,0.01115918904542923,,0.01374744065105915,,0.01115918904542923,,,,0.01374744065105915,0.01115918904542923,0.01374744065105915,0.01115918904542923,0.01115918904542923,0.01115918904542923,0.01115918904542923,0.01115918904542923,0.13175421953201294,0.01115918904542923,0.01115918904542923
2015-03-01,0.016692405566573143,,0.016692405566573143,-0.030520137399435043,0.016692405566573143,0.016692405566573143,0.016692405566573143,0.016692405566573143,0.016692405566573143,0.016692405566573143,0.016692405566573143,,0.016692405566573143,0.016692405566573143,0.016692405566573143,0.016692405566573143,0.016692405566573143,0.024940339848399162,-0.005712384823709726,,0.016692405566573143,,0.016692405566573143,,,,0.016692405566573143,0.016692405566573143,0.016692405566573143,0.016692405566573143,0.016692405566573143,0.016692405566573143,0.016692405566573143,0.016692405566573143,-0.005712384823709726,0.016692405566573143,0.016692405566573143
2015-06-01,0.017554201185703278,,0.017554201185703278,-0.02925870008766651,0.017554201185703278,0.017554201185703278,0.017554201185703278,0.017554201185703278,0.017554201185703278,0.017554201185703278,0.017554201185703278,,0.017554201185703278,0.017554201185703278,0.017554201185703278,0.017554201185703278,0.017554201185703278,0.01889532431960106,-0.021850736811757088,,0.017554201185703278,,0.017554201185703278,,,,0.017554201185703278,0.017554201185703278,0.017554201185703278,0.017554201185703278,0.017554201185703278,0.017554201185703278,0.017554201185703278,0.017554201185703278,-0.021850736811757088,0.017554201185703278,0.017554201185703278
2015-09-01,0.018452895805239677,,0.018452895805239677,0.004872587975114584,0.018452895805239677,0.018452895805239677,0.018452895805239677,0.018452895805239677,0.018452895805239677,0.018452895805239677,0.018452895805239677,,0.018452895805239677,0.018452895805239677,0.018452895805239677,0.018452895805239677,0.018452895805239677,0.019576551392674446,0.018452895805239677,,0.018452895805239677,,0.018452895805239677,,,,0.018452895805239677,0.018452895805239677,0.019655508920550346,0.018452895805239677,0.018452895805239677,0.018452895805239677,0.018452895805239677,0.018452895805239677,0.018452895805239677,0.018452895805239677,0.018452895805239677
2015-12-01,0.018639644607901573,,0.018639644607901573,0.006259631365537643,0.018639644607901573,0.018639644607901573,0.018639644607901573,0.018639644607901573,0.018639644607901573,0.018639644607901573,0.018639644607901573,,0.018639644607901573,0.018639644607901573,0.018639644607901573,0.018639644607901573,0.018639644607901573,0.018639644607901573,0.018639644607901573,,0.018639644607901573,,0.018639644607901573,,,,0.018639644607901573,0.018639644607901573,0.018639644607901573,0.018639644607901573,0.018639644607901573,0.018639644607901573,0.018639644607901573,0.018639644607901573,0.018639644607901573,0.018639644607901573,0.018639644607901573
2016-03-01,0.01668286696076393,,0.01668286696076393,0.004070136696100235,0.01668286696076393,0.01668286696076393,0.01668286696076393,0.01668286696076393,0.01668286696076393,0.01668286696076393,0.01668286696076393,,0.01668286696076393,0.01668286696076393,0.01668286696076393,0.01668286696076393,0.01668286696076393,0.01668286696076393,0.01668286696076393,0.01668286696076393,0.01668286696076393,,0.01668286696076393,,,,0.01668286696076393,0.01668286696076393,0.03179008513689041,0.01668286696076393,0.01668286696076393,0.01668286696076393,0.01668286696076393,0.01668286696076393,0.004070136696100235,0.01668286696076393,0.01668286696076393
2016-06-01,0.018441688269376755,,0.018441688269376755,0.013306415639817715,0.018441688269376755,0.018441688269376755,0.018441688269376755,0.018441688269376755,0.018441688269376755,0.018441688269376755,0.018441688269376755,,0.018441688269376755,0.018441688269376755,0.018441688269376755,0.018441688269376755,0.018441688269376755,0.018441688269376755,0.018441688269376755,0.018441688269376755,0.018441688269376755,,0.018441688269376755,,,,0.018441688269376755,0.018441688269376755,0.007144238334149122,0.018441688269376755,0.018441688269376755,0.018441688269376755,0.018441688269376755,0.018441688269376755,0.018441688269376755,0.018441688269376755,0.018441688269376755
2016-09-01,0.019982261583209038,,0.019982261583209038,0.008989394642412663,0.019982261583209038,0.019982261583209038,0.019982261583209038,0.019982261583209038,0.019982261583209038,0.019982261583209038,0.019982261583209038,,0.019982261583209038,0.019982261583209038,0.019982261583209038,0.019982261583209038,0.019982261583209038,0.03862693905830383,0.019982261583209038,0.019982261583209038,0.019982261583209038,,0.019982261583209038,,,,0.019982261583209038,0.019982261583209038,0.019982261583209038,0.019982261583209038,0.019982261583209038,0.019982261583209038,0.019982261583209038,0.019982261583209038,0.006287384778261185,0.019982261583209038,0.019982261583209038
2016-12-01,0.01760821044445038,,0.021859081462025642,-0.015576465986669064,0.01818060129880905,0.01760821044445038,0.01760821044445038,0.021885160356760025,0.021885160356760025,0.01760821044445038,0.03746750205755234,,0.01760821044445038,0.020902210846543312,0.020360417664051056,0.015576929785311222,0.01945945993065834,0.02488524094223976,0.0056405263021588326,0.02224850282073021,0.010478407144546509,,0.021474601700901985,,,,0.020902210846543312,0.020902210846543312,0.01760821044445038,0.01760821044445038,0.008787989616394043,0.021885160356760025,0.01760821044445038,0.030997132882475853,0.005529823713004589,0.020902210846543312,0.010478407144546509
2017-03-01,0.01840262860059738,,0.01840262860059738,0.002752096625044942,0.01840262860059738,0.01840262860059738,0.01840262860059738,0.01840262860059738,0.01840262860059738,0.01840262860059738,0.022554239258170128,,0.01840262860059738,0.01840262860059738,0.01840262860059738,0.01840262860059738,0.01840262860059738,0.022554239258170128,0.01840262860059738,0.01840262860059738,0.01840262860059738,,0.01840262860059738,,,,0.01840262860059738,0.01840262860059738,0.01840262860059738,0.01840262860059738,0.01840262860059738,0.01840262860059738,0.01840262860059738,0.01840262860059738,0.01840262860059738,0.01840262860059738,0.01840262860059738
2017-06-01,0.01580752432346344,,0.01580752432346344,-0.004716658964753151,0.01580752432346344,0.01580752432346344,0.01580752432346344,0.01580752432346344,0.01580752432346344,0.01580752432346344,0.01580752432346344,,0.01580752432346344,0.01580752432346344,0.01580752432346344,0.01580752432346344,0.01580752432346344,0.01756771095097065,0.01580752432346344,0.01580752432346344,0.01580752432346344,,0.01580752432346344,,,,0.01580752432346344,0.01580752432346344,0.01580752432346344,0.01580752432346344,0.01580752432346344,0.01580752432346344,0.01580752432346344,0.01580752432346344,0.01580752432346344,0.01580752432346344,0.01580752432346344
2017-09-01,0.017410501837730408,,0.017410501837730408,0.010222574695944786,0.017410501837730408,0.017410501837730408,0.017410501837730408,0.017410501837730408,0.017410501837730408,0.017410501837730408,0.017410501837730408,,0.017410501837730408,0.017410501837730408,0.017410501837730408,0.017410501837730408,0.017410501837730408,0.017410501837730408,0.017410501837730408,0.017410501837730408,0.017410501837730408,,0.017410501837730408,,,,0.017410501837730408,0.017410501837730408,0.017410501837730408,0.017410501837730408,0.017410501837730408,0.017410501837730408,0.017410501837730408,0.017410501837730408,0.013659652322530746,0.017410501837730408,0.017410501837730408
2017-12-01,0.01823548786342144,,0.01823548786342144,-0.003951261285692453,0.01823548786342144,0.01823548786342144,0.01823548786342144,0.021801020950078964,0.01823548786342144,0.01823548786342144,0.01823548786342144,,0.01823548786342144,0.01823548786342144,0.01823548786342144,0.01823548786342144,0.01823548786342144,0.01823548786342144,0.01823548786342144,0.021801020950078964,0.01823548786342144,,0.01823548786342144,,,,0.01823548786342144,0.01823548786342144,0.01823548786342144,0.01823548786342144,0.01823548786342144,0.01823548786342144,0.01823548786342144,0.01823548786342144,0.01823548786342144,0.01823548786342144,0.01823548786342144
2018-03-01,0.013681169599294662,,0.013681169599294662,-0.0022524013184010983,0.013681169599294662,0.013681169599294662,0.013681169599294662,0.013681169599294662,0.013681169599294662,0.013681169599294662,0.013681169599294662,,0.013681169599294662,,0.013681169599294662,0.013681169599294662,0.013681169599294662,0.013681169599294662,0.013681169599294662,0.023019947111606598,0.013681169599294662,,0.013681169599294662,,,,0.013681169599294662,0.013681169599294662,0.014665931463241577,0.013681169599294662,0.013681169599294662,0.013681169599294662,0.013681169599294662,0.013681169599294662,0.013681169599294662,0.013681169599294662,0.013681169599294662
2018-06-01,0.01630173809826374,,0.01630173809826374,0.017539234831929207,0.01630173809826374,0.01630173809826374,0.01630173809826374,0.01630173809826374,0.01630173809826374,0.01630173809826374,0.01630173809826374,,0.01630173809826374,,0.01630173809826374,0.01630173809826374,0.01630173809826374,0.01630173809826374,0.01630173809826374,0.020636919885873795,0.009076906368136406,,0.01630173809826374,,,,0.01630173809826374,0.01630173809826374,0.030277609825134277,0.030277609825134277,0.01630173809826374,0.01630173809826374,0.01630173809826374,0.01630173809826374,0.01630173809826374,0.01630173809826374,0.01630173809826374
2018-09-01,0.014834573492407799,,0.014834573492407799,0.020660249516367912,0.014834573492407799,0.014834573492407799,0.014834573492407799,0.014834573492407799,0.014834573492407799,0.014834573492407799,0.014834573492407799,,0.014834573492407799,,0.014834573492407799,0.014834573492407799,0.014834573492407799,0.014834573492407799,0.014834573492407799,0.026469934731721878,0.014834573492407799,,0.014834573492407799,,,,0.014834573492407799,0.014834573492407799,0.04566608741879463,0.014955775812268257,0.014834573492407799,0.014834573492407799,0.014834573492407799,0.014834573492407799,0.014834573492407799,0.014834573492407799,0.014834573492407799
2018-12-01,0.01594102941453457,,0.01594102941453457,0.029769327491521835,0.01594102941453457,0.01594102941453457,0.01594102941453457,0.016558222472667694,0.01594102941453457,0.01594102941453457,0.01594102941453457,,0.01594102941453457,,0.01594102941453457,0.01594102941453457,0.01594102941453457,0.01594102941453457,0.01594102941453457,0.01594102941453457,0.01594102941453457,,0.01594102941453457,,,,0.01594102941453457,0.01594102941453457,0.01594102941453457,0.004209023900330067,0.01594102941453457,0.01594102941453457,0.01594102941453457,0.01594102941453457,0.01594102941453457,0.01594102941453457,0.01594102941453457
2019-03-01,0.019568203017115593,,0.019568203017115593,0.02276492305099964,0.019568203017115593,0.019568203017115593,0.019568203017115593,0.021997923031449318,0.019568203017115593,0.019568203017115593,0.019568203017115593,,0.019568203017115593,,0.019568203017115593,0.019568203017115593,0.019568203017115593,0.021997923031449318,0.019568203017115593,0.03300878405570984,0.019568203017115593,,0.019568203017115593,,,,0.019568203017115593,0.019568203017115593,-0.020596077665686607,-0.020596077665686607,0.019568203017115593,0.019568203017115593,0.019568203017115593,0.019568203017115593,0.019568203017115593,0.019568203017115593,0.019568203017115593
2019-06-01,0.019114557653665543,,0.019114557653665543,0.02603069134056568,0.019114557653665543,0.019114557653665543,0.019114557653665543,0.019114557653665543,0.019114557653665543,0.019114557653665543,0.019114557653665543,,0.019114557653665543,,0.019114557653665543,0.019114557653665543,0.019114557653665543,0.019114557653665543,0.019114557653665543,0.019114557653665543,0.019114557653665543,,0.019114557653665543,0.019114557653665543,,,0.019114557653665543,0.019114557653665543,0.00964982807636261,0.00964982807636261,0.019114557653665543,0.019114557653665543,0.019114557653665543,0.019114557653665543,0.019114557653665543,0.019114557653665543,0.019114557653665543
2019-09-01,0.021017128601670265,,0.021017128601670265,0.024093762040138245,0.021017128601670265,0.021017128601670265,0.021017128601670265,0.021017128601670265,0.021017128601670265,0.021017128601670265,0.021017128601670265,,0.021017128601670265,,0.021017128601670265,0.021017128601670265,0.021017128601670265,0.021017128601670265,0.021017128601670265,0.021017128601670265,0.021017128601670265,,0.021017128601670265,0.021017128601670265,,,0.021017128601670265,0.021017128601670265,0.017448289319872856,0.017448289319872856,0.021017128601670265,0.021017128601670265,0.021017128601670265,0.021017128601670265,0.021017128601670265,0.021017128601670265,0.021017128601670265
2019-12-01,0.027169667184352875,,0.027169667184352875,0.06395270675420761,0.027169667184352875,0.027169667184352875,0.027169667184352875,0.027169667184352875,0.027169667184352875,0.027169667184352875,0.027169667184352875,,0.027169667184352875,,0.027169667184352875,0.027169667184352875,0.027169667184352875,0.027169667184352875,0.027169667184352875,0.027169667184352875,0.027169667184352875,,0.027169667184352875,0.027169667184352875,,,0.027169667184352875,0.027169667184352875,0.020215298980474472,0.027169667184352875,0.027169667184352875,0.027169667184352875,0.027169667184352875,0.027169667184352875,0.027169667184352875,0.027169667184352875,0.027169667184352875
2020-03-01,0.0330372080206871,,0.05229585990309715,0.038898441940546036,0.0330372080206871,0.02895534411072731,0.02895534411072731,0.02895534411072731,0.02895534411072731,0.0330372080206871,0.0330372080206871,,0.0330372080206871,,0.02895534411072731,0.0330372080206871,0.0330372080206871,0.036559730768203735,0.02895534411072731,0.02895534411072731,0.02895534411072731,,0.0330372080206871,0.02895534411072731,,,0.0330372080206871,0.02895534411072731,0.031851690262556076,0.0330372080206871,0.0330372080206871,0.02895534411072731,,0.0330372080206871,0.0330372080206871,0.0330372080206871,0.0330372080206871
2020-06-01,0.03737000375986099,,0.05554613098502159,0.051197778433561325,0.03737000375986099,0.03737000375986099,0.03737000375986099,0.04174710810184479,0.051169026643037796,0.04775173217058182,0.04160176217556,,0.03737000375986099,,0.02919008396565914,0.04163051396608353,0.03739875555038452,0.04775173217058182,0.04084062948822975,0.05072788521647453,0.04163051396608353,,0.04163051396608353,0.04163051396608353,,,0.03739875555038452,0.04163051396608353,0.030143089592456818,-0.020390432327985764,0.04163051396608353,0.03739875555038452,,0.036608871072530746,0.04163051396608353,0.04163051396608353,0.04084062948822975
2020-09-01,0.02708679437637329,,0.03465835377573967,0.015569843351840973,0.02708679437637329,0.030851004645228386,0.023958247154951096,0.03465835377573967,0.01170708704739809,0.041251566261053085,0.03292219713330269,,0.03465835377573967,,0.000559207983314991,0.03306702524423599,0.030851004645228386,0.021596284583210945,0.02757655456662178,0.029349233955144882,0.03306702524423599,,0.2901924252510071,0.04063864424824715,0.287065327167511,,0.027667520567774773,0.03306702524423599,0.00447057094424963,-0.07691040635108948,0.03306702524423599,0.03465835377573967,,0.03225007653236389,0.03306702524423599,0.03306702524423599,0.03156337887048721
2020-12-01,0.027347976341843605,,0.03258311748504639,0.025922156870365143,0.027347976341843605,0.025922156870365143,0.027347976341843605,0.028994565829634666,0.028994565829634666,0.028994565829634666,0.029016537591814995,,0.028994565829634666,,0.028994565829634666,0.029016537591814995,0.027347976341843605,0.028994565829634666,0.029016537591814995,0.027347976341843605,0.029016537591814995,,0.027347976341843605,0.030663127079606056,0.03099801205098629,0.029016537591814995,0.028994565829634666,0.029016537591814995,0.02884591370820999,0.0019804025068879128,0.029016537591814995,0.028994565829634666,,0.03325556963682175,0.029016537591814995,0.029016537591814995,0.03099801205098629
2021-03-01,0.022992614656686783,,0.012640327215194702,-0.018330423161387444,0.022992614656686783,0.022992614656686783,0.022992614656686783,0.02454259619116783,0.02454259619116783,0.02454259619116783,0.022992614656686783,,0.021761400625109673,,0.02454259619116783,0.022992614656686783,0.022992614656686783,0.02454259619116783,0.022992614656686783,0.022992614656686783,0.022992614656686783,,0.03773573040962219,0.02454259619116783,0.021345829591155052,0.022992614656686783,0.017021693289279938,0.022992614656686783,0.018670907244086266,-0.003248693887144327,0.022992614656686783,0.02454259619116783,,0.0013721068389713764,0.022992614656686783,0.022992614656686783,0.021761400625109673
2021-06-01,0.014492766000330448,,0.01663009263575077,0.010393758304417133,0.014492766000330448,0.011222788132727146,0.014492766000330448,0.01532009243965149,0.013918676413595676,0.014598450623452663,0.015719259157776833,,0.01590845361351967,,0.01576361060142517,0.015719259157776833,0.013091349974274635,0.016049236059188843,0.011222788132727146,-0.09649964421987534,0.011222788132727146,,0.012263498269021511,0.015327597968280315,0.011979320086538792,0.013973722234368324,0.016090529039502144,0.011222788132727146,0.008543589152395725,-0.010820836760103703,0.013973722234368324,0.011222788132727146,,-0.002340589417144656,0.013973722234368324,0.013973722234368324,-0.0029579815454781055
2021-09-01,0.020373152568936348,,0.02090873196721077,0.02498042583465576,0.020373152568936348,0.019683290272951126,0.01983257755637169,0.02036815695464611,0.02036815695464611,0.02080206386744976,0.019287141039967537,,0.02090873196721077,,0.022097064182162285,0.019287141039967537,0.020223865285515785,0.021486930549144745,0.019683290272951126,0.016986332833766937,0.019683290272951126,,0.039118360728025436,0.019528184086084366,0.02722845785319805,0.02080206386744976,0.024952929466962814,0.02080206386744976,0.012630090117454529,-0.004990382120013237,0.02080206386744976,0.022097064182162285,,-0.019580433145165443,-0.004990382120013237,0.019528184086084366,0.019683290272951126
2021-12-01,0.018115922808647156,,0.022820213809609413,,0.021855110302567482,0.021587852388620377,0.01845085248351097,0.0219216737896204,0.01845085248351097,0.022075766697525978,0.024846184998750687,,0.019629672169685364,,0.01068824715912342,0.0048844642005860806,0.02191874198615551,0.02191874198615551,0.02165474370121956,0.020836764946579933,0.01845085248351097,,0.01929883472621441,0.024846184998750687,0.010117503814399242,0.022179095074534416,0.02191874198615551,0.01845085248351097,0.02191874198615551,0.024846184998750687,0.021276788786053658,0.024614278227090836,,0.001824141014367342,0.021276788786053658,0.0226448867470026,0.0068441941402852535
2022-03-01,0.02107776515185833,,0.026919538155198097,,0.025210557505488396,0.026283886283636093,0.020550819113850594,0.026283886283636093,0.020550819113850594,,0.028987566009163857,,0.021789316087961197,,0.020129969343543053,0.025210557505488396,0.025210557505488396,0.025210557505488396,0.018261743709445,0.03571796417236328,0.019928205758333206,,0.02514546923339367,0.018261743709445,0.04237682744860649,-0.0024501297157257795,0.025210557505488396,0.030060894787311554,0.025210557505488396,0.025210557505488396,0.02514546923339367,0.028987566009163857,,0.028356710448861122,0.02514546923339367,0.02514546923339367,0.030060894787311554
2022-06-01,0.02490224316716194,,0.03172580525279045,,0.028932277113199234,0.028932277113199234,0.02453065663576126,0.028932277113199234,0.02453065663576126,,0.03819777071475983,,0.02534349262714386,,0.024931641295552254,0.030167780816555023,0.028932277113199234,0.028932277113199234,0.030167780816555023,0.01677950657904148,0.011819461360573769,,0.030431224033236504,0.030167780816555023,0.030657341703772545,0.022167017683386803,0.028932277113199234,0.030167780816555023,0.028932277113199234,0.030167780816555023,0.028999224305152893,0.030167780816555023,,0.028999224305152893,0.028999224305152893,0.028999224305152893,0.030167780816555023
2022-09-01,0.021683180704712868,,0.038445066660642624,,0.029299814254045486,0.029299814254045486,0.019017435610294342,0.03217247873544693,0.019497504457831383,,0.017001943662762642,,0.029106030240654945,,0.015887025743722916,0.029299814254045486,0.026896504685282707,0.029779883101582527,0.03169240057468414,0.032981108874082565,0.015579497441649437,,0.02429717406630516,0.03217247873544693,0.035765934735536575,0.018867144361138344,0.03071385808289051,0.004348607733845711,0.019425131380558014,0.029299814254045486,0.026564978063106537,0.021414896473288536,,0.030163217335939407,0.026564978063106537,0.02589142508804798,0.0180479995906353
2022-12-01,0.025519326329231262,,0.043861664831638336,,0.03127525746822357,0.03127525746822357,0.026169216260313988,0.03127525746822357,0.026169216260313988,,0.028720637783408165,,0.03127525746822357,,0.043861664831638336,0.03127525746822357,0.03127525746822357,0.03127525746822357,,0.03909328952431679,0.012918655760586262,,0.028720637783408165,0.03127525746822357,0.047950759530067444,0.03191147372126579,0.03127525746822357,0.012918655760586262,0.03127525746822357,0.03127525746822357,0.028720637783408165,0.03590989485383034,,0.03127525746822357,0.028720637783408165,0.028720637783408165,0.03127525746822357
2023-03-01,0.021736212074756622,,0.03856759890913963,,0.026257598772644997,0.025243885815143585,0.021028269082307816,0.027136733755469322,0.022011583670973778,,0.026227200403809547,,0.026257598772644997,,0.03288532420992851,0.025243885815143585,0.026413584128022194,0.026227200403809547,,0.025850679725408554,0.022011583670973778,,0.024867365136742592,0.020639698952436447,0.005955126136541367,0.027422945946455002,0.02883582003414631,0.027799466624855995,0.016309620812535286,0.02615341916680336,0.025243885815143585,0.034901611506938934,,0.02615341916680336,0.025243885815143585,0.025243885815143585,0.027136733755469322
2023-06-01,0.016893960535526276,,0.0238968376070261,,0.018707826733589172,0.01947771944105625,0.016810620203614235,0.022678084671497345,0.016810620203614235,,0.01947771944105625,,0.018707826733589172,,0.022678084671497345,0.01947771944105625,0.022678084671497345,0.01947771944105625,,0.01947771944105625,0.01198267936706543,,0.01947771944105625,0.018707826733589172,0.0238968376070261,0.01947771944105625,0.022678084671497345,0.01947771944105625,0.02002563141286373,0.013417509384453297,0.01947771944105625,0.022678084671497345,,0.022678084671497345,0.01947771944105625,0.01947771944105625,0.022678084671497345
2023-09-01,0.013154554180800915,,0.027865391224622726,,0.013154554180800915,0.013866821303963661,0.009485229849815369,0.009485229849815369,0.009485229849815369,,0.014323028735816479,,0.009702857583761215,,0.023621561005711555,0.015170461498200893,0.015170461498200893,0.014141261577606201,,0.03510993719100952,0.012946223840117455,,0.01059689186513424,0.015170461498200893,0.018071148544549942,0.01059689186513424,0.01901179924607277,0.015444903634488583,0.020010262727737427,0.010962406173348427,0.014048588462173939,0.011718765832483768,,0.015444903634488583,0.014048588462173939,0.014048588462173939,0.009485229849815369
2023-12-01,0.004899995401501656,,0.04017624258995056,,0.00829608365893364,0.00829608365893364,0.004899995401501656,0.00552406208589673,0.004899995401501656,,0.012749298475682735,,0.006570987403392792,,0.02241716906428337,0.00829608365893364,0.00829608365893364,0.012749298475682735,,-0.016989320516586304,0.00552406208589673,,0.0007722016889601946,0.00829608365893364,0.008816174231469631,-0.010976327583193779,0.008816174231469631,0.012749298475682735,-0.03112255223095417,-0.03112255223095417,0.00829608365893364,0.006570987403392792,,0.00829608365893364,0.00829608365893364,,0.012749298475682735
2024-03-01,0.006354798562824726,,-0.005616958253085613,,0.008590427227318287,0.008590427227318287,0.007319614291191101,0.007319614291191101,0.007319614291191101,,0.008590427227318287,,0.007302082609385252,,0.019737614318728447,0.008590427227318287,0.008590427227318287,0.008590427227318287,,0.004707111045718193,0.009109648875892162,,0.0018078205175697803,0.007319614291191101,0.02572949230670929,0.007302082609385252,,0.008590427227318287,-0.01113967690616846,0.004112038295716047,0.022661015391349792,0.007302082609385252,,0.008590427227318287,0.004281231667846441,,0.008590427227318287
2024-06-01,0.006167261861264706,,0.09297554939985275,,0.006929117254912853,0.006929117254912853,0.006167261861264706,0.006167261861264706,0.006167261861264706,,0.006929117254912853,,0.006138104945421219,,0.09297554939985275,0.006929117254912853,0.006929117254912853,0.006929117254912853,,0.04021157696843147,0.007080692332237959,,0.0009196008322760463,0.006138104945421219,0.025158673524856567,0.006138104945421219,,0.006167261861264706,0.006929117254912853,0.004939967766404152,0.011323313228785992,0.006138104945421219,,0.006929117254912853,0.004939967766404152,,0.006929117254912853
2024-09-01,0.0013462441274896264,,0.09049681574106216,,0.006552173290401697,0.006552173290401697,0.0014461911050602794,0.0014461911050602794,0.0014461911050602794,,0.006552173290401697,,0.001046519260853529,,0.09049681574106216,0.006552173290401697,0.006552173290401697,0.0014461911050602794,,-0.020415306091308594,-0.020415306091308594,,0.001046519260853529,0.001046519260853529,-0.020415306091308594,0.001046519260853529,,0.006552173290401697,0.006552173290401697,0.002875105943530798,0.006552173290401697,-0.05852297320961952,,0.006552173290401697,-0.034255500882864,,0.006552173290401697
2024-12-01,-0.0007768135401420295,,0.015367696061730385,,-0.00013738304551225156,-0.00013738304551225156,-0.004552250728011131,-0.0030832518823444843,-0.003137177787721157,,0.0007187688606791198,,-0.0028971675783395767,,0.060988880693912506,0.0007187688606791198,0.0007187688606791198,-0.00041972738108597696,,-0.011780119501054287,-0.000494489970151335,,-0.0034059546887874603,-0.00041972738108597696,-0.019090907648205757,-0.0034059546887874603,,0.0003616825270000845,0.00040570422424934804,-0.007556515745818615,0.0007187688606791198,-0.004211840219795704,,-0.0002815902407746762,-0.03336981311440468,,0.0007187688606791198
2025-03-01,-0.0013247570022940636,,-0.04652811959385872,,0.00028397818095982075,0.00028397818095982075,-0.00374772259965539,-0.0013247570022940636,-0.00374772259965539,,0.00028397818095982075,,0.00028397818095982075,,0.08561033755540848,0.00028397818095982075,0.00028397818095982075,-0.0013247570022940636,,-0.021886318922042847,-0.00374772259965539,,0.00028397818095982075,-0.00374772259965539,-0.0099750105291605,0.00028397818095982075,,0.00028397818095982075,0.007101069204509258,0.00921694841235876,0.00028397818095982075,0.00028397818095982075,,0.00028397818095982075,-0.0044774143025279045,,0.00028397818095982075
2025-06-01,-0.0016080201603472233,,-0.05286584794521332,,-0.0016080201603472233,-0.0016080201603472233,-0.003374639432877302,-0.00034302924177609384,-0.003374639432877302,,-0.00034302924177609384,,-0.0016080201603472233,,-0.0018332585459575057,-0.00034302924177609384,-0.0016080201603472233,-0.00034302924177609384,,0.0048028817400336266,-0.003374639432877302,,-0.00034302924177609384,-0.0016080201603472233,0.003201229963451624,-0.00034302924177609384,,-0.00034302924177609384,0.006605128291994333,0.013448099605739117,-0.00034302924177609384,-0.00034302924177609384,,-0.00034302924177609384,-0.00021513518004212528,,-0.00034302924177609384
2025-09-01,-0.0022411001846194267,,0.014184038154780865,,-0.0022411001846194267,-0.0022411001846194267,-0.007458940148353577,-0.008442049846053123,-0.007458940148353577,,-0.0022411001846194267,,-0.0022411001846194267,,-0.02390999160706997,-0.0022411001846194267,-0.0022411001846194267,-0.0022411001846194267,,0.014184038154780865,-0.007458940148353577,,-0.008442049846053123,-0.0022411001846194267,0.014184038154780865,-0.008442049846053123,,-0.0022411001846194267,-0.0022411001846194267,-0.0022411001846194267,-0.0022411001846194267,-0.008442049846053123,,-0.0022411001846194267,-0.0022411001846194267,,-0.0022411001846194267
