,1722,1920,2435,2663,2710,3026,3121,3144,3170,3362,3505,3813,4016,4769,5071,5151,5301,5568,5597,5709,5824,6226,6375,6435,6502,6802,7146,8479,8543,8762,9359,9411,9777,10190,10247,10793,11259,11264,11609,12151,12756,12978,19843,24316,24893,25753,28790,28877,29028,31587,61567,66016,119417,120877,142953,147175,179621,180833,241637
2001-03-01,0.0011704884796303345,0.04773779182591267,0.03215813816050342,0.040239136117205816,0.023082570223146956,0.027213674931483696,-0.024417120415871792,0.022545232790967082,0.03787329884505361,0.04234207627035779,-0.004268997382408662,0.04537657140316143,0.028175924715675787,0.06533244044896132,0.03772049316701817,,0.029898712065070394,0.007622787002103257,0.01582922164830606,0.007955748579770721,-0.003200001888084508,,0.044264893009045674,0.03909159641086119,0.027867427377552486,0.023536187598410196,0.04527872156747815,-0.0006051978005661507,0.004088114162217076,0.051514435208627425,0.035686877277807935,-0.02935566772426182,0.00731865217922086,0.010124029421027105,0.024371198159018073,0.03127051720144128,0.052917832971011304,-0.009864829786519742,-0.005199507168895631,,0.03427492244954153,,,0.020917366679374542,0.04281334106054566,0.06518814411726558,,0.011068977784719915,0.0442182201512335,0.05268229584801062,0.049183230741445386,0.021362726004132672,0.022731128450826987,0.06634687947273012,,,,,
2001-06-01,0.058332203593979344,0.0037607815869297985,0.02031913248650721,-0.012379760184670343,0.016076892872402937,-0.0223236883669217,0.026591599380984966,0.047858099878702355,-0.016066964972439063,0.06758847291007646,0.007113150303854013,-0.05395266430167217,0.03144911690902365,0.03410847040206349,0.016949636904794417,,0.03752996592594487,-0.010053888489005635,-0.03141811609088511,0.00863590374923303,0.004353329680378887,,-0.01873218920223469,0.008690132808179306,0.056950149555786304,-0.002299603217319075,0.058649627407528014,-0.03507216971367078,-0.024264055510351764,0.07561463898579668,0.027897913921499637,-0.03716378192024616,0.0033135242167769124,0.02011552671455918,0.0018662764768417736,0.07035941382566115,0.0876735933627853,-0.025684647455741633,-0.04503173408494962,,0.06480347516936276,,,0.004049609974004588,0.09897221163591716,0.014947030974240383,,0.03041773498152419,-0.03435446430737399,0.003964264158147226,0.053722724305907785,0.00875292594874507,-0.003257170812336593,0.005456972922692488,,,,,
2001-09-01,0.03593207419693926,0.01646073212189434,0.031249612876025748,0.009167371107891375,0.03629508844896115,0.010358627813301186,0.033900266597591225,0.03174899495909287,0.022917102024595355,-0.009908820867166964,0.025645491050578857,-0.012909821001585787,-0.02183953941031532,-0.0029765970177008582,0.014498350483171664,,0.02401713056353643,-0.012658446282729703,0.01322738573446334,-0.012603595019018301,0.023003992821504816,,0.04788993540642293,0.030050157236779187,0.059086540430502606,0.025434708636512093,0.03919373201006852,0.027747866320205577,0.028488782915268275,0.034391129186486735,0.025895061825407288,-0.01693510229555538,0.0074840704488849455,0.01082029474014629,0.027092358184748196,0.027592585954612524,0.04989303026985469,-0.0018307350118739242,0.01685192708401595,,0.031024703484248135,,,0.07812583338118292,0.05555678970278445,0.032050894350218205,,0.025137548064888274,0.02872868433047051,0.04926898363922848,0.04268463142919416,0.03603771671131511,0.033152397863539004,0.005955345347371202,-0.015668464609058127,,,,
2001-12-01,0.006633490780816292,-0.01090847130957935,0.016466512809366923,0.026917442005311352,0.10393318812900879,0.0347092122917351,0.030480366641525397,0.044572328890044394,0.018248878329037366,0.044447175221464505,0.014714667338468386,-0.035688113777988605,0.0527761149953291,0.02478139963990595,0.06563097007043855,,0.05356479032136313,-0.01460128624178453,0.045054991674218156,0.03716330488714178,0.014844947362677914,,0.011377740642313866,0.00031434329784062393,0.030558704687889435,0.007017413637175438,0.010264113034914561,-0.08497194431284665,0.053964483044252214,0.07055162145517366,0.057492881556670324,-0.023742137566544308,0.000810769521673949,0.011014554145564305,0.03143153308610386,0.057851893073422596,0.07171995761018606,0.03656698456921562,-0.052149066660862636,,0.014032786886273161,,,0.14744532999265406,0.09202682505587298,-2.7072893304921626e-05,,0.060464304178167706,-0.036868411808464265,0.03833253014887461,0.044056660075298994,0.015172525578159951,0.017051863753438378,-0.021245755816550665,-0.030367838873454185,,,,
2002-03-01,0.08400425769760189,0.016918845093749024,0.02244079317229759,0.012172254109635737,-0.021402779439521707,0.02703246606265908,-0.04509942179442544,0.020733434455620113,0.04041839003559186,0.06421859332242752,0.011569533324059442,0.045538475909273575,0.1287950164290247,0.03107059778382288,0.05298514953109955,,0.04286261450714853,-0.002308538052827864,0.031181522571356174,0.0004921490140551683,-0.0017253488687720936,,0.02145837856245031,0.004929591828377516,0.10390211606583906,0.045543809534522445,0.08564310362285447,-0.0817297794028221,0.03843337753612395,0.06732730842951434,0.07336386027702908,-0.010474113469416135,0.026255763499841246,0.014625764599623127,0.06513338714344336,0.1319116912027464,0.09996104869847376,-0.026596972009751137,-0.043898550041534104,,0.029041145590122955,,,0.017432504873077424,0.10123497905915964,0.04741799187474253,,0.08003203634486761,-0.006485758051422527,0.06254185086975056,-0.01636703271333164,0.028309062839157878,-0.01723373600612114,-0.004905495066092715,0.015337963837679316,,,,
2002-06-01,0.006823303086205356,0.021389040457140997,0.0020589479690538495,0.04031326917514181,-0.003133402179400114,-0.00655874061517239,-0.048642324196856726,0.016756758373665172,0.019212366059746806,0.012245401599026205,0.02974895538661881,0.009702333484218562,0.03151316539307727,0.12130367505747587,0.016709804640976832,,-0.019669959464423608,-0.0145104463240224,0.05107745253095321,-0.01876858689796461,0.012981536746662754,,0.015311072418485953,0.040365821919220495,0.0596552811344731,0.00992885397723564,0.049891340980096725,-0.08352497587703052,0.03743183440436545,0.041911362180697694,0.02986780650485593,-0.033957263782590535,-0.05183998515472533,-0.007060282186595366,-0.032206594674546264,0.04748229292588595,0.10711591489217621,-0.03268142205983925,-0.042099721507148545,,0.008969235280032012,,,0.015185009580754317,0.11079787935485243,0.010233751213447372,,0.009516733429304643,-0.05109128393302866,-0.01590623394059647,0.00231782839470531,-0.029211454221208136,-0.015932411353102287,-0.0029496610386086043,0.02674739428249873,0.07798628391488578,,,
2002-09-01,0.07104393469926919,-0.00965306557258938,0.015741118887816756,-0.018198122141316792,0.0678728600337607,0.04532679346668603,0.059361951622122676,0.03812246112203661,0.07743487929185976,-0.037154332777320796,0.05894618309744172,0.009175670508020596,0.01397434042302686,0.030624928986942645,0.08019807058788941,,0.12561370859688942,0.016376395699168746,-0.006785433650334618,0.015112513113559706,0.03661906101590009,,0.0039123124872770445,0.011029736708733208,0.07302245980749124,0.0009863980888821465,0.06643348049747108,-0.023746428528762836,0.03304156699841796,-0.01704909194012023,0.04286237481399151,0.011039856080559563,0.023338382220157328,0.029409958251710683,0.07123694685313454,0.06122187677568251,0.09184804971933834,-0.028373358620254734,-0.01691322782684577,,-0.012667368489572664,,,0.08953695967878461,0.09436199027701123,-0.007322231141065534,,0.0537057025495064,0.04686655784723781,0.03596763146540955,0.04815749866077576,0.038246303986876104,0.03888039091032045,0.01605204665562838,0.004517045192500955,0.10910640018833265,,,
2002-12-01,0.03795756842219117,0.01987159572928587,0.04371671806149699,0.032700621355119336,0.06230888280862854,0.04133772835516456,0.029672592445341543,0.014924816358873726,0.03127911535921675,0.02511037125742995,0.03890041757438305,0.022124504315377738,0.04892059222218806,0.0437641109682069,0.05701437385911776,,0.0858377135585258,0.03900820589180447,0.04699127298387122,0.026407895807255524,0.05558222198168298,,0.03545303563475251,0.029485577140735218,0.05120355702651671,0.03277141555697521,0.05588140817012253,0.025365342706256212,0.043170522774882925,0.026689661526503056,0.07220783939547197,0.005583459328606892,0.026850520449105474,0.02449387810430968,0.04450278449485753,0.06143631967185036,0.06623509831403977,0.04464479499070312,0.02545222138560969,,0.05863705407086004,,,0.07559026467921451,0.07080545357779953,0.006691982140392238,,0.04215914062198749,0.05819226204278294,0.042236943083168506,0.015417634929685101,0.048754710576112706,0.05773382249237338,0.032573495222503274,0.023685831630353874,0.07443406377893609,,,
2003-03-01,0.10633180407549592,0.02518291233347414,0.04916789166823266,0.013441669448567294,0.03619159930721863,0.019919930559661164,0.033528514702629374,0.041029809485499225,0.010804853364275148,0.037933874580871385,0.005234144587361855,0.05926578690539212,0.09122624731814419,0.11454451606135721,0.05705356078191346,,0.12781104144516064,0.01659773434395364,0.040599565822631085,0.044098668742126944,0.005664056820501589,,0.004341030862380688,0.04675153410111708,0.11026019839577525,-0.00027744189898772445,0.057008400442168566,0.017017395276429533,0.029675613415050216,0.026800967844314554,0.028231130099476857,0.00601457656087384,0.03400806056849506,0.041308750113278066,0.009375143645860999,0.051018692900741555,0.1015491623542544,0.01978113443437352,0.016760027406228895,,0.01698073652715896,,,0.018192101368367873,0.026457631552623324,0.01905086868317923,,0.07598521837198077,0.06884401399174665,0.02081982508898695,0.06900943763393559,-0.007601616452224932,0.015509983907443283,0.027064327160645555,0.045196349075866546,0.0861420340920987,,,
2003-06-01,0.0728379162934771,0.036860966868664594,0.03530136411769729,0.045958784297180026,0.03957898956584979,0.056301244125020536,0.03117531365260358,0.027297269016663312,0.02370587280240287,0.0404184166303573,0.03409051117532121,0.032768257453432724,0.04809631941004851,,0.04089392814375531,,0.08166358372439403,0.03441750702988146,0.03197892298983146,0.03660414872150873,0.029393467330972714,,0.05368094563727856,0.028993217705323805,0.0677380799486162,0.031416445221079004,0.04870454497346983,0.029743905445018207,0.07120880361107726,0.030736561174466177,0.05341316204848033,0.005598068289509586,0.027452739895273127,0.027907842171205097,0.043394203950154045,0.04931263973497955,0.0695492108477552,0.020598407342895156,-0.004292818637673968,,0.03573497533943707,,,0.0358487847796049,0.005825171430720524,0.09320146494068078,,0.053019725662863774,0.025479254932719467,0.003979313463064159,0.02465217604693234,0.0038738743901598712,0.01772914119529081,0.04120415527286521,0.035688136741923844,0.08166358372439403,,,
2003-09-01,0.039602856151761096,0.008016610421773146,0.03676620301418935,0.011468280096763102,0.00982398356294803,0.05052772524860853,0.035361978127549425,0.01821772996209008,0.016111204635838667,0.019040871017745983,0.07018648875526189,0.013920886387362226,0.012964752931822142,,0.04407021370670442,,0.06938323073171762,0.013864859572657925,0.006263492315625445,0.027228502659699415,0.06570852311702213,,0.008952281059427738,0.028304594782011156,0.06204506670079342,0.02648202229746933,0.04236460532841992,0.021911593366332128,0.025923708646608316,0.006263492315625445,0.037380937283586595,0.004017111152422159,0.012759350858481741,0.027962822920757986,0.02523726220130432,0.059385380940856436,0.0622264779255513,0.03324821671487638,0.0304774489348354,,0.06754096972842344,,,0.10852497578770823,0.010300657771972683,0.03385557271743731,,0.020451294328017403,0.031140357353883846,0.03660316200511019,0.026025213459744182,0.04679291761526079,0.04023353973285826,0.06901850352370345,0.035576692358329096,0.02830619544197823,,,
2003-12-01,0.045342066559922234,0.0013838763378953003,0.030460798203550233,0.028370729878108555,0.0022772087786178162,0.04254709135464979,0.021047637369317477,0.025623558361602704,-0.005643179854259611,0.0023800518381148898,0.025952139175298254,-0.024598365412971723,-0.00472931168376453,,0.024026708802984666,,0.054607343928885055,-0.010165505647041067,0.013692771777739485,0.03770265282971855,0.02598289570940134,,0.022011843275381953,0.017784555475832405,0.04812626679549207,0.021371559851221047,0.040339795739040736,0.008921889068871189,0.013327661786000013,0.01467145069204001,0.039685776506710374,-0.009831591396376255,0.01129573617313653,0.013096700263059365,-0.007381631426881518,0.046013430975575864,0.03322327934309172,-0.018325768015998084,0.011162580758658457,,0.04759696785517103,,,0.07205454249975311,-0.013150633467744215,0.026942477552875335,,0.006400473447083871,0.0072194828116449086,0.04649609524926759,0.020419426196467992,0.03330459902550879,0.03880080909104829,-0.01588435451093534,0.021847888079588137,0.040688737529245594,,,
2004-03-01,0.008196744993576314,0.012310136543174631,0.029799466591008003,0.03142026003439658,0.0016096818782562847,0.015914547516570846,0.023813102617498878,0.030951793223663374,0.015647692363604537,0.008358407998134289,0.02018331031677203,0.016345364632267004,-0.006042692723862364,,0.030448208889996317,,0.04445262009442989,-0.005481339093209101,0.018350251741526064,0.03190245600402299,-0.005429659608252162,,0.01043804322951905,0.015052831808666527,0.039192393369074145,0.010499117391338731,0.030583810172838868,0.019012464206959796,0.015308323153626966,0.015308323153626966,0.02850084852484075,0.004433244832506322,0.013287057083496033,0.009706529842541018,-0.011620537873113661,0.00023526694452657323,0.035562680552339576,-0.009613594329004261,0.003467926472354956,,-0.0009757401584169149,,,0.051058861105816394,0.03430051958350283,0.02201527297493031,,0.0048610671373868555,-0.0027965429457698612,-0.014278462598890118,-0.011819751721577567,0.01771840273507839,0.019820015442859756,0.0136219599328291,0.015705534985027345,0.027662010030256513,,,
2004-06-01,-0.00016107061273794022,-0.005984012839884794,0.025024297509169135,0.03886341905866327,-0.011344202358443684,0.036947872589469674,0.021319741462316025,0.03169981016099147,-0.004871578825764111,0.005514122807066872,-0.012972600129674305,-0.014487758097959066,0.013568154038644068,,0.029331208758801044,,0.0566626350153489,-0.0046344916662613474,0.01720610278132424,0.027821646580142714,-0.01970605867331586,,0.0069078777804200625,0.009943815866731168,0.030856695350176058,0.020467858454216288,0.03719292437885091,0.007260201572628103,0.014418159014685237,0.01475022483123889,0.02539375627950667,-0.005333545269296747,-0.021016010588672567,0.006678190587381409,-0.021810525412844447,-0.0031235493808246485,0.034789809599541636,0.0007252686205070909,-0.012973876056298794,,0.007840281753191312,,,0.03028873802818544,0.007630038694046583,0.028249938029804758,,-0.00608627268128773,-0.00435762672001266,0.011303681848514355,-0.016609460165383214,0.031034021448257194,0.014673722044892435,-0.0024587957600829906,0.014565886126112494,0.03459824647380305,,,
2004-09-01,0.018435580105837967,0.00014614887013271967,0.02156681436705305,0.001966664412254761,0.01654812529866277,0.011971558347858867,0.0247914581007812,0.031080349186968424,0.006431081481849217,0.004997668627835732,0.016428191692019863,0.0008514835255593036,0.03983307096181912,,0.007096353267989995,,0.03528454311952077,0.0025213691272903053,0.01506678315529626,0.038216105807680194,-0.00863107869165441,,0.002988648381659516,0.010739881498461676,0.05282666408144672,0.012737563582213302,0.036638056295938144,0.010739881498461676,0.007945078377931148,0.02466548529263034,0.024278710688942218,-0.0020684124459863303,0.013522765966708788,0.0030330772408348186,0.0037720329686328786,-0.007954513746782117,0.04567957972342965,-0.005863845750783392,0.01151636300534138,,-0.003925496518876523,,,0.01624147034050571,0.01909852437391868,0.01977311471502279,,0.036176683114596854,0.0009812981342967098,0.008460234654204623,0.026828051920711336,0.05342974202350894,0.019033093142907895,0.05326787247505626,0.0036007685125696853,0.021251539525395893,,,
2004-12-01,0.05395524899115728,-0.0024052554888240874,0.02428599116227977,0.031266591013588106,0.029319450910775598,0.0393180983200559,0.007368453247009503,0.03133257509860912,0.030914300323258804,0.006805608183990684,0.026574048072410695,-0.03715597787824343,0.04565486123687651,,0.061113618212512974,,0.04335803570756256,0.0035981860192911275,0.0038122344097159884,0.014450093956375722,0.007887944154146405,,0.004866019870377376,0.006653700147554394,0.05733504023976135,-0.01959925673800164,0.037612194001034625,0.006653700147554394,0.020587453355303615,0.026505401060261977,0.021058636923858672,0.001824878517415928,0.011133418310360655,0.02235569626816889,0.030685767554066663,-0.023681624204829558,0.0397943065802703,-0.004353485438604095,0.0020892629297185657,,0.02170089605925197,,,0.014450093956375722,0.006836267927792837,0.023580636948378298,,0.03423625535074168,-0.006355742164313742,0.04972583231943038,0.033941103487128185,0.03499042148789976,0.013398880095984505,0.06870301730644092,0.011814484622595375,0.008710202892000977,,,
2005-03-01,0.023437099776327,0.0011452049288961461,0.02846939370876038,0.029586790621946742,-0.00414450835895382,0.026184247988712366,0.008993743978419315,0.03279010685613333,0.03412887539094696,0.003047933234218173,0.009225445977187536,0.005900924766727523,-0.0016151656812742042,,0.006860503562334289,,0.007000622178536663,0.009884788423600516,0.012605033563424673,0.03073829085769057,0.008032833610855987,,0.007099812999156671,0.015034418402180496,0.009030815488789912,0.022869810230355253,0.03605828282293187,0.0034305450703971787,0.016199916592005554,0.02656749384865054,0.04102946852739433,0.009767244506732938,0.0181323869334344,0.004647207097065823,0.0023026980705383566,0.005593090151158699,0.049769829371850184,0.0030192789648000365,-0.03931094586731774,,0.00632076075855314,,,0.0391539715836011,0.031158007187097162,0.03686400625832582,,0.036790074282083446,0.005914049930740081,0.030539496622105346,0.0345990545636353,-0.006567892148004197,-0.005756586520131973,0.022755530183847628,0.016891046142004377,0.0173091528779745,,,
2005-06-01,0.025790269825542767,-0.017094725561456695,0.02815413889334405,0.035649217895045784,0.02318239295662497,0.035447229806397466,0.010474003383828662,0.032193609148081205,0.02357995981915487,0.02272783926462887,0.03428250652912048,0.010372787312940829,0.006295965532160446,,0.04434120565937498,,-0.025685505953179602,0.010226374088501376,-0.03600165978132781,0.03633549011536983,0.010435002099573822,,0.004984446315343823,0.017855770513008566,0.009316512866375649,0.01517778226441602,0.03537900950080746,0.019053998906496165,0.02082857564508062,0.03254939130607916,0.04371890234876971,0.004120466817364075,0.022823412942253745,0.007672047088405712,0.013773139451007504,0.016148754050538568,0.058238590100021505,0.003680760128567614,0.015058673818675369,,0.0218365749121603,,,0.03686920125375847,0.01550991695359248,0.009487710749172722,,0.03313519360968822,0.014028253574204126,0.0377192860655915,0.031695950290692707,0.018754973961737167,0.006401515663322014,0.026333081768968054,0.02438166472417487,0.027020292666217142,,,
2005-09-01,0.02469557538658715,0.015509161812165958,0.017661381464807495,0.025174224562593557,0.02313277613565779,0.033408601261766105,0.015448460910738303,0.022656485243212822,0.026123282876304627,0.03145481902902757,0.012726898621647742,0.020562134732841013,0.016258351980828485,,0.025876597425152685,,0.03285609288106878,0.015081400260332353,-0.013477075148927365,0.03034237328837505,0.02768245945089887,,0.015579289729690695,0.02116885465359983,0.03318569907803848,0.017418770924797437,0.029809541039714844,0.020286090603345915,0.02116885465359983,0.02223406803332251,0.030668857546433087,0.015579289729690695,0.020286090603345915,-0.013477075148927365,0.01993063217613725,0.020907676775458513,0.03125576623928539,-0.004598329202160611,0.020286090603345915,,0.03505176770887851,,,0.03858943556095158,0.019281628537327206,0.01628930263645055,,0.03492128379602513,0.02144489878309493,0.026785311967701734,0.02030375773092578,0.024007774597816518,0.020021347976908417,0.030095194874932733,0.027557570829132624,0.029119817774941402,,,
2005-12-01,0.02316357142168411,0.030144737504180157,0.020472380724709544,0.030861728926760038,0.028263244574716403,0.038846076115674436,0.015792411129589165,0.02478146313584978,0.02372582815613171,0.025465131599268248,0.02988842775218041,0.009711333985884084,0.012327901404312036,,0.02741980050853316,,0.03955655059658746,0.01812733035202654,0.0006036377570143512,0.04032644242221092,0.027936255216038666,,0.019476698674529346,0.019868434193150725,0.03383755642538602,-0.026625805408184024,0.03516112872422603,0.014841526042599671,0.02029458329881578,0.01388255035752655,0.0187505013430054,-0.037019958984038016,0.017272229170451698,0.018212310038214607,0.021108927710494555,0.023756307956381117,0.033643826345604866,-0.03040939786451951,-0.02974974573338374,,0.022265336001510264,,,0.03928446031239216,0.007185903839957973,0.01069837822768793,,0.03716640953705899,0.001470814967780066,0.03225714730096071,0.04054957336074137,0.02086963409136819,0.035950772843866344,0.018535534088868193,0.022618118203421352,0.027737661823380767,,,
2006-03-01,0.014433658451529963,0.04098170036149291,0.019739072775912064,0.03743151154359535,0.020247138438896414,0.03451107241573063,0.02202978695388765,0.027135205994562595,0.026960400030622833,0.031187277131150333,0.012943771822589637,0.040727008111386964,0.032775773957938785,,0.03340875274736142,,0.041787736470279765,0.027917635887645037,0.018728502311686927,0.02974588650314326,0.025120353608896945,,0.01995893249078021,0.024798093576766756,0.029571128080319357,0.03594381678323006,0.03907262463769073,0.03517387083907777,0.027967005381955533,0.015745858239726948,0.03429831169164192,-0.036403734004233704,0.032964685268134425,-0.036403734004233704,0.02886833215377721,0.028529861487497712,0.03658095930273851,0.0073847009178241545,-0.03304365730980751,,0.0414288947728088,,,0.02738592131126247,-0.009211303096810576,0.03267016760596018,,0.03682138191038648,0.014939040865262274,0.036256798318515755,0.02635607672580353,0.021845828725040883,0.04167782141155661,0.022985457379527827,0.032338924894416636,0.032071370409663125,,,
2006-06-01,0.03242152552373657,-0.0312834569828202,0.02615172920774546,0.024483929864661427,0.022279370822275036,0.03800759592463033,0.026825066143131755,0.017515972597983823,0.029828332639754047,0.024105084542151333,0.030019868933965885,0.010619727574558955,0.017525968248210688,,0.033917099728828885,,0.015354215981338029,0.03154611475100911,0.016566765872027923,0.02900437883351417,0.02431389961445066,,0.01404622382587177,0.0189561094991167,0.022782833046614978,0.006934471951595581,0.04202773490863478,0.017879171389151096,0.020485278009841148,0.03078022945071306,0.02006840658087021,-0.03684780807165091,0.03031977473253021,0.004422412890951911,0.025284568133766207,0.03168272666320996,0.03808157066467064,0.02255695771228622,-0.032554440517723125,,0.018009386782268478,,,0.04457201806210375,0.010725195294958726,0.008254872780466342,,0.046964284366258977,0.02042182437748013,0.029595257313132454,0.029306340252380943,0.018352854305186603,-0.0274662055363294,0.03778997084227224,0.020939468503295807,0.01322133051271288,,,
2006-09-01,0.02701370301566784,0.016201622109097962,0.021114538342363532,-0.002103546571633276,0.02890102239387987,0.03850754206926255,0.012678550643180115,0.02940085867956323,0.022831658931637775,0.018237888440471237,0.05074959201088152,0.02277522737093047,0.012358851440847998,,0.019113508438029135,,-0.0003368774164415056,0.014856779305712473,-0.024924058391845118,0.03251096882044625,0.021326600135699505,,0.010584095754902163,0.01739991061721147,0.0322908466649331,0.0151367270918582,0.041864415913971144,0.01727468040230116,0.024443904240064172,0.02704811221243975,0.02250147378225789,0.015379976130227173,0.023250070867058145,0.01755394047737351,0.03032515496917563,0.02355716496783293,0.03417136713568782,0.013395256847712644,0.02212449839930604,,0.023106868069025496,,,0.02116962714173203,0.024275890193125257,0.021097265648167097,,0.039173116552252814,0.03254462130018723,0.020628685450695444,0.033774010469693694,0.02155879760550254,-0.0077563564256423025,0.03551495045087582,0.02151969705135386,0.028780206033498793,,,
2006-12-01,0.020458619076441163,0.003439224321171161,0.024175413222013595,0.004320608867560182,0.02783324705073437,0.038924893554112744,0.029645430023983767,0.033201496138182386,0.014552294894235826,0.006472934272455827,0.025477386267928833,0.029473699137385873,0.02727724514979736,,0.030507997463913913,,0.002404964384523313,0.01481333760141815,0.0032034330549956577,0.03930527655855348,0.028487257694755904,,0.016787582911078774,0.020958654044602853,0.0386084250670615,0.018716442825289708,0.03697167755927647,0.02721996326091349,0.021031758496338725,0.01567996076872215,0.020014027885061292,0.009641057082172295,0.01767918976963406,0.018622411220683154,0.0407089522852654,0.03413450921833209,0.0262137408683413,0.018226252288770877,0.018616885374002516,,0.045154056344910626,,,0.01767521744585243,0.025768945881653824,0.03721226368654196,,0.017569132706073274,0.011158511674616695,0.023278121507331828,0.022365779084104555,0.01755036137533818,0.003632684731073483,0.03538092991415867,0.02475194628514631,0.029759335889086733,,,
2007-03-01,0.02742970056803828,0.007122827410291176,0.012906933502723046,0.014257417840316904,0.015257686569026914,0.02996340925161332,0.020273232397878083,0.01676444490097203,0.01741968087692143,0.01863174689370587,0.023679526741157017,0.03187072164208101,0.012599358633370581,,0.03023737794336652,,-0.0039787410020039,0.017430388514384828,0.015307313161801605,0.03264308235847394,0.01708805409292956,,0.018197567244061377,0.021630986488882457,0.030339279012442173,0.04108842343023886,0.03826343355666858,0.03238246561857878,0.021630986488882457,0.023081166385884273,0.041465745000926126,0.027560510567635827,0.04001235620866357,0.028859801053828717,0.016280113668212033,0.008446377680023676,0.028214553907690464,0.01509460975335936,0.030417332849818436,,0.03977609527047249,,,0.027933450758440427,0.028748867202470253,0.04211607520575981,,0.036695713963687045,0.014782474237519178,0.023891691355602526,0.04155162868180953,0.017200150482852054,0.03355919162795114,0.022146561931376083,0.02125366491819518,0.030925500885205733,,,
2007-06-01,0.03127902186036339,0.017980859152719443,0.029500320316204295,0.02007402566553397,0.013018177362907756,0.03717683783166,0.007180029866335689,0.017945097038515673,0.012394905887447566,0.02046690314054085,-0.01034178183259694,0.012496998873765179,-0.019789621670540714,,0.018346400709293515,,-0.006303455744281811,0.021402672560184792,-0.02436005289047848,0.02806159481938763,0.017043376993916882,,0.01706404232288425,0.017007163836050707,0.03368473699691698,-0.02436005289047848,0.032141038783787344,0.018984868580104185,-0.02660804931587588,0.02197837592270562,0.02235224524896519,-0.002714387519528417,0.03018779807170284,-0.002033462011530315,0.025096814682524598,0.006062792966342344,0.03300415650788422,0.01865433094822221,0.018984868580104185,,0.037867786718255046,,,0.025872184823287812,0.0295319682155577,0.004723012937775448,,0.017452463667008068,0.016821794925355724,-0.005483835069932936,0.02777053266565351,0.01432953489663167,-0.01217048392542451,0.02880307639079192,0.028586848912755442,0.018677470518301896,,,
2007-09-01,0.032479967696504825,0.0005441663357535881,0.02862636921280513,0.0012029957867354378,0.024273700331793317,0.03118084395192941,0.014240650506507769,0.028062364350868237,0.03012031455893435,0.010670724523996582,0.022266235467872784,0.01751077670333788,0.004662059532329438,,0.02495804294121037,,0.004737307549705978,0.01626757896417363,-0.0007442229067371041,0.027203811203101145,0.02127260316439077,,0.01547145902977383,0.019992636669410774,0.025552254137628395,0.019184082857408823,0.030779922658808426,0.020020526840434042,-0.0007442229067371041,0.019992636669410774,0.018693090229323195,0.013051352596442311,0.020020526840434042,0.015739573946678118,0.034443673702845026,0.02796115098065995,0.03230599658372378,0.02229363322948211,0.020020526840434042,,0.022694480889718496,,,0.06023656772790471,0.03452062205459508,0.026410150490972825,,0.020456886962588405,0.02161678085134502,0.007112559683435344,0.03409204727083524,0.020814111849702326,0.017456483022845234,0.02204776027372815,0.020648154029168777,0.02879952617434864,,,
2007-12-01,0.03111280158582374,-0.022113500441544434,0.031820375147492724,0.007897639490263876,0.031780813582634446,0.033993719667068385,0.02049418909597686,0.03142802058664653,0.015176679714876679,0.011701976717743163,0.021809122942154282,0.01639008900210963,,,0.023823512201035364,,-0.006912781231558716,0.017608794259943415,-0.016385477343722924,0.03679825613015126,0.031203919307565938,,0.017239117341475346,0.02392867572471612,0.03147436034585312,0.01639008900210963,0.036325215402043455,0.02149008555208066,-0.024795779405605515,0.0236433242847507,0.023862017483127277,0.014983337198982231,0.02134741917934326,0.015950261161029534,0.02354722372570008,0.001777348723186487,0.03310195594471654,0.019488626391584933,0.019462936348280648,,0.028770307879495867,,,0.022680315176817997,0.01577317447975563,-0.015952075173888927,,0.036059355809822474,0.0277143216080725,0.010752089200289798,0.025084823122759982,0.023451311987197458,0.008283522811998408,0.0363558300557085,0.017302869631682774,0.024345662902983872,,,
2008-03-01,0.016346380937883858,-0.013836830259826826,0.034892116804550885,0.03727172975925317,0.021448593442949325,0.04320962738602985,0.019655147271000935,0.03507270465505005,0.009600456627274349,0.03149822600939321,0.02158975523711155,0.017557211803346833,,,0.035991897542526095,,0.008487981714883222,0.019730645992662197,-0.018485877128842892,0.026794744079502927,0.02993734743033191,,0.014559626748520647,0.019258209871539932,0.03659631658744963,0.019932437342259822,0.019530865744069446,0.014706537693852998,-0.022755451330721196,0.017502156189298877,0.02217845817069103,0.008856435527410023,0.022328277016540565,0.023908012370516502,0.026572262033746845,0.024746399991623255,0.044799971581808345,0.015336061848509452,0.017502156189298877,,0.028011310251141043,,,0.03930485096442525,0.015281589407156725,0.02496997397191591,,0.03651433119773546,0.017504274232665276,0.028624361706452293,0.035859037059277205,0.022328277016540565,0.01337615256810979,0.03627224338294053,0.02954177076438577,0.03477952927023646,,,
2008-06-01,0.04125051168634749,-0.009912400538343562,0.02562188621572299,-0.008025039702228596,0.02115424074204788,0.027671713454687007,0.02707080600104361,0.012466147234761825,-0.007233447121379675,0.008419536044158358,-0.0252895668958005,0.009327920422083464,,,0.03199016968644893,,-0.002195586975494773,0.026387957458900414,-0.01175061451581511,0.03448500506104846,0.011965969994351124,,0.022133634406158825,0.015606044188382144,0.030648019815099563,0.021551500067989966,0.025167393269198104,0.020380769563585286,0.024870521563660448,0.022987954700974953,0.032543871816258195,0.009402894040067843,0.026991101731795777,0.02296931813461191,0.042993868769552315,0.019090840892663257,0.03368851332719616,0.02343749452460288,0.02035674140162969,,-0.01126466653724438,,,0.05169316859296861,0.01645245891465551,0.003566393576002058,,0.024542163713620307,0.03428020023186252,0.021908913740088853,0.04436870463724019,0.016384953485174512,0.017141150365551857,0.0338960176148791,0.02728786727571683,0.021742489890388326,0.009414831600547532,,
2008-09-01,0.04960447757540638,0.008358128856930354,0.015663875786791234,-0.02546484199749754,0.009410914349328094,0.013710626372637431,0.02897826121706148,0.022468097068388603,0.019199997256992216,0.017857902655194487,0.024971549608917884,0.015719352454298792,,,0.017836286782357547,,0.02548899301334625,0.012531447103384602,0.021981360849151477,0.019368921938590397,0.024354413420168454,,0.014941429784849084,0.02093972213481553,0.032149477265248284,0.03484294096645254,0.025432386325935412,0.01845184228659414,0.02938583957922965,0.02516116964156913,0.027229244446228734,0.01072104633707404,0.026459953208403778,0.029195993016799728,0.042131575429238934,0.03013776423775597,0.03503441232365992,0.01804457688682974,0.014923802569705512,,0.02624572926697407,,,0.056293336372281004,0.018745111536223574,0.009253990234001266,,0.0518710865336899,0.034284412539725403,0.01775274453181885,0.045134035864258536,0.03103880215157568,0.006892485639267586,0.036948997389426114,0.026025254700364174,0.0322712558437358,0.012942966553630147,,
2008-12-01,0.045040048683622665,0.007944028929954463,0.023396782115936647,0.015062783879621892,0.026354339242728887,0.02059507138130775,0.01956759404658634,0.033015250237024826,0.016648195393697794,0.03397060480449795,0.026451089901824237,0.008420395746517704,,,0.03729878239359235,,0.09200635543728328,0.014010047210444954,0.014290472573435133,0.04622061860988329,0.05081317434873437,,0.025662455007627663,0.016022157222782465,0.03152573299638627,,0.03742334831914391,0.020217288666461865,0.033092682160152966,0.018675055381203082,0.029340313577079943,0.002833868865667494,0.027567390240235558,0.014633120464367709,0.033102481116817746,0.030469362535506993,0.024617515278902154,0.0235866938567147,,,0.014619744920835035,,,0.04534551215035636,0.04541104273922802,0.02081732381975951,,0.01038066060645669,0.011580732510673831,0.0247224464882813,0.0050519736039548275,0.03713764954415145,,0.01609450154660202,0.02466709017093895,0.033116676096457215,0.025087389969945785,,
2009-03-01,0.024046068639968193,0.03512145126995088,0.021555826328261106,0.021782288772900144,0.008654497123557765,0.03286381032077074,0.009724065419013987,0.02108509940346852,0.018399710102006226,0.026889669719334697,0.01819255620326402,0.04250237646528414,,,0.047273680427335554,,0.08188717583691191,0.023109407739648972,0.005366631505689838,0.02847307036543467,0.04249207726494016,,0.009724065419013987,0.019693779780501373,0.04234020239495988,,0.01855767143401091,-0.008966328413538404,0.053253297025259876,0.014024068707001415,0.03534407247457088,0.006628858296366783,0.019027954244632373,0.012386333976467713,0.023208662358979715,0.028930889364848764,0.03637465242566968,0.026641077490638352,,,0.02960839941009277,,,0.045633186376335455,0.04197449521062184,0.0382688239007974,,0.02972997490231128,0.019922623942294278,0.024468516398841175,0.05666484084366526,0.04481812770524474,0.047840603345534895,0.03231571705791043,-0.0014260860011638074,0.051429214160467765,0.022959971155454704,,
2009-06-01,0.061407139693133155,0.04652019465309827,0.032738706207602206,0.03830954093789886,0.04165461912521901,0.03149355719226909,0.021863644835151443,0.010965957649531958,0.05025886089656765,0.04693536526669488,0.031656158787213416,-0.006640322156080302,,,0.042686778330610485,,0.12144329779584771,0.015021179551419751,0.002740326315469399,0.024840841674677826,0.007640093102477403,,0.0003129056150875958,0.01862743980987023,0.04297822209300055,,0.01571152913939947,0.023015379050304974,0.04336770426827081,0.033322514806796745,0.024392401745696308,0.018537276982558925,0.0477378011299739,-0.014421554163496253,0.045471122967031964,0.03824293711274201,0.01948549621127636,0.07703904634906232,,,0.03605919536014448,,,0.037757707599159473,0.024410566726421713,0.054040150374319085,,0.028533385418575273,0.007345690320978104,-0.00017821483890687504,0.0022522188588481487,0.025660676800320067,0.042853536763888644,0.04228945918932,0.03632550887932222,0.01846808415332386,0.0202884107459781,0.01930059878603736,
2009-09-01,-0.0432306855077842,-0.006062547694523034,0.02692688872649405,-0.0095158285971113,0.03551949209552169,0.024502123548365076,0.012137591458973371,0.038825873853553766,0.02161505430865684,0.031136344428105773,0.01804426843953957,0.004752726844837171,,,0.029909292319638264,,0.0889439644162542,0.018418862681498154,-0.015488575088392853,0.03283775146277605,0.03681105811442541,,0.007337283721045391,0.010372256232258395,0.03981123568481504,,0.02148951328224069,0.022143612826665663,0.020287658250152385,0.019128146567039844,0.05267513113826637,-0.012911796439249699,0.019826573093086584,-0.007674007992034723,0.0497278105265158,0.06225039647838629,0.026750293935074335,0.023818324343913757,,,0.03632483785777939,,,0.048342203907116334,0.01581495119542215,0.03558388320318151,,-0.02044057614760253,0.01176173424422468,0.0001092678517427185,0.017063436173453697,0.06240591470268196,0.03822502823820342,0.03636031291206599,0.042111109909125616,0.010957331509673502,0.01765369134954198,0.004584259805199753,
2009-12-01,0.04923511762950351,0.02625830329697432,0.02799473714899301,0.032263505627006445,-0.029770967153550452,0.04242768002854883,0.0035381968419533317,0.03889363246620019,0.03129645918472035,0.052328955340285394,0.025368164047266675,-0.020786388958605004,,,0.04629229092282908,,0.061944242156470465,0.02364141432317583,0.012222159143910888,0.034165182389939465,0.03248186275375413,,0.02352604296970325,0.019124007281657557,0.017125631136901177,,0.03011004721945,0.027942186541297744,0.04142769866500612,0.023937662526659544,0.03653868267679244,-0.014541659152239058,0.052680858151600576,-0.012682356512569737,0.09410219096639744,0.05483635869744357,0.035129361421824955,-0.008260500117152254,,,0.045889045938473365,,,0.01895992544940825,-0.0013413096258768765,0.008358027650147362,,-0.04670224802262552,-0.007774852468757922,0.0201075083387287,0.024372802943053683,0.04839672082782503,0.0274653619695635,0.030555079925865612,0.04558222562449525,0.03509572305585922,0.017553907139820572,0.015041507871706637,-0.035614267973723156
2010-03-01,0.053958846438721834,0.018245588559292977,0.011361541896642036,0.016820325833631786,0.03874344774339226,0.01722091153805555,-0.0018200373053848884,0.007786866807656768,-0.002846611879210123,0.035817337755399824,0.003327378630931935,0.01745451798362436,-0.010552641053754534,,0.011796011782878691,,0.07648754673231245,0.0358813974651795,0.017731393163599885,0.011962596839254106,0.014166835107166447,,-0.001612792321362236,0.03139639941681377,0.022028890660482997,,-0.0016291930807598295,0.004118108133747389,0.022999799058294423,0.01636670413334132,-0.029059013380696448,0.0181336130761119,0.024606549621960856,0.00549159297436582,0.04837824623919469,0.03352934582128726,0.028500427990157565,0.0015632240118789173,,,0.004912801047359035,,,0.031781347489437485,0.03006945173624015,0.017182601651867642,,-0.061901861191561644,-0.007226948182442367,0.0022756017267688694,0.02829398473158796,0.08936564589211941,-0.04578893180703024,-0.002615128793311531,0.021994477782148525,0.015597257977216112,-0.006706311968852722,-0.006665573786974021,-0.019327210895738255
2010-06-01,0.05999285673418677,-0.007984541839117187,0.009948686860794092,-0.0052511088555443905,0.008871694474879472,0.017557257217220366,-0.008806585091423744,0.011432346407633036,-0.013779447760341698,0.017398089073286317,-0.008766892843294466,-0.01617176704805429,0.008538105945615748,,-0.0013629018253796014,,0.07189390126005414,0.025631233721202667,-0.001646521020478753,0.01282901428097949,,,-0.014367765419548194,-0.005677685342625329,0.012487363919813572,,0.009908709944840763,0.002768208483230529,0.025504621931852337,0.010775703693931035,0.004617199788879098,0.004745812737980554,0.025528633408164157,-0.054727981330419444,0.01987116528442603,0.06369792919788422,0.015031119233941499,-0.006456003148161116,,,-0.0018099181248291112,,,0.016141528699284282,-0.0033592770754567926,-0.017752488769647263,,-0.024003466512330138,-0.009632829050857007,-0.0006036610647273796,-0.05631499392567828,0.010949292077698817,,0.02176422528802383,-0.02611914058272835,0.01672229493772712,-0.01967118645657207,-0.01809276521770164,-0.07822467658933834
2010-09-01,0.03697538925865771,0.020580681051859947,0.014218314209526546,0.0040163880975749265,0.0024743200569888497,0.021264448506103574,-0.007137773621208905,0.0467162649318624,0.016089239926653898,0.05035779746961439,-0.0005441697293839667,-0.013847929965928433,-0.0074158302135292065,,0.015133458082293806,,0.08012470610620623,0.01447442665942364,-0.01387975055259473,0.02519720624374598,,,0.0026157247893404613,0.0025188853051327,0.039182524495867954,,0.019182356023941638,0.017102688614588146,-0.0011664323941527324,-0.003067312209512102,0.01749064871145711,-0.012994395527943969,0.01577323420392305,-0.006506167082069738,0.08694165681080929,0.03143184610659368,0.03970083140731762,0.045398542992406046,,,0.009367111886989802,,,0.0349454104845365,0.026414444651248623,-0.022933272847890807,,0.004530870016203249,0.0020185655304276956,0.012300381869011688,-0.03508145881185707,0.049490221178875894,,0.01974482117003571,0.027744579186886904,0.015421454510978429,-0.01243804238067126,0.01405170125398089,0.012023137727207162
2010-12-01,0.04745782344871657,0.0244189420837278,-0.011146552139636636,0.009303878069191366,0.05193025959873505,-0.0028278907172174044,-0.015931244153016035,0.008034876297329558,0.004086040745459115,0.052350033390327344,0.016524835038287004,-0.002280036411183268,2.3190023937829885e-05,,0.051316618638587545,,0.04632344212186556,0.01995240814862321,-0.002471327485290251,0.026846278420072964,,,0.014804653166274027,-0.0010410607423878518,0.04305176800403535,,0.025595629778673957,-0.0030725933934424806,0.04077514942563593,0.014585622073722266,0.03498207297501023,0.02211708897689351,0.0129701617950393,0.012161010242104024,0.05194043673614905,0.05296881269918897,0.02572226021209561,0.029211121331248993,,,-0.008800510836681971,,,0.03135873457510887,0.026738499173567916,-0.02298339026467088,,-0.005104248760156082,-0.00853934643686676,-0.0028097806520478667,0.02208903354529489,0.00923865585619924,,0.027529819456746745,0.0020894822630307982,0.025819535147166475,-0.002695727846583464,0.023737257122305913,-0.03669755263613513
2011-03-01,0.06106600960731701,0.027127868039868094,0.0004479611160437487,0.028850511095799378,0.028211005453544272,-0.0004259733500173621,0.01066360722970077,0.024178664877802066,0.017614653336577878,0.03765076831239104,-0.005629875367794173,0.018699517513897073,0.035437168393591484,,0.021158861480885718,,0.1264468600467323,0.025141043985216,0.008390140287540298,0.04302536331592382,,,0.003692985185332678,0.0046605928215587705,0.041585413466328366,,0.003410398520963158,-0.018106401523108606,0.021850658995900805,0.005130083237360794,0.03392975517945753,-0.0561282044745281,0.03172964561864139,-0.0006487055372777452,0.033517895820745235,0.07856508094975219,0.031214238080477477,0.02948670525222358,,,0.01691834004453582,,,0.027647343494546534,0.024773132607616485,0.01702399994227377,,-0.024732703397638674,-0.011769000998562894,0.009641425530994967,0.016178468832757007,-0.008248581646278865,,0.022772585165934528,0.002888345388540546,0.02566500082867275,0.0033314869230171916,-0.03972105297607206,-0.004875898286380226
2011-06-01,0.05018397785953643,0.03497376847811455,0.03396078721924901,0.024738867678625338,0.03587267236644409,0.0261129223071199,-0.0008776180601135157,0.01685403525532126,0.010723625884216959,0.040953826528540245,0.013152738495833741,0.021941514771399488,0.010421451265321019,,0.007577898568056568,,0.1201343414018131,0.009401341047732858,0.04671335749959511,0.03990076640499521,,,0.00840957459637819,-0.003426213746044037,0.02008019233056323,,0.012742812861103308,0.00842934227952644,0.039171666007552765,0.015138033463944428,-0.03143581754447332,-0.055586596639896305,-0.005641334735973864,0.006809700589175793,0.028728700184583105,0.04354328218888924,0.02921482921675535,-0.0063354103345756325,,,0.031562900172306584,,,0.02195393609443765,0.0209991293449702,0.02414975747041861,,-0.02706069314504462,-0.014214080987482341,0.0324736617857152,0.008734144023704385,0.017765688592475227,,0.025882116734872902,0.005863954429286372,0.005029404122366282,0.006566732548912383,0.04718597395140864,-0.0828547352702228
2011-09-01,0.03658488625799916,0.027762943759760114,0.02393488718186384,0.016245499187218432,0.008527783227917082,0.0269906613340828,0.003249860978355562,0.018745833035106442,0.00766289128103627,0.03466607726389455,0.028945243767491392,0.01545502474947492,0.005079973962949786,,0.014246434164578787,,0.07237881118648813,0.01619489587379016,0.020158943931545048,0.028219627005205965,,,0.009116710290561282,0.00806859007337321,0.0314694771235261,,0.010657535098100905,0.0054336688867702605,0.0104717834084288,-0.0026486825743045578,0.025590116090332207,-0.009710925387392438,-0.016045191180274167,-0.040828363268223596,0.04541358105974912,0.03880175186259479,0.025799199150764805,0.06426618392809007,,,0.054585349692652996,,,0.02389128657044758,0.02190625110219028,-0.012231781480227867,,-0.07787700935573201,-0.0015241727875856107,0.012624413986076008,-0.06251030019331996,0.0019110604134551274,,0.019441866686064704,0.03449141847549928,0.03509254398186484,0.01258966208212142,0.010674645756269903,0.0006137432489823024
2011-12-01,0.08072219948497844,0.03445717168873475,0.022138481148636216,0.0583281409586318,0.044638128842063876,0.03395223157190088,0.012230572351761148,0.022336755038776638,0.023082883403361912,0.02163771075142684,0.05261664651520317,0.00692346923855933,-0.0037327577309897654,,0.01868316820375431,,0.10038690900370568,0.024592407864061933,0.0175843020936942,0.03196931932587321,,,0.007794390723701337,0.02346031314342986,-0.011115120183180924,,0.0323450927067253,0.0245294651845973,0.04956945015314482,-0.010808606822981326,-0.007456045190261209,-0.0388290320232807,0.0045872422494180635,-0.028995286914914924,0.05124713806836937,0.0274941441108965,0.030534062244984683,0.05037174287778617,,,0.04416512013966056,,,0.03731536028362427,0.019309191579363446,0.01409402284206006,,-0.05362478155295104,-0.023504123699048887,-0.013239467177586627,0.00493241401810755,0.021350544470082614,,0.033539823947705175,0.03420119487206787,0.030588022433973537,0.034813609226981346,0.015224616904031367,-0.01736572980977277
2012-03-01,-0.0033383941162768134,0.029038931330109947,0.02418068245199682,0.030597958491238742,0.030071637955357753,0.018152270887931785,0.009155981563208548,0.011850453132095495,0.011673062553925645,0.030747263615183165,0.032403010695580624,0.02682347583285775,0.015600682488920907,,0.022814409673813,,,0.015588997007832842,0.007930415063541267,0.031644150145159713,,,0.009206776137195607,0.0030102181402810696,0.03824973353245942,,0.008787353207237836,0.003570890532256456,0.008326189396477394,0.00829214791346383,0.017650140807143565,-0.0007899653146433863,0.02320516452456765,0.03919411308740873,0.020323097273110116,0.03083567865602521,0.017809080314415335,0.036729920731783,,,0.021570416425939615,,,0.019962891661865472,0.026690941489308673,0.030193700177478057,,0.010151750467897966,0.002778928360968385,0.01828761439974749,0.020063798519805776,0.01917642252890647,,0.011537540289563001,0.007178670612993359,0.005922228382493459,0.005199127182872903,0.001884837055598269,0.015075947703351534
2012-06-01,0.028092136082012106,0.011542027879076957,0.024939559337561243,0.02042338620143236,0.03134403424602637,0.030128057774515358,0.009465636614296006,0.023334494720362624,0.01690809197347743,0.02822982401559268,0.0274520621299966,0.008307880987820445,0.00868523726118324,,0.012926639864452454,,,0.01683642266729415,0.01690809197347743,0.030271778891533353,,,0.008307880987820445,0.010061395925931292,0.0217453515770575,,0.012530626977820949,0.011660631986965295,0.019457057264148096,0.012454638683198706,-0.01032683919751208,0.014118628116028722,0.019937523805992233,0.010284404310309865,0.01704090734489329,0.03151904304811211,0.02561968242265021,0.028520669702400823,,,0.01907882198613215,,,0.02110657375540248,0.02698940562411537,0.0265667992210104,,0.03142330952011187,0.005827713960337605,0.01269702784065686,0.017904554157514473,0.013448621396474575,,0.015931490093984146,-0.0011712627316624734,0.03128499482411306,0.009946616928275639,0.014032354151788754,0.009793998820137767
2012-09-01,0.01646677275760255,0.02483732727260835,0.02310072087352474,0.01143750555652123,0.028841764028987655,0.017975651993691083,0.01794701034700904,0.018759460294925645,0.017064190284982073,0.02128561518367853,0.016992373491062494,0.02039439650401799,0.01442599076505304,,0.020167253402250784,,,0.011892072912242098,0.017468725082506676,0.02153003841128901,,,0.01779833731201144,0.017064190284982073,0.019627216121257885,,0.017128984854799172,0.017128984854799172,0.01937789335666684,0.015297140815773613,0.016794852554067492,0.019622211499825508,0.01908407141068833,-0.0036661422742482737,0.014466826318802552,0.02153003841128901,0.020248062601114118,0.014630512106479242,,,0.015680744847631052,,,0.0233554831701696,0.01908407141068833,0.012925042794036393,,0.02153003841128901,0.015297140815773613,0.015709260837745716,0.016812513276516117,0.029689490358904468,,0.020248062601114118,0.01935035839562907,0.023939699450623884,0.017902398705035696,0.02191359658635064,0.017128984854799172
2012-12-01,,0.017834268454743892,0.02082239713165316,0.015918288280717462,0.01097527626145656,0.02082239713165316,0.020507652616465366,0.015655699038341648,0.021826743867435043,0.015513777699689386,0.010372255336110312,0.015429988428719874,0.011124722764878702,,0.015918288280717462,,,0.016671206375246793,0.016006987834729734,0.021381930515356886,,,0.015918288280717462,0.016671206375246793,0.018966701020722596,,0.015918288280717462,0.017058847122563406,0.016006987834729734,0.017005721102479235,-0.009108473599742178,0.01892848254659146,0.01509004729855266,0.006099579369647817,0.010945020924941658,0.022037905906335243,0.016014692289253528,0.019720377897773464,,,0.009488410226074077,0.013209351639470991,,0.027615702972843933,0.013717987268276699,0.008692661640712923,,0.021956562799724067,0.016006987834729734,0.015584438826537891,0.02377387588074779,0.014067062565814432,,0.017664886698481576,0.014431518952451986,0.012124544514524408,0.020507652616465366,0.016060113854813905,0.02115370227330431
2013-03-01,,0.02026243508120858,0.021974538982014506,0.014266542715922703,0.023265937555334848,0.0169462721302093,0.016642257935000657,0.0169462721302093,0.016642257935000657,0.014343965951303259,0.013360633271825663,0.017934935990146925,0.01767055666363763,,0.013571355054062723,,,0.015793113998912044,0.016889420546707258,0.018531481198692232,,,0.016032695085873905,0.012561267010904396,0.017499378368153233,,0.013141540717877747,0.006703665480759326,0.02136169942714107,0.013991825902310453,0.007949002674349047,0.017677450287081873,0.01573275274579955,-0.005095308827216309,0.011053886016408112,0.02050671486090458,0.01942565010998581,0.01815170533200185,,,0.0169462721302093,0.013275975132075958,,0.01762932874335925,0.018531481198692232,0.021592521017958718,,0.0200383454924569,0.014473603793825686,0.018211025821676562,0.016889420546707258,0.009516428884961074,,0.014832709015576661,0.016633974556197025,-0.005095308827216309,0.01311370502328141,0.016889420546707258,0.006703665480759326
2013-06-01,0.017410855732361827,0.019173525699027996,0.016433710760962155,0.014634791324504164,0.011848742201157565,0.018079182190061084,0.017903213286103854,0.019627649309261305,0.0117513049656323,0.01397592590314949,0.010463507877222325,0.013039214405648158,0.01302882445514251,,0.01566748358217517,,,0.01663622967331716,0.017903213286103854,0.018249767972758558,,,0.013022419817375577,0.01328746676503457,0.01704954222142192,,0.012036659133921209,0.014307037183078235,0.016682920978896544,0.015398559659928422,0.01448584536409618,0.015445598748259763,0.015816725095603362,0.013611128393019617,0.016397631561940653,0.019671368148585715,0.014840029650407628,0.013997374228293002,,,0.011771834718475708,0.011833175977852134,,0.02102669520591867,0.019125951198843822,0.017544411817803408,,0.010921517650646636,0.015398559659928422,0.015027608515956581,0.015764759102722892,0.013079007525253934,,0.017436258734654556,0.013984484479044346,0.02221658659551904,0.013565416456532923,0.017903213286103854,0.011168740002846596
2013-09-01,0.025260704814372377,0.01701002322644175,0.025034443113229242,0.016150776136176048,0.017348997141685023,0.016400916654239192,0.018250738583629342,0.018137335326148387,0.016977421935033505,0.015763050085242966,0.02041061507391343,0.015327239478328408,0.01582302474961998,,0.01887354047622171,,,0.022516063111670922,0.0037083517663238277,0.025390163309581163,,,0.015235380086858426,0.013690941537060528,0.01700966794803966,,0.016524382110607805,0.01652141539594361,0.020761472557307706,0.0051310007668762,0.017761291564210767,0.014999606631559071,0.0051310007668762,-0.00032536640434980174,0.01600739703271122,0.022208160027351993,0.017576975256685688,0.01854652173825832,,0.022751310617144492,0.014310227096761928,0.020271338805616913,,0.025105728812732347,0.024692102569376078,0.015210654281923081,,0.005173637024069095,0.015571860891696253,0.025486637876995052,0.023681348902571158,0.017097918369144323,,0.018418412786891,0.01649144866631534,0.022381108987253148,0.018842846542396596,0.0037083517663238277,0.017034035376692413
2013-12-01,0.02349256608563919,0.02163199001618147,0.021041558244563923,0.02087032634110189,0.020994570061837126,0.021041558244563923,0.01730964439515,0.020661423155831332,0.01877100798947238,0.02060646907873337,0.02293890599427734,0.018565884366008933,0.02212202972244322,,0.02054669305956365,,,,0.01730964439515,0.020502529488809068,,,0.018565884366008933,0.01730964439515,0.01949685020866093,,0.023183418076082287,0.01895398534911269,0.02375205136167843,0.01895398534911269,0.006068490700864699,0.02223725139478755,0.01895398534911269,0.015997530061387884,0.021041558244563923,0.022258452374187263,0.020035878964415783,0.017813725762235492,,0.03408524959532287,0.02182735483473898,0.020360447615505494,,0.022710202673950575,0.02056920986631769,0.022466592638850206,,0.020994570061837126,0.008124173549014107,0.018595484005996615,0.01730964439515,0.01895398534911269,,0.020543402699958357,0.022195544307572198,0.024661585143720202,0.01895398534911269,0.01730964439515,0.018753915368770985
2014-03-01,0.021233283045054566,0.027262727537078115,0.018597561506581966,0.020831227390486703,0.01304748216787395,0.022913451306780467,0.005591833474897288,0.022877731225647038,0.019035344681669956,0.023220988003991454,0.01830335338453132,0.012287074351868462,0.017777390526281307,,0.020499181900658907,,,,0.005591833474897288,0.021547215789164804,,,0.02444121242494666,0.020050925999884645,0.0234955854100692,,0.018520550863430327,0.01863665796419133,0.019035433310877634,0.02252902934019257,0.021427808930942826,0.018982981818659553,0.024006843942932937,0.026976673102347175,0.009045831879239106,0.02530714891452158,0.024232009268034576,0.02252902934019257,,0.02437194764736106,0.016527764405606306,0.02238928709480987,,0.020526222427388753,0.026163737490862246,0.025047238784480133,,0.021454312719129894,0.005591833474897288,0.017777390526281307,0.021454312719129894,0.024006843942932937,,0.0227063460393783,0.01458006888165341,0.02453689321998139,0.021721877439071426,0.005591833474897288,0.02252902934019257
2014-06-01,0.028301718452254546,0.021635310098547984,0.02179158773886269,0.024173409904591284,0.025333769638642582,0.02710155015121368,0.025500287832665905,0.03148516941381707,0.027019193211022804,0.02683569842505747,0.025500287832665905,0.024035144390949486,0.02425529582869224,,0.0242449170483938,,,,0.021902138929898018,0.026903483701910313,,,0.025899787518406228,0.025500287832665905,0.027542480469422335,,0.02622533714365899,0.019837418118343678,0.026250321969777918,0.025500287832665905,0.021444615453880978,0.02356235709037253,0.025248212620724995,0.02330691204762903,0.025918025316042936,0.026663729718333685,0.025101797470412614,0.023224567200545512,,0.03354395258461038,0.02914377035819238,0.026146495534591852,,0.021376670656863897,0.021968719235598184,0.02879444419997554,,0.01967462430053994,0.020214329046459006,0.02379436143135281,0.02468190540692165,0.027351879186324396,,0.02496016473243436,0.019568514310739225,0.008538344247416042,0.023747764794569005,0.029658190237639208,0.018208173463906036
2014-09-01,0.024948321465776968,0.023412968448946914,0.013873494311262308,0.022564343532254654,0.023550602551139832,0.023929183952455815,0.02330082668477776,0.023125518955860645,0.025015645678980614,0.022413340816946833,0.013613765350993316,0.018365513558285678,0.020597806380559712,,0.022564343532254654,,,,0.022835801036664577,0.025525962778138008,,,0.022421185436976524,0.01840857819498059,0.02060057106824674,,0.026519116911954316,0.017927885199772762,0.022678549032342836,0.023664808051228014,0.020407229786307487,0.022951604691084863,0.02209569817595108,0.024201158434725232,0.02423568098717412,0.03097362678946895,0.02531729642923595,0.027101042643199322,,0.035314784118659744,0.021573641288843932,0.022678549032342836,,0.02923170686031241,0.02390486203781956,0.02776747914718136,,0.01540834103990956,0.023345771785608753,0.02382877509491152,0.024127990819753024,0.02019473070505978,,0.022678549032342836,0.022564343532254654,0.02666987835857719,0.019836797371143123,0.022503794109486462,0.014610526802681498
2014-12-01,0.027077112241288705,0.029062753994121497,0.02451523894199107,0.020407205634378364,0.021795644020923398,0.024250907225920527,0.02144090963844698,0.023117815206504005,0.02242895124423222,0.024117088738342084,0.017664153537984745,0.018826482244004492,0.02131291544073973,,0.02254848068813227,,,,0.017815065147939596,0.022289482644149112,,,0.020871324414140715,0.021837017773456948,0.02329060722787765,,0.02346090866559234,0.021837017773456948,0.019745130058621854,0.020175237645935092,0.027623789674422937,,0.021837017773456948,0.025683287796623773,0.022864789230932225,0.019011311312394894,0.02269531959579895,0.022291391731612726,,0.02410921258678598,0.021712689014198924,0.02276589094128463,0.023294256423650964,0.020958164305119077,0.024344073544821914,0.02732848901461489,,0.01575753304828237,0.01615328502041774,0.020100173237677262,0.015655639273091902,0.018233646667995707,,0.022991853300603396,0.02486337044512099,0.0031846450391605726,0.0031846450391605726,0.01805866863322983,0.018746822012256463
2015-03-01,0.021865418304400686,0.02918951892293002,0.022083324271989058,0.018977372621858283,0.014647858109892222,0.022460050225825152,0.015521291136246505,0.01848690394532177,0.022460050225825152,0.016440864607405813,0.01918109279064582,0.016736511477363887,0.02366463327216302,,0.017441606093205327,,,,0.015521291136246505,0.02475225452555421,,,0.02018916313915878,0.01652936148475946,0.01881309445684996,,0.024683296207262707,0.014647858109892222,0.02229621731971357,0.015521291136246505,,,0.018932062535272322,0.020725240722477608,0.023777727502763888,0.030690207978782393,0.02461782974760514,0.022591864189671643,,0.02943874159904856,0.01787957310031419,0.02018916313915878,0.018991428266692565,0.018815959629930153,0.020166158982775465,0.025145286762377244,,0.01154814485574313,0.015521291136246505,0.027109545390638114,0.02235149930452764,0.019520568061032396,,0.016811586079770045,0.018870842904128833,0.002467792511747908,0.002467792511747908,0.015860766406633076,0.018932062535272322
2015-06-01,0.022882540504840152,0.03409182388850534,0.022882540504840152,0.017490010981066652,0.022882540504840152,0.022882540504840152,0.022882540504840152,0.012465985234110319,0.022882540504840152,0.012465985234110319,0.013550168342464386,0.017490010981066652,0.018164559199557086,,0.013550168342464386,,,,0.022882540504840152,0.02368864760042047,,,0.022882540504840152,0.022882540504840152,0.018164559199557086,,0.017490010981066652,0.022882540504840152,0.022882540504840152,0.022882540504840152,,,0.022882540504840152,0.02121324716332195,0.022882540504840152,0.032114128296116706,0.019467206215884287,0.022882540504840152,,0.024319407034630352,0.012465985234110319,0.022882540504840152,0.022267620788569184,0.02368864760042047,0.019771689716939298,0.02368864760042047,,0.022882540504840152,0.022882540504840152,0.012465985234110319,0.019771689716939298,0.022882540504840152,,0.022882540504840152,0.012465985234110319,0.0030641011885107214,0.0030641011885107214,0.022882540504840152,0.0171546440827318
2015-09-01,0.02038201826512227,0.030305400258101748,0.019902440507860265,0.008345775229604935,0.020564777383440307,0.019902440507860265,0.0204950826519075,0.022245918579070705,0.02047847363225907,0.008231129949969494,0.014525565488860833,0.0204950826519075,0.0204950826519075,,0.0204950826519075,,,,0.013490897428925066,0.02346332409504189,,,0.020461440858479087,0.013490897428925066,0.019830906873665358,,0.019797265080236943,0.02064712599188686,0.0204950826519075,0.008450950657228255,,,0.020461440858479087,0.030427016932801018,0.021417782107842943,0.0161264780962017,0.02044974847774673,0.008345775229604935,,0.021329639453999603,0.01595697670304782,0.0204950826519075,0.02157465774477853,0.023209851442579144,0.017233734133534722,0.022363193442609383,,0.021830559300612545,0.0204950826519075,0.013490897428925066,0.008450950657228255,0.020190413031648077,,0.024518672223976606,0.008231129949969494,,0.0028903170734538427,0.020193122029681307,0.02056661628610241
2015-12-01,0.02218890954688936,0.041794151102456226,0.02865298260930403,0.023519803450848795,0.02218890954688936,0.024861124808673554,0.02159876736045395,0.02865298260930403,0.02159876736045395,0.014955651308538697,0.014955651308538697,0.02218890954688936,0.01058679951305358,,0.021958432335512694,,,0.02159876736045395,0.020633342646462036,0.02218890954688936,,,0.02218890954688936,0.02159876736045395,0.022830584048462787,,0.02185261731270432,0.014955651308538697,0.023519803450848795,0.02159876736045395,,,0.02159876736045395,0.01960432464936035,0.02218890954688936,0.021028133648584697,0.021958432335512694,0.02159876736045395,,0.024292602538918195,0.024170441973493995,,0.023200047446280285,0.02860829137388138,0.014955651308538697,0.02860829137388138,,0.02364540075953283,0.02218890954688936,0.014955651308538697,0.02218890954688936,0.02159876736045395,,0.02218890954688936,0.022244093669002898,,0.0037504742283483,0.02159876736045395,0.023076952406319417
2016-03-01,0.022667208336042376,0.034503174790830315,0.022667208336042376,0.022667208336042376,0.022667208336042376,0.022667208336042376,0.022667208336042376,0.022667208336042376,0.028951934997861518,0.021018963378811373,0.014035717943287054,0.022667208336042376,0.01830315254514708,,0.022667208336042376,,,0.021018963378811373,0.022667208336042376,0.022667208336042376,,,0.01830315254514708,0.022667208336042376,0.02125138767381938,,0.022667208336042376,0.022873858567292408,0.01830315254514708,0.022667208336042376,,,0.022667208336042376,0.023806893431139255,0.022667208336042376,0.022667208336042376,0.030707319354046678,0.022667208336042376,,0.023197191528049447,0.022667208336042376,,0.01904531395955711,0.02360413662494815,0.013168251605102937,0.026872197050236024,,0.022667208336042376,0.022667208336042376,0.022873858567292408,0.022667208336042376,0.022667208336042376,,0.014035717943287054,0.022667208336042376,,0.0015616025183928235,0.020988927831459666,0.022667208336042376
2016-06-01,0.021246580419453195,0.03192325146828063,0.022352021696752017,0.022352021696752017,0.017912430865968478,0.022352021696752017,0.022352021696752017,0.021246580419453195,0.01998256045085026,0.021246580419453195,0.022352021696752017,0.017912430865968478,0.017912430865968478,,0.022352021696752017,,,0.022352021696752017,0.017912430865968478,0.022352021696752017,,,0.017912430865968478,0.022352021696752017,0.026217751652886825,,0.022352021696752017,0.014649172601518956,0.022352021696752017,0.022352021696752017,,,0.022352021696752017,0.028112037497303868,0.022352021696752017,0.022352021696752017,0.021181530649871695,0.022352021696752017,,0.0271538178677263,0.021246580419453195,,0.01997829163192733,0.0244077304261391,0.013319195245847877,0.0244077304261391,,0.01317548637669917,0.022352021696752017,0.021854779775241747,0.022352021696752017,0.022352021696752017,,0.022352021696752017,0.021246580419453195,,0.0006414430603549903,0.01998256045085026,0.01998256045085026
2016-09-01,0.021163855513113526,0.02649623593331253,0.021577111123349913,0.022678743726551816,0.01884065719879989,0.021163855513113526,0.01884065719879989,0.021163855513113526,0.021163855513113526,0.010488126379949293,0.022556200368284887,0.021163855513113526,0.021163855513113526,,0.021163855513113526,,,0.021163855513113526,0.008164928065635652,0.021163855513113526,,,0.021163855513113526,0.01884065719879989,0.021990766781580164,,0.021163855513113526,0.021163855513113526,0.021163855513113526,0.021163855513113526,,,0.01884065719879989,0.025896642055763003,0.021163855513113526,0.021163855513113526,0.021096373968231247,0.021163855513113526,,0.023680069514353676,0.021163855513113526,,0.03173915117589438,0.025672803171372684,0.015382218110168018,0.02414483103787105,,,0.01884065719879989,0.022050539917244455,0.010488126379949293,0.01884065719879989,,0.021163855513113526,0.021163855513113526,,0.00034074669746134005,0.020698097526369114,0.008164928065635652
2016-12-01,0.021589506888383316,0.018981591570432266,0.022236810596573505,0.020999751346717593,0.020818138852133666,0.018859115027726563,0.020818138852133666,0.02032868613978002,0.020818138852133666,0.023433329168571534,0.01029158666047194,0.019880084575418,0.019880084575418,,0.020999751346717593,,,0.01058306920340815,0.020818138852133666,0.018981591570432266,,,0.020818138852133666,0.020818138852133666,0.013932648168413808,,0.020999751346717593,,0.018489165725896234,0.020818138852133666,,,0.020818138852133666,0.009009661492358934,0.020620037140111864,0.020689308215341137,0.021445897759249752,0.020818138852133666,,0.026936182308273913,0.021882324004711698,,0.011841842902473093,0.022839254335431717,0.023739787858495145,0.019094345298190978,0.02176277123974078,,0.018867658999927952,0.017638122180276074,0.01857617645699174,0.020818138852133666,,0.020999751346717593,0.018859115027726563,,0.001114051793721383,0.01029158666047194,0.0006749785041384599
2017-03-01,0.02239900449069255,0.009353651044927505,0.021932165117908225,0.02051286979677433,0.02326119171123072,0.02051286979677433,0.020531288375769872,0.020667388617645357,0.022337370142529688,0.021416630571112972,0.02332282605939358,0.02326119171123072,0.02326119171123072,,0.022337370142529688,,,0.016650487437229244,0.020531288375769872,0.021157721489316834,,,0.022337370142529688,0.02326119171123072,0.015760178032361818,,0.021567996892870082,0.020531288375769872,0.02326119171123072,0.022337370142529688,,,0.016785261868288638,0.017721150418094942,0.021691066979599313,0.021932165117908225,0.02302595415622681,0.022337370142529688,,0.016237316036909463,0.0221803439829906,,0.02463626682760047,0.021664317259119867,0.022662465748858232,0.029252790907789265,0.02357602629821851,,0.020531288375769872,0.028854783875958415,0.022337370142529688,0.02326119171123072,,0.02326119171123072,0.00935623096557692,,0.0006473839421812716,0.030845580269927547,0.004438721509936095
2017-06-01,0.02093768667688864,0.02352256831425249,0.02032048641870613,0.019844592546339343,0.02134926091077777,0.019844592546339343,0.020697158233441582,0.019844592546339343,0.022967401118049624,0.019844592546339343,0.020256166780228475,0.019104052267543116,0.02093768667688864,,0.02134926091077777,,,0.020256166780228475,0.019844592546339343,0.02721954133143631,,,0.020256166780228475,0.02134926091077777,0.01734077786131474,,0.020256166780228475,0.020256166780228475,0.019844592546339343,0.021378678130101747,,,0.02028558399955245,0.03512176707463398,0.019844592546339343,0.02093768667688864,0.021395903501773332,0.02093768667688864,,0.025342363780754364,0.020256166780228475,,0.012871365167189579,0.02461837696319078,0.020169546112426762,0.025014301604852365,0.02223178541841361,,0.02028558399955245,0.020256166780228475,0.020256166780228475,0.021971264623449893,,0.019844592546339343,0.020256166780228475,,0.0003762387122395951,0.025847966012966957,0.02081491127338258
2017-09-01,0.022349206496724467,0.018527917192581782,0.018784002538992605,0.022580912536732174,0.024318678814049585,0.020108769182598255,0.024318678814049585,0.021026394429828506,0.019955597164772795,0.02184311440712101,0.022491904922911112,0.023379322590205375,0.021742166736907813,,0.021633617374807304,,,0.022349206496724467,0.019955597164772795,0.021287322405931456,,,0.021633617374807304,0.021633617374807304,0.021927897268530512,,0.020000219820497746,0.021633617374807304,0.021633617374807304,0.020518776657096862,,,0.020000219820497746,0.03439244038577584,0.021633617374807304,0.02309946937333129,0.021567544505285904,0.020518776657096862,,0.030349110746605058,0.021776315800993946,,0.037493233005557514,0.024532660219583564,0.019044500010869027,0.018933598023612365,0.02706911251193853,,0.024163542998285555,0.021663417658098986,0.020518776657096862,0.0229006991360153,,0.020000219820497746,0.021134943791929015,,0.0007161808862941757,,0.020000219820497746
2017-12-01,0.018871620566180435,0.009633419775768438,0.03159041791403409,0.01969390286611626,0.026195504077783642,0.017581583893429918,0.019293433251374573,0.01636826645134911,0.01478492328271486,0.012607046221003546,0.021130828356777077,0.011863611595447772,0.010474867693447113,,0.020988601763501327,,,0.015301176617571126,0.020812339257743846,0.01642563242613008,,,0.020391477192206416,0.02739157554731165,0.036868965787987366,,0.021906037760767653,0.020956941379748358,0.02021339235951075,0.02063789559815148,,,0.02021339235951075,0.03679475331765595,0.021306889643084623,0.026460275477753523,0.011452186432692761,0.019293433251374573,,0.03466240506137664,0.017416455086979178,,0.04074351281198016,0.02836637911936669,,0.024386793608831798,0.019179731069312988,,0.014209887338043287,0.01641604144184394,0.019293433251374573,0.02739157554731165,,,0.014049233428889899,,-0.02666597352203721,,0.01917143306079383
2018-03-01,0.020613933385756657,0.034285536423243466,0.015071138166810761,0.022326734249210018,0.020936066168417342,0.015572548377172929,0.02166139239406071,0.017618806837844777,-0.014695704963727576,0.024571483858782658,0.0193366639262755,0.004314933852133989,0.015991986373313928,,0.022326734249210018,,,0.0193366639262755,0.016208733638605116,0.019465821286189934,,,0.02166139239406071,0.02166139239406071,0.014194654878856296,,0.022326734249210018,0.022711303943965394,0.015713495929834953,0.015587968442214493,,,0.023196259002879294,0.05381779503398178,0.015293036934362203,0.023196259002879294,0.01357104603735817,0.020713509269648957,,0.0510167117416824,0.010287695192572631,,0.018195890961285325,0.0004008740970074163,,0.023528663407166094,0.02333503755163813,,0.01485726793952291,0.026369575927927706,0.001946395299642282,0.016982300472850997,,,0.016184484914812364,,-0.03027396618901139,,0.02166139239406071
2018-06-01,0.017347911339434956,0.015045611343828567,0.0065008743154031,0.014744217791034958,0.017347911339434956,0.013960605281310167,0.01453933292889929,0.014626530856976898,0.014563158939100426,0.017121708671314417,0.014286483348209261,0.013806180728993388,0.013806180728993388,,0.017347911339434956,,,0.017347911339434956,0.017347911339434956,0.013438062295116272,,,0.017347911339434956,0.014170926150593472,0.026071313960612578,,0.014479384820956915,0.013230962634323384,0.01829641586276024,0.017347911339434956,,,0.017347911339434956,0.035402658302769466,0.017347911339434956,0.01829641586276024,0.013154265965879862,0.017347911339434956,,0.035402658302769466,0.014744217791034958,,0.035402658302769466,0.016700301343575443,,0.014372635842444168,0.015505662669424079,,0.014455558810755779,0.013154265965879862,0.012946329974161078,0.016931236053068448,,,0.014792042030990354,,-0.005889589575751293,,0.014901689156064485
2018-09-01,0.018528183791741905,-0.015636777183689016,0.0029954715353079316,0.0050861580911572635,0.018672559966114693,0.008617806098144078,0.01729958965283044,0.016955955508654343,0.012315947416697838,0.002395438610701503,0.02603583183611674,0.01030545649079585,0.013886001816138787,,0.011812793913731858,,,0.01310213893527749,0.016743635574693865,0.014037624871578506,,,0.01468805296658056,0.01468805296658056,0.01000468543055605,,0.005909790041106045,0.016743635574693865,0.007101322227672661,0.013812032596937758,,,0.016875906786791902,0.0231098039603916,0.016743635574693865,0.012309321539779395,-0.005890907405403724,0.012309321539779395,,0.02400839445982236,0.016955955508654343,,0.05965166273838778,0.016128659398876866,,0.006411445698743432,0.016858551622846798,,0.01176757330289313,0.011712127439889846,0.004995891243818297,0.016590198474767677,,,0.007013924516061653,,-0.004872001970702435,,-0.005664452719641081
2018-12-01,0.012943539506595231,0.004400793654123854,0.018861473505969954,0.013206672190935234,0.009728463008998265,0.01195096748338198,0.012251274579097804,0.009182312582345526,0.01065297628780456,0.008981456606520583,0.014222441953541491,0.011589371525283585,0.012017017477865587,,0.013232254485549905,,,0.0031554606490111475,0.01430863688089152,0.01070021492619896,,,0.013702675973600066,0.01056016063584666,0.005597234596471564,,0.009658206448602184,0.014527055597273927,0.012532531974571916,0.013073652490007304,,,0.012557782644721802,,0.012964769509695127,0.014122612861177447,0.009404318068696113,0.010650738283060675,,0.025141712814835654,0.012943539506595231,,0.029681790281561017,0.01292926181819359,,0.008417656648304506,0.012080788143737102,0.009250614592426161,0.008274985224229519,0.01305956481845785,0.010569686328000776,0.013974557058834889,,,0.012501708532186413,,0.01065297628780456,,0.01065297628780456
2019-03-01,0.016088672361299843,-0.01487777553232948,-0.03125371040254315,0.011704329701045223,-0.003422088964544853,0.010230542029895724,0.009349022881107788,0.010236633048555318,0.016038823554050494,0.016266995437615492,0.006906430633736491,0.017692214092431793,0.016418496827701842,,0.015054752970141172,,,0.015241948993380277,0.017100524976321113,0.01580147939151374,,,0.013314357144739062,-0.005502071064071898,0.015546877639322795,,0.010230542029895724,0.013234292459542397,0.015054752970141172,0.015848705068381052,,,0.012008334590921344,,0.009759525653124178,0.01465892060277721,0.014933025611636591,3.0936474953307e-05,,0.04095479949530082,0.0052941172224199706,,0.05342255138010169,0.01871593938761033,,0.03083263792236143,0.03399578430179438,0.005625836425674253,0.00939652304336179,0.01486362359803305,0.013645416618402061,0.018623642509144462,,,0.015054752970141172,,0.00717567415621875,,0.010466968749831676
2019-06-01,0.004737575218381868,-0.00015171744132595947,0.006189457099653622,0.008650382107548909,0.013825618635722542,0.0058910199607678645,0.009922805968511441,0.008916859141109743,0.0008457919155194608,0.013820549573160933,0.010314669999181195,-0.007611384833471155,0.017488678662995288,,0.011779777909918776,,,0.0018609159393921286,0.013647946641275563,0.008346824254426276,,,0.008940437243135833,-0.023720933629124398,0.015331160832251828,,0.005914203099943735,0.0058910199607678645,0.008617681330326116,0.0058910199607678645,,,-0.014243629819062584,,0.01634178426096318,0.016034028817006066,0.007213898112796465,0.006227588848769074,,0.007443712347081909,0.0058205397910690085,,-0.016888916407432803,0.017337241720428095,,0.015780561732032423,0.02026431561366314,-0.005819487846996331,0.008822228239107489,-0.016570111937572754,0.0068931283673550605,0.016162448619153922,,,0.006207247588434461,,-0.023720933629124398,,0.008089166043136704
2019-09-01,0.012820736345098708,0.005080408243940693,0.006889289540560597,0.015428652446456382,0.015335627466197977,0.0011567604176774304,0.0015751474105298478,0.014679951451340963,0.003173825310050834,0.01603125788426846,0.004526989406522401,0.013259850204604946,0.016018355712574338,,0.0138275588466488,,,0.01780080011615552,0.013049425431808844,0.014070209495831558,,,0.015428652446456382,0.0011316930054915465,0.015483272611913712,,0.0011567604176774304,0.01427470422148568,0.014446921819098764,0.01471815862652398,,,0.0023895597988217226,,0.016446965280301745,0.016018355712574338,0.014446921819098764,0.015526919131814197,,0.005237667767911701,0.014060588478890999,,,0.017031739188402718,,0.011713006796338053,0.01675782315198819,-0.0008015936922001051,0.014147948366653644,0.010673297580575744,0.011986138277944635,0.015779763228340852,,,0.0011567604176774304,,0.015325048193656475,,0.013563904500113256
2019-12-01,0.01614276091867864,0.019231781520990737,-0.01225413987503435,0.01643948305430941,0.0017855357274021936,0.013527753431528271,0.011632103854329478,0.01705438404899052,0.010552064270957789,0.019784480832729434,-0.012747375343693447,0.012531389731001492,0.0039019436671324154,,0.016038606449543344,,,0.020678730011699405,0.016497902063660575,0.015105769103895737,,,0.013719038064493854,0.012531389731001492,0.01641402962912043,,0.00355492849291099,0.011632103854329478,-0.000987847741590188,0.013719038064493854,,,-0.005034575943961425,,0.021665250239931672,0.01830982004082517,0.00823604053733728,0.01641402962912043,,0.004576900821299421,0.0048671122543418755,,,0.018156181658539886,,0.014959250447593055,0.02548751682459655,0.004009978508016732,0.012511405641514092,-0.010831436320723713,0.007151004547389995,0.014427427627365949,,,0.011320668800239731,,0.0068059765904163565,,0.016504315351842
2020-03-01,0.017450735692079927,,0.009169929832137507,0.014228598367550995,0.01313415013184299,0.016224209656604892,0.016224209656604892,0.016224209656604892,0.015984541229561902,0.01875537996520172,0.01875537996520172,0.014104327927659352,0.01985621305677965,,0.01875537996520172,,,0.01210942892613291,0.016224209656604892,0.00594512113427053,,,0.016224209656604892,0.017244442965862267,0.018784894499593675,,0.016224209656604892,0.016224209656604892,0.006481131818925735,0.017153258834988937,,,0.017153258834988937,,0.016224209656604892,0.018483872702525925,0.014353307249314478,0.019639240825358513,,0.006481131818925735,0.019639240825358513,,,0.017759077554331665,,0.024239141681535962,0.016224209656604892,0.018173147688792846,0.016224209656604892,0.016224209656604892,0.016224209656604892,0.018830775737094536,,,0.016224209656604892,,0.01985621305677965,,0.017153258834988937
2020-06-01,0.02256044552416997,,0.019415612083117307,0.021034061850572307,0.013758790335870267,0.022989603473213827,0.021245309886132168,0.020501513061624885,0.017698981986615715,0.026762598125555224,0.008349980427693806,-0.006981747777689339,0.022280015095522104,,0.021034061850572307,,,0.02626607375755781,0.019415612083117307,0.00892010301290864,,,0.013842595361457622,0.021245309886132168,0.021034061850572307,,0.019415612083117307,0.019415612083117307,0.02545545470983459,0.021245309886132168,,,0.02116571860770796,,0.02310868662491546,0.020606809337128995,0.021034061850572307,0.008349980427693806,,0.013758790335870267,0.008349980427693806,,,0.022241556901880913,,0.027666018976921496,0.029613945547034923,0.025555119037885002,0.019415612083117307,0.022280015095522104,0.022399098247223737,0.020606809337128995,,,0.01588487742425107,,0.009633187726308789,,0.008349980427693806
2020-09-01,0.01616071865309564,,0.00747515710330956,0.017983559949146844,0.015991788810188035,0.015234414793653945,0.023104571928717923,0.01565849155386783,0.012738548460547637,0.016875864719076247,0.008114817972757534,0.0191706267494756,0.023165816583543428,,0.019038164117595912,,,0.009827672955741655,0.01874757668768386,-0.006200794292599316,,,0.01580683766553583,0.018865109809091184,0.00886083800749131,,0.017983559949146844,0.015376666135663424,0.021031809879308864,0.017983559949146844,,,0.01763119779952301,,0.02824521720965254,0.01616071865309564,0.017936353161674454,0.008780678305641556,,0.009608517848478089,0.0023527775377144657,,,0.017897582236732348,,0.007012810450718389,0.012755254578989125,0.02156773644982635,0.017983559949146844,0.021599956523615127,0.022591328415073487,0.019095405371309205,,,0.015376666135663424,,0.0026860168913417403,,0.007086845121233579
2020-12-01,0.01558999608856932,,0.014266710336257923,0.0178828352539336,0.012668817457818771,0.01591877213836261,0.0178828352539336,0.01558999608856932,0.0178828352539336,0.01754780970270385,0.012681254722254906,0.017894755331357027,0.02036482605491012,,0.0178828352539336,,,0.020369842081590036,0.018564066676326315,0.0076073249207508735,,,0.0178828352539336,0.015339829786342692,0.011787657729740268,,0.016363930516928582,0.0178828352539336,0.018093066693305893,0.018068886477639098,,,0.012906920921512289,,0.00035494896331704224,0.016485889033095513,0.014091335299509995,0.02393539288558101,,0.018253911995806567,0.016030263705949954,,,0.020088245178026494,,0.014266710336257923,0.014027149057500838,0.02888932301786932,0.016363930516928582,0.01912841662337438,0.01558999608856932,0.01672689132415026,,,0.018068886477639098,,0.0178828352539336,,-0.0036766722019273227
2021-03-01,0.01822288888178844,,0.010317765107173726,0.01708926742144997,0.0028063361354779257,0.015020876602469622,0.015230512294330601,0.014949173167501282,0.01387985518648035,0.01302230606821143,-0.006147299689981988,0.017832398408476426,0.017162489269581947,,0.01667730478198976,,,0.015332125080033787,0.015020876602469622,0.005516078608840285,,,0.015020876602469622,0.016000863620085536,0.009079538602072725,,0.014949173167501282,0.015020876602469622,0.017520647397556096,0.01619307353716056,,,0.015781110897700353,,0.002853023914866218,0.01576132307938275,0.016077040844213,0.013157503443108757,,0.01489575331180956,0.016339449675610414,,,0.005516078608840285,,0.025790426941717116,0.01380815175151201,0.016065320985049873,0.015020876602469622,0.013968937524861431,0.015020876602469622,0.015607028756752649,,,0.016485628866937246,,0.016508510244166212,,0.01673638201761514
2021-06-01,0.00784995743986482,,0.00902737106333562,0.010319685723741654,-0.011849785049743633,0.010526387817935393,0.01267401098353549,0.004873231898085325,0.007710521579585767,0.012371100812682249,-0.0027203003251594373,0.009919269585509167,0.013949665919704727,,0.0103999916502491,,,0.013806462943060085,0.012425862610579997,0.00403339737490653,,,0.010501679469177138,0.010319685723741654,0.0027754198916800548,,0.009747780937058238,0.008585164689496851,0.010643812528301844,0.011107820993803265,,,0.010215491363471609,,0.002070730544990145,0.00195876695151324,0.011009815930851026,0.0024163387903288285,,0.010651755996748242,0.002979429672956122,,,0.00403339737490653,,0.010889055050447934,0.01154238304815152,0.007135259142536661,0.011107820993803265,0.009919269585509167,0.004318107399657788,-0.011849785049743633,,,0.009416804731024242,,0.011668823988464305,,-0.005197468240612418
2021-09-01,0.0141455748411569,,0.012136987771248702,0.013861831523813598,-0.004493587971950451,0.013861831523813598,0.009049626017625618,0.015136358788874817,0.014266774685878603,0.013982717780650132,0.0141455748411569,0.015683675660443465,0.015683675660443465,,0.013861831523813598,,,0.016294682412509677,0.009547296416733936,0.012815661348412142,,,0.01608547522594037,0.009049626017625618,0.01341476880268456,,0.014894523207780253,0.015666333228097143,0.013861831523813598,0.012815661348412142,,,0.012349922410298832,,0.0004943272269392219,0.01134378195135899,0.01781846169760746,0.014894523207780253,,0.018213768005740687,0.016523953602367927,,,0.010338456001358355,,0.012136987771248702,0.010025555353944018,0.014320293901675196,0.00018582510320207097,0.018793164699681324,0.009551997379309831,0.015492801529338969,,,0.012349922410298832,,0.013171474446173375,,0.014812374303263645
2021-12-01,0.00998798360910968,,0.01238643781433337,0.014277889890717994,-0.006309442380227908,0.012975861168840261,0.0070054428379406055,0.015457407308075558,0.01294786011397157,0.014277889890717994,0.0031782640351943766,0.015362414176856699,0.0070054428379406055,,0.01096080375724628,,,0.016126144780805606,0.015450381742466835,0.01569981578339435,,,0.01267842249608052,0.005984577354465681,0.01712447403865461,,0.013555003286931384,0.014292626557116437,0.012975861168840261,0.013204413768834404,,,0.01265720793613354,,-0.0007974733984232233,0.009744080012078627,0.013555003286931384,0.0031782640351943766,,0.0015107377665811896,0.01979977332227242,,,0.004519609825208699,,0.01654053354519193,0.018613486651710708,0.013188759230295746,0.013337219605242923,0.010139931426612282,0.013031422672881232,0.009559723282412615,,,0.013419675645339019,,0.014104133297405638,,0.010111626207344447
2022-03-01,0.015208202289174322,,0.013631618220789815,0.016089105553390923,0.0003010044817988888,0.011824518750883263,0.010532287961627243,0.00860302203121024,0.005038360284370386,0.014520537120484685,0.0003010044817988888,0.01238880217604403,0.01873268655006747,,0.011724695943141699,,,0.02062585006968216,0.007047772700126691,0.014841097366010879,,,0.01829956070633983,0.010532287961627243,0.01098021459053158,,0.011824518750883263,0.0050867585518207335,0.01899851946546289,0.015756099027684198,,,0.0003010044817988888,,0.00016313148430314339,0.01469626466145424,0.013649343053018261,0.01651425492906707,,0.013087483418401444,0.020810296886197736,,,0.009451946201301317,,0.01672004991778064,0.02304825935569025,0.015700867057380934,0.0003010044817988888,0.011931522244755464,0.014841097366010879,0.011969143887365799,,,0.015836738291993935,,0.014992884839741306,,0.015208202289174322
2022-06-01,0.020276656507319208,,0.017170905839503776,0.010692219712817782,-0.019009869431300095,0.00586092019919788,0.0015701556802898984,0.02038618869965252,0.005569017675445786,0.004194112363084623,0.010433216124279766,-0.023661362528390958,0.0020613474589678757,,0.008564653065232594,,,0.01936054704956954,0.016008906875903225,0.015740755368142983,,,-0.003981028264992557,0.015505899445048304,0.007064478694725392,,0.008648980165747498,0.016746049275118628,0.017781815256856518,0.0029239825019052724,,,0.009363047063292515,,-0.012520096891661957,0.011610516175737318,0.0043675085049011365,0.0023775660228362193,,0.01749025162611175,0.03531545245434233,,,0.01634989481305997,,0.041868750591192945,0.016557645450835077,0.017949250443298252,0.010823775413543265,0.01712681170935602,0.01636581051749009,0.013668458644789702,,,0.01970428105244973,,0.016121612459371434,,-0.01837193985385173
2022-09-01,0.016208240136756237,,0.01416651139548018,0.0037477791806173415,0.004624362233311473,0.009567588483177281,-0.007573172135575902,0.01416651139548018,0.00388430151539509,0.006724644147534701,-0.019223639994880772,-0.017920151630254323,0.023709172168746146,,0.00921343582984062,,,0.00027939063831834953,-0.010393705802030468,0.01416651139548018,,,0.00992387618356059,-0.009655195257148452,0.0104855741069713,,0.015179058363646863,0.0034650325072462084,0.013055014885824159,0.003960316449332203,,,-0.019223639994880772,,0.01862972032016156,0.01324342210905838,0.019548177607746742,0.009068410493221287,,-0.005896120521116272,0.013712134009485233,,,0.009706070093320562,,0.021655188482837557,0.0319200575379522,0.01157354709527565,0.003386727155688034,-0.023983483730263946,0.016380528296811272,0.01324342210905838,,,0.020907378645986983,,0.016303564131546013,,0.01638166947449895
2022-12-01,0.02002214084313603,,0.012893700329947202,0.010067419768735028,0.008285800786834252,0.01798827384935048,0.005430425072601014,0.017963343334115246,0.01798827384935048,0.013336113719569763,0.02002214084313603,-0.014220930573526507,-0.007697844096074598,,0.009331682135926342,,,0.011894037381602187,-0.003223128224121709,0.016209425955904036,,,0.011243926706370358,0.015195129750244384,0.01463993833398373,,0.013164310840529625,0.017435133351573675,0.005024722092449347,0.009331682135926342,,,0.0036193525373264365,,0.01798827384935048,0.02394959025178911,0.01502059443671296,0.02556689343973551,,0.02271632652368953,0.03356326061278797,,,0.0143411475715186,,0.01152711840795408,0.003175843541870574,0.002351328914698772,-0.0028520032334710074,-0.014220930573526507,0.012893700329947202,0.007510423712718109,,,0.015835011600705527,,0.017435133351573675,,0.01103361296377365
2023-03-01,0.018975062555521324,,0.009084649147287464,0.014021408063095828,0.01247873241390607,0.015421138588968625,0.010449091324070977,0.016248798843531673,0.00873959254241865,0.01624068935453492,0.012467617758107615,0.014473742380071297,0.01767459815160325,,0.014675731542268453,,,0.014780026993301477,0.012374410045183463,0.008652182615776619,,,0.00792602715058497,0.015119872129099082,0.014423470201704812,,0.01538861592566052,0.009642794450364069,0.00806515199119655,0.011147333894726698,,,0.014610974550378294,,0.006091356342445643,0.015415203747136907,0.015343028029284033,0.01167378702423829,,0.004813264965782545,0.0037030564989860263,,,0.012234191679521443,,0.024112277158757817,0.01694236839251404,0.013054254020203188,0.0035577323526809253,0.017288935992600986,0.013820871372693045,0.01860815918900537,,,0.01538861592566052,,0.008142535872455961,,0.015773026789935574
2023-06-01,0.018736398059999538,,0.012422735396448826,0.01133315858549286,0.004702699692493323,0.0050651597743532365,0.017740928446736356,0.00847213110067725,0.0033009020605562073,0.01133315858549286,0.014039229394747353,0.011335673545033597,0.013611382121708858,,0.014718770146352277,,,0.0097061245722909,0.01359658815622381,0.013081533931401445,,,0.01133315858549286,0.013398556705417645,0.014292924349988259,,0.004702699692493323,0.007704777090134636,0.01642557880548089,0.004702699692493323,,,0.006907423279773197,,0.013611382121708858,0.017740928446736356,0.01133315858549286,0.01133315858549286,,0.01133315858549286,0.020022768872268202,,,0.012422735396448826,,0.017238491627757917,-0.0038126933158510127,0.01133315858549286,0.012245878492528874,0.008669424538818696,0.013081533931401445,0.013312911272403635,,,0.015343149902889312,,0.012850733354908285,,0.01291242540631748
2023-09-01,0.0012867812918325567,,0.012084752264780398,0.013712579407990842,0.0034098072607603416,0.013242019923652886,0.00900942619046104,0.01313678326966881,0.00900942619046104,0.013613871316693213,0.009588388158879337,0.008219591933443123,0.020317535023043575,,0.01350699401315325,,,0.013613871316693213,0.012084752264780398,0.0025144139653484813,,,0.009144937945044,0.00900942619046104,0.011644845325601758,,0.012084752264780398,0.013529845058000185,0.011719855565295824,0.012084752264780398,,,0.0034098072607603416,,0.01589471843692633,0.017377593066045773,0.013712579407990842,0.011276271266697866,,0.012084752264780398,0.007677033366846176,,,0.013242019923652886,,0.016173126159958348,0.014096082429954967,0.013613871316693213,0.01313678326966881,0.010848633564871354,0.015734616306100926,0.014389427001774579,,,0.012084752264780398,,0.00900942619046104,,0.012084752264780398
2023-12-01,0.01342909415394971,,0.008582602259281981,0.013948795661348837,0.003941760146246083,0.011648506575407848,0.010433005665406692,0.014667846331132762,0.014667846331132762,0.01132286487928142,0.006310429074164769,0.008054895723212921,0.02098487276355229,,0.011534227986352048,,,0.008767054067902897,0.015488240867971391,0.012800153365797422,,,0.011488600460934927,0.011534227986352048,0.011534227986352048,,0.011534227986352048,0.010182633619555135,0.008891611496577181,0.011534227986352048,,,0.013167616138960841,,0.014667846331132762,0.0020765074300865506,0.0098918319233358,0.021357880467828057,,0.0071326655104124205,0.01197965932051053,,,0.009817824554813028,,0.012830255719620834,0.011498114275737222,0.01132286487928142,0.011507577876077589,-0.003556442087341521,0.011648506575407848,0.013167616138960841,,,0.0098918319233358,,0.008054895723212921,,0.012143314332508913
2024-03-01,0.015244390137191564,,0.01908575952065424,0.014021170897181417,0.011220792548842286,0.0036879916039920246,0.003021906198648717,0.01329337620776972,0.013989419241323665,0.015524041691078959,0.00863556912437055,0.011434092064964353,0.017633836602680523,,0.009656985262505653,,,0.013525340983671223,0.01127934578961425,0.014852636813729652,,,0.010407313894576572,0.013049331401049566,0.012242997300501686,,0.010407313894576572,0.0036879916039920246,0.020701931424028756,0.01127934578961425,,,0.00908022430373939,,0.013989419241323665,0.003390504928022218,0.011509674988828232,0.02262654316645656,,0.015329301445960222,-0.005650107743362038,,,0.009435611200797242,,0.01908575952065424,0.01127934578961425,0.014702792924761404,0.009003046954123553,0.008144767415980634,0.01329337620776972,0.01237693044670495,,,0.010407313894576572,,0.012265835324543995,,0.0064443423829497835
2024-06-01,0.01433848290262155,,0.014396323293328833,0.0076984341777298175,0.010071212998154867,0.00037033805041841044,0.011083066172264735,0.007474261378381396,0.0036972244368492484,0.013236471830998214,0.0043216093828327,0.010071212998154867,0.010071212998154867,,0.007405170790089643,,,0.010625321661538643,0.010071212998154867,0.009960370561452924,,,0.007405170790089643,0.010071212998154867,0.012952524955393162,,0.0076984341777298175,0.0038212316549179224,0.014767237918855865,0.0070178714538783405,,,0.0022677958875575196,,0.010071212998154867,0.008511292322101427,0.009068927784722042,0.01547809166450458,,-0.004180309998887979,0.014325093111117744,,,0.008511292322101427,,0.016022711766747178,0.005401887348514664,0.011131214603195003,,0.007427619144589232,0.00880984207338181,-0.011931596539018952,,,0.005443226086647219,,0.010071212998154867,,0.0011766165830011926
2024-09-01,0.010059784854394054,,0.0037997907763125233,0.01671629591542142,0.0039647347921821195,0.006605694506105405,0.009236998041841499,0.007946904583822871,0.0036131272533965223,0.01671629591542142,0.0008055706011697245,0.008718132816540445,0.007335000584065392,,0.006066144329407631,,,0.0017878540953404816,0.0064689442113086415,0.01244136550653467,,,0.007394297294075537,0.004860815867403615,0.00932763963270539,,0.004254469038584675,0.00825292373885127,0.013809646233002577,0.006597392007318485,,,0.007653358617251269,,0.007589913561466686,0.006605694506105405,0.006540087413954946,0.013809646233002577,,-0.007226500347742025,-0.008153559124965296,,,0.006605694506105405,,0.010813721882459045,0.010544325305626316,0.0056780761294551235,0.00504977111693049,0.0051744971557884985,0.016008295281906698,0.009169706290970277,,,0.006959388294481308,,0.00961347250438699,,0.009264068989155747
2024-12-01,-0.004354015800368253,,0.008756492072226441,0.006313722163231836,-0.0001587031340246141,0.011517607945358112,0.0019351220748997382,0.0037528733508507594,0.0019351220748997382,0.014331790770225778,0.003381206293186232,0.0060316918655994,0.00030886593272710553,,0.006448656661106188,,,0.009636343635430684,0.006448656661106188,0.012882992944848643,,,0.006448656661106188,0.006448656661106188,0.012586249459989091,,0.005069639056504175,0.006448656661106188,0.0042144659436291676,0.004228006575682451,,,0.002180091925828787,,0.006426734441377146,0.0037325232311373495,0.0034111656017679556,0.011663403731019368,,0.0039554642538342085,0.011663403731019368,,,0.003474203819973871,,0.008974529761183212,0.0021541581693085912,0.006138980647921703,0.0047460570526143804,0.011797443441564505,0.0008768275952072876,0.0030286040880269844,,,0.003142753694452938,,0.004467689758972449,,0.00406756603871091
2025-03-01,0.008032989047504295,,0.019465114596777907,0.008233272364081818,0.004846859043941554,0.003590507226505151,-0.0014343970685743738,0.001521709436664999,-0.002015724358294304,0.023900731053998234,-0.0036041763023089844,0.01006287949255315,0.008942327498764899,,0.0030419426059003713,,,0.007929720624892759,0.01006287949255315,0.012376958490123711,,,0.009749717990629668,0.0020962090286166077,0.017181160238583508,,-0.003302555342127722,-0.0014343970685743738,0.008515627828220317,0.009107132588709706,,,0.005021643845323134,,0.009467170984141068,0.0032507881887146994,0.0007365084696607732,7.911414574424075e-05,,-0.007554434298621032,0.010082242758830118,,,0.004107688887089242,,-0.018527146128714606,0.008326250960693305,-0.003504824415017046,0.009746076151296568,-0.003259190665138927,-0.002350822779898511,0.003397263127592447,,,-0.0039569651173868995,,0.0064294480159778665,,0.013851521972214537
2025-06-01,0.0030298294802154676,,0.002306781570198626,0.003792089441385403,0.0010652449467752787,0.0033195891854695854,0.004594936949880026,0.0067507477628682205,0.00018847051289164294,0.008887264748692003,0.0002684449707189633,0.0025613437243241026,-0.0004504539096794577,,0.003792089441385403,,,0.004349513216632885,0.0033195891854695854,0.0093671222361835,,,0.00402337389382469,0.0025581939709103047,0.005283029245360553,,0.003792089441385403,-0.0037548676066715934,0.00019185071398716117,0.004015456903890208,,,0.0027520958688901924,,0.006671976096798514,-0.0012519027344806092,0.00011930821528237911,0.0013467869260686811,,-0.00012499679824619573,0.01245861693087158,,,0.004521224451472762,,0.012353907872532923,0.005283029245360553,0.005363744891847447,,0.004914683863510498,0.006565930002283849,0.004556827747717908,,,0.004656183386663608,,0.004546653310384216,,0.007008716791516676
2025-09-01,0.0014655795198417765,,0.004842159746256314,0.0020278710036811653,-0.00024300093036041037,0.0014655795198417765,0.005001926364259524,0.003341028394011071,0.0005811054537711711,0.007220375210070811,-0.003764048098844798,0.0034325596088494465,0.0022324920202290823,,-0.003554788674391105,,,-0.008241394377604768,-0.003569843305694644,0.009084522967776648,,,-0.0007339605553044082,-1.1217165874855251e-06,0.0031864345815541774,,0.0037539078667994117,0.00013801176152718718,0.0021445249016180845,0.0005811054537711711,,,0.004078508628754113,,0.0018007075347772437,-0.003569843305694644,0.00041081600905754176,,,-0.008241394377604768,-0.013624549132569292,,,0.00020955664799058703,,-0.0001482204154874226,-0.004022289688239246,0.0028605172079293924,0.007157837445929239,-0.0016255228125797141,0.00630442975624421,0.006920893008374,,,0.0015329973401729158,,7.444514515712468e-06,,-0.004203414817104625
2025-12-01,0.0009955857094363432,,0.004441270339325256,,,0.0018009801807989327,2.3335342171307272e-05,-0.0017257137048468318,0.0036812758348645433,,-0.006751878817972679,0.005473159045766622,0.0036783590877683095,,,,,0.005325809587345557,0.0010001566096603178,0.0027797696914403907,,,-0.00044260552076048204,2.3335342171307272e-05,0.004183942203022873,,,0.0038139268015187568,-0.001181711870147214,0.0038139268015187568,,,-0.006224178941332842,,0.0029220370544388585,-0.006415943758043412,2.3335342171307272e-05,,,0.0054140332005831095,,,,0.00016988304796915253,,0.009544951525987439,,0.006227565534888701,,0.0039550461668695375,0.0013520894416894648,0.007119315374770186,,,0.00016846486168169754,,0.0027164524036891228,,-0.0055654578444101705
