date,portfolio_value
2018-01-02,10000000.0
2018-01-03,10000000.0
2018-01-04,10000000.0
2018-01-05,10000000.0
2018-01-08,10000000.0
2018-01-09,10000000.0
2018-01-10,10000000.0
2018-01-11,10000000.0
2018-01-12,10000000.0
2018-01-16,10000000.0
2018-01-17,10000000.0
2018-01-18,10000000.0
2018-01-19,10000000.0
2018-01-22,10000000.0
2018-01-23,10000000.0
2018-01-24,10000000.0
2018-01-25,10000000.0
2018-01-26,10000000.0
2018-01-29,10000000.0
2018-01-30,10000000.0
2018-01-31,10000000.0
2018-02-01,10000000.0
2018-02-02,10000000.0
2018-02-05,10000000.0
2018-02-06,10000000.0
2018-02-07,10000000.0
2018-02-08,10000000.0
2018-02-09,10000000.0
2018-02-12,10000000.0
2018-02-13,10000000.0
2018-02-14,10000000.0
2018-02-15,10000000.0
2018-02-16,10000000.0
2018-02-20,10000000.0
2018-02-21,10000000.0
2018-02-22,10000000.0
2018-02-23,10000000.0
2018-02-26,10000000.0
2018-02-27,10000000.0
2018-02-28,10000000.0
2018-03-01,9952916.836755002
2018-03-02,10089595.271755002
2018-03-05,10164690.866755003
2018-03-06,10381864.936755003
2018-03-07,10470464.136755005
2018-03-08,10536273.006755002
2018-03-09,10689489.941755
2018-03-12,10746113.101755004
2018-03-13,10640457.821755003
2018-03-14,10671282.106755003
2018-03-15,10651123.361755002
2018-03-16,10618007.291755002
2018-03-19,10474309.586755004
2018-03-20,10383621.241755003
2018-03-21,10435255.981755003
2018-03-22,10206878.036755001
2018-03-23,10127799.996755002
2018-03-26,10306418.321755003
2018-03-27,10067810.001755003
2018-03-28,10107323.126755003
2018-03-29,10308925.026755001
2018-04-02,10109150.021755002
2018-04-03,10147170.041755002
2018-04-04,10191102.206755005
2018-04-05,10246940.816755002
2018-04-06,10034985.131755002
2018-04-09,10062831.126755
2018-04-10,10274118.106755003
2018-04-11,10281881.046755003
2018-04-12,10400491.326755002
2018-04-13,10386663.666755002
2018-04-16,10418205.291755002
2018-04-17,10606396.076755002
2018-04-18,10648412.966755003
2018-04-19,10611595.646755002
2018-04-20,10595518.271755002
2018-04-23,10879977.456755001
2018-04-24,10676999.331755003
2018-04-25,10597201.581755001
2018-04-26,10625957.141755
2018-04-27,10630927.221755002
2018-04-30,10592002.286755001
2018-05-01,10707173.671755001
2018-05-02,10898511.241755003
2018-05-03,11024026.691755002
2018-05-04,11095577.806755003
2018-05-07,11203476.091755003
2018-05-08,11115964.111755002
2018-05-09,11174511.831755001
2018-05-10,11449002.466755003
2018-05-11,11324724.886755005
2018-05-14,11589478.138755001
2018-05-15,11498110.786755003
2018-05-16,11624656.702755
2018-05-17,11630067.617755001
2018-05-18,11552190.131755004
2018-05-21,11691397.751755001
2018-05-22,11621699.001755003
2018-05-23,11640086.796755001
2018-05-24,11646035.476755004
2018-05-25,11709850.886755
2018-05-29,11601589.891755002
2018-05-30,11686763.731755001
2018-05-31,11599110.011755
2018-06-01,11739874.225581491
2018-06-04,11819905.61844954
2018-06-05,11948589.261061477
2018-06-06,11948328.71043731
2018-06-07,11751278.235772373
2018-06-08,11820983.813243464
2018-06-11,11904591.8999829
2018-06-12,12032054.053525895
2018-06-13,12046701.319416184
2018-06-14,12278972.86397697
2018-06-15,12290208.521338347
2018-06-18,12392703.95403331
2018-06-19,12472526.7748339
2018-06-20,12434362.019498097
2018-06-21,12415744.377266442
2018-06-22,12316540.759581491
2018-06-25,12254453.044576302
2018-06-26,12279407.599791277
2018-06-27,12034179.329410251
2018-06-28,12228196.477503285
2018-06-29,12236886.678873561
2018-07-02,12481037.672841314
2018-07-03,12412894.623482158
2018-07-05,12481438.849336864
2018-07-06,12558793.706664886
2018-07-09,12600982.562793499
2018-07-10,12639981.623121893
2018-07-11,13212171.196518851
2018-07-12,14051422.791041836
2018-07-13,13947945.356441017
2018-07-16,14212026.085821299
2018-07-17,14048317.557681564
2018-07-18,14213994.721468816
2018-07-19,14254266.969247168
2018-07-20,14095649.701644132
2018-07-23,14011690.12396659
2018-07-24,13582080.021617444
2018-07-25,13743038.376736792
2018-07-26,13800695.49092545
2018-07-27,13039952.960796095
2018-07-30,12965324.287567036
2018-07-31,13285685.877019223
2018-08-01,13283779.403646726
2018-08-02,14775495.723624116
2018-08-03,14625515.750617445
2018-08-06,14464560.279551843
2018-08-07,14500601.041402098
2018-08-08,15723423.044693798
2018-08-09,16408558.766161552
2018-08-10,15910917.817872448
2018-08-13,15577590.132298317
2018-08-14,16162832.960831676
2018-08-15,16090973.151829824
2018-08-16,16433552.05733872
2018-08-17,16458455.724573337
2018-08-20,16203790.760317221
2018-08-21,16165745.22497697
2018-08-22,16233516.262098541
2018-08-23,16230782.341274597
2018-08-24,15716469.623947319
2018-08-27,16077522.492041461
2018-08-28,16133549.134933975
2018-08-29,16129934.391346501
2018-08-30,16416738.757679341
2018-08-31,16572327.283755694
2018-09-04,16691621.800853912
2018-09-05,16673946.564803503
2018-09-06,16660240.214807952
2018-09-07,16637374.652520332
2018-09-10,16672061.218321666
2018-09-11,16671662.528429894
2018-09-12,16649485.529949538
2018-09-13,16665506.086183786
2018-09-14,16662727.916008841
2018-09-17,16649740.905144498
2018-09-18,16654378.454100762
2018-09-19,16601081.15192137
2018-09-20,16605731.11551366
2018-09-21,16589148.220016254
2018-09-24,16587335.21769157
2018-09-25,16572209.533052579
2018-09-26,16548304.184867255
2018-09-27,16586458.528945832
2018-09-28,16607931.866968071
2018-10-01,16593831.431515142
2018-10-02,16613914.04613931
2018-10-03,16586971.385215662
2018-10-04,16599022.192767922
2018-10-05,16642120.2092038
2018-10-08,16642815.161961399
2018-10-09,16666306.892511435
2018-10-10,16615106.444914699
2018-10-11,16574857.909621889
2018-10-12,16594339.80876644
2018-10-15,16607647.553229004
2018-10-16,16649128.375335751
2018-10-17,16650423.441503283
2018-10-18,16651050.570028115
2018-10-19,16682735.85705406
2018-10-22,16677381.292463994
2018-10-23,16652559.190864291
2018-10-24,16656045.46810669
2018-10-25,16665957.99199105
2018-10-26,16607513.852515884
2018-10-29,16636372.911003653
2018-10-30,16655209.580619663
2018-10-31,16670797.754152652
2018-11-01,16667416.903131155
2018-11-02,16657157.357092608
2018-11-05,16671716.212890975
2018-11-06,16675308.902139308
2018-11-07,16689421.692718998
2018-11-08,16678267.28893842
2018-11-09,16692181.125931747
2018-11-12,16704465.635740494
2018-11-13,16707986.483211214
2018-11-14,16691573.063094089
2018-11-15,16722668.099211214
2018-11-16,16724327.44428905
2018-11-19,16681774.282966588
2018-11-20,16641286.782315735
2018-11-21,16618568.029016996
2018-11-23,16622890.483527003
2018-11-26,16653642.835614476
2018-11-27,16658624.896609286
2018-11-28,16649295.792453615
2018-11-29,16612067.723481044
2018-11-30,16647262.582545536
2018-12-03,16715808.098389864
2018-12-04,16696913.827051096
2018-12-06,16734493.26132982
2018-12-07,16735646.159138568
2018-12-10,16759141.392509954
2018-12-11,16774154.276896907
2018-12-12,16779366.852982897
2018-12-13,16783759.235572964
2018-12-14,16768425.272504024
2018-12-17,16661719.350366144
2018-12-18,16662089.581319442
2018-12-19,16639104.014558878
2018-12-20,16596005.630318701
2018-12-21,16557474.702619664
2018-12-24,16478979.519827968
2018-12-26,16552490.91735354
2018-12-27,16576923.210781265
2018-12-28,16584689.434206024
2018-12-31,16604454.188904319
2019-01-02,16560503.783982154
2019-01-03,16545683.756419517
2019-01-04,16598170.159405433
2019-01-07,16637612.151085194
2019-01-08,16673808.289967328
2019-01-09,16667430.457466217
2019-01-10,16709587.03321566
2019-01-11,16694797.941400982
2019-01-14,16668813.653067403
2019-01-15,16689105.4934336
2019-01-16,16700349.956207506
2019-01-17,16719370.773718257
2019-01-18,16735936.65930758
2019-01-22,16716407.08336985
2019-01-23,16736607.722506989
2019-01-24,16741634.861793868
2019-01-25,16735674.03411707
2019-01-28,16726918.581163771
2019-01-29,16704956.556796093
2019-01-30,16724447.978953244
2019-01-31,16764851.801119294
2019-02-01,16739233.698499575
2019-02-04,16735322.428890977
2019-02-05,16748641.835752355
2019-02-06,16741750.669243831
2019-02-07,16742342.109865032
2019-02-08,16742829.230489198
2019-02-11,16741993.094584083
2019-02-12,16753481.940557396
2019-02-13,16760550.881586306
2019-02-14,16755036.86399105
2019-02-15,16765095.097626336
2019-02-19,16769169.358185269
2019-02-20,16764719.848339457
2019-02-21,16781609.36833501
2019-02-22,16828837.009402465
2019-02-25,16814949.364994757
2019-02-26,16820176.39330758
2019-02-27,16810212.252687864
2019-02-28,16815650.46194509
2019-03-01,16769861.41193793
2019-03-04,16756956.062647995
2019-03-05,16687198.907514608
2019-03-06,16471865.965074401
2019-03-07,16334462.52185618
2019-03-08,16285514.92047158
2019-03-11,16527066.8596702
2019-03-12,16575731.17430532
2019-03-13,16671380.287138153
2019-03-14,16613012.917401753
2019-03-15,16649551.19446514
2019-03-18,16750111.95413713
2019-03-19,16695627.029232971
2019-03-20,16583037.071540022
2019-03-21,16772150.356440207
2019-03-22,16380208.083611606
2019-03-25,16340438.697599167
2019-03-26,16492144.693049978
2019-03-27,16441542.845634505
2019-03-28,16513457.886768937
2019-03-29,16589675.317577396
2019-04-01,16789879.179468594
2019-04-02,16760100.57274836
2019-04-03,16841290.886710037
2019-04-04,16924906.98456846
2019-04-05,17064566.12960419
2019-04-08,17054177.70295996
2019-04-09,16883315.563016154
2019-04-10,17022420.01267823
2019-04-11,17018551.681033712
2019-04-12,17154313.973471567
2019-04-15,17090517.06562749
2019-04-16,17025240.346276376
2019-04-17,16940348.249817662
2019-04-18,16949593.945853427
2019-04-22,16868514.208517656
2019-04-23,17016872.932410177
2019-04-24,17075827.631754126
2019-04-25,16970311.085052095
2019-04-26,17096349.19792977
2019-04-29,17106937.489168264
2019-04-30,17129278.478940055
2019-05-01,17007571.1479185
2019-05-02,16974577.014318038
2019-05-03,17178245.108265176
2019-05-06,17114017.538502272
2019-05-07,16800986.780038092
2019-05-08,16711616.134714104
2019-05-09,16656868.26970136
2019-05-10,16727592.300416367
2019-05-13,16314540.093440868
2019-05-14,16464709.446173875
2019-05-15,16524677.391535679
2019-05-16,16603531.070489805
2019-05-17,16492640.64158341
2019-05-20,16375875.824572572
2019-05-21,16576586.786589438
2019-05-22,16482321.544329636
2019-05-23,16288351.021325544
2019-05-24,16333895.359583108
2019-05-28,16159768.025559992
2019-05-29,15995673.182797505
2019-05-30,15982329.261923196
2019-05-31,15770732.972656267
2019-06-03,15833405.195057731
2019-06-04,16022393.917600848
2019-06-05,16019730.59952326
2019-06-06,16036208.735732552
2019-06-07,16068030.350298775
2019-06-10,16093226.191360114
2019-06-11,16112469.885884827
2019-06-12,16079525.22653092
2019-06-13,16129548.566214886
2019-06-14,16088045.214475645
2019-06-17,16098238.937081885
2019-06-18,16198002.838356592
2019-06-19,16226800.240600973
2019-06-20,16305506.797482489
2019-06-21,16279449.678365119
2019-06-24,16219277.998425411
2019-06-25,16156567.584569344
2019-06-26,16206632.05434844
2019-06-27,16282450.83991534
2019-06-28,16348091.041741757
2019-07-01,16395976.667007139
2019-07-02,16375239.557094732
2019-07-03,16451502.403386183
2019-07-05,16449821.83569888
2019-07-08,16394069.200325523
2019-07-09,16391410.74043585
2019-07-10,16386421.47464471
2019-07-11,16384721.189457286
2019-07-12,16447821.455668122
2019-07-15,16406830.929505829
2019-07-16,16412671.231022768
2019-07-17,16337230.476828609
2019-07-18,16368909.340859933
2019-07-19,16375437.856964577
2019-07-22,16374427.170144463
2019-07-23,16438194.215307664
2019-07-24,16507425.480444364
2019-07-25,16415923.188070212
2019-07-26,16466615.02832095
2019-07-29,16452160.969603939
2019-07-30,16443014.923319343
2019-07-31,16434567.68198459
2019-08-01,16325528.759981135
2019-08-02,16268879.448920973
2019-08-05,16021673.260636244
2019-08-06,16091523.226066938
2019-08-07,16105657.194148108
2019-08-08,16225883.425172135
2019-08-09,16136679.625732895
2019-08-12,15998061.16692498
2019-08-13,16085746.821283516
2019-08-14,15840693.67930835
2019-08-15,15804948.764494535
2019-08-16,15946524.471409349
2019-08-19,16021121.56391627
2019-08-20,15948289.23439026
2019-08-21,16017027.499038644
2019-08-22,16022007.036102083
2019-08-23,15822976.362296054
2019-08-26,15911436.432998493
2019-08-27,15810008.69236685
2019-08-28,15878978.42414508
2019-08-29,15948766.362052169
2019-08-30,15969529.923865553
2019-09-03,15902004.464855948
2019-09-04,15960650.151862187
2019-09-05,16022974.678511806
2019-09-06,16031940.861771442
2019-09-09,16103536.660472145
2019-09-10,16159957.902624726
2019-09-11,16202940.717769958
2019-09-12,16189288.519433908
2019-09-13,16194836.497198239
2019-09-16,16200552.928404257
2019-09-17,16178939.153061658
2019-09-18,16169374.526333524
2019-09-19,16156949.849556651
2019-09-20,16154404.296471836
2019-09-23,16166030.798878249
2019-09-24,16121097.450921921
2019-09-25,16158795.691113174
2019-09-26,16130551.897862557
2019-09-27,16096031.02553602
2019-09-30,16107155.130089357
2019-10-01,16036938.49509792
2019-10-02,15951101.645931868
2019-10-03,15977949.844722021
2019-10-04,16021118.295754394
2019-10-07,16008575.944212016
2019-10-08,15938344.76904164
2019-10-09,15959183.518762175
2019-10-10,15998210.69343848
2019-10-11,16067575.419782933
2019-10-14,16058591.336099708
2019-10-15,16102435.324508283
2019-10-16,16095261.411923826
2019-10-17,16124705.716172973
2019-10-18,16127164.09801545
2019-10-21,16153478.895307641
2019-10-22,16170775.580966696
2019-10-23,16185352.238086488
2019-10-24,16180434.20848786
2019-10-25,16220821.742452206
2019-10-28,16240137.294466153
2019-10-29,16235463.117699474
2019-10-30,16206800.974500561
2019-10-31,16149541.783578398
2019-11-01,16247994.726472454
2019-11-04,16303369.423886158
2019-11-05,16295693.630162843
2019-11-06,16273976.967374481
2019-11-07,16306634.56750575
2019-11-08,16323982.571115214
2019-11-11,16320670.4652549
2019-11-12,16311767.579644062
2019-11-13,16298978.829771616
2019-11-14,16303979.406553652
2019-11-15,16340252.777418341
2019-11-18,16335825.742445335
2019-11-19,16323670.295149993
2019-11-20,16291905.33018156
2019-11-21,16275688.449001674
2019-11-22,16301577.133669019
2019-11-25,16370731.489534723
2019-11-26,16332668.25069589
2019-11-27,16361358.271050598
2019-11-29,16330546.117850203
2019-12-02,16313081.667216912
2019-12-03,16267799.030251937
2019-12-04,16306462.306893772
2019-12-05,16307872.532634195
2019-12-06,16343823.183404827
2019-12-09,16343651.265004653
2019-12-10,16351763.431258682
2019-12-11,16353462.65821203
2019-12-12,16387686.930243105
2019-12-13,16370627.684404582
2019-12-16,16387432.863607818
2019-12-17,16407595.15587283
2019-12-18,16413421.085468456
2019-12-19,16441415.030394265
2019-12-20,16458707.912194919
2019-12-23,16451393.761358805
2019-12-24,16455296.642807905
2019-12-26,16460795.345874187
2019-12-27,16453677.573753111
2019-12-30,16437481.121337283
2019-12-31,16446998.935696464
2020-01-02,16465128.151918542
2020-01-03,16427631.634650566
2020-01-06,16435386.395402098
2020-01-07,16428451.878430277
2020-01-08,16428033.530256879
2020-01-09,16422775.713029673
2020-01-10,16412945.813682131
2020-01-13,16436782.035344968
2020-01-14,16454168.454592189
2020-01-15,16449784.470451899
2020-01-16,16475158.984459734
2020-01-17,16473833.178100714
2020-01-21,16433159.33887672
2020-01-22,16432215.033457953
2020-01-23,16452336.490261573
2020-01-24,16403278.820989892
2020-01-27,16346997.925773434
2020-01-28,16376234.79784849
2020-01-29,16370911.604619492
2020-01-30,16363906.714036778
2020-01-31,16310883.35624508
2020-02-03,16342548.399338976
2020-02-04,16403065.378006632
2020-02-05,16446330.772282701
2020-02-06,16441745.490487203
2020-02-07,16402859.272626473
2020-02-10,16424671.785309449
2020-02-11,16468871.326783132
2020-02-12,16510367.168711659
2020-02-13,16498769.497240398
2020-02-14,16493214.020321928
2020-02-18,16458622.363843918
2020-02-19,16480769.990073904
2020-02-20,16489402.949361647
2020-02-21,16461350.086062476
2020-02-24,16348185.37705043
2020-02-25,16232933.508827263
2020-02-26,16174657.85992583
2020-02-27,16074622.813915145
2020-02-28,16062795.597232725
2020-03-02,16133576.840705818
2020-03-03,16075405.506047057
2020-03-04,16133511.525671223
2020-03-05,16064127.42337755
2020-03-06,16000739.886028895
2020-03-09,15815402.495488495
2020-03-10,15877866.295577079
2020-03-11,15779183.129066948
2020-03-12,15626784.380067196
2020-03-13,15709263.864279576
2020-03-16,15514983.086494055
2020-03-17,15536744.444301566
2020-03-18,15420436.20039917
2020-03-19,15478070.027318615
2020-03-20,15441751.830158373
2020-03-23,15399407.393672211
2020-03-24,15520432.447253507
2020-03-25,15565025.101827389
2020-03-26,15635091.067189138
2020-03-27,15586561.84004644
2020-03-30,15594459.50277797
2020-03-31,15592394.640753135
2020-04-01,15519537.274888916
2020-04-02,15538920.517298108
2020-04-03,15521215.122254001
2020-04-06,15606539.898676164
2020-04-07,15620033.35526475
2020-04-08,15690543.473211376
2020-04-09,15721770.136665788
2020-04-13,15692004.89043784
2020-04-14,15730512.21133715
2020-04-15,15674343.762328254
2020-04-16,15668505.11444933
2020-04-17,15721978.25109907
2020-04-20,15704572.932657633
2020-04-21,15644453.271503568
2020-04-22,15669931.643571395
2020-04-23,15679688.196415108
2020-04-24,15700248.57210389
2020-04-27,15754115.434479848
2020-04-28,15773113.620434133
2020-04-29,15826600.144939447
2020-04-30,15801054.300155532
2020-05-01,15750442.626753012
2020-05-04,15748059.455519876
2020-05-05,15758044.899712984
2020-05-06,15734105.92829786
2020-05-07,15771898.99644686
2020-05-08,15815702.903857905
2020-05-11,15814624.668185309
2020-05-12,15774277.427889038
2020-05-13,15723950.769753013
2020-05-14,15737744.423061142
2020-05-15,15752041.02326932
2020-05-18,15826941.853549652
2020-05-19,15813440.067720026
2020-05-20,15835672.05922966
2020-05-21,15828069.903391387
2020-05-22,15830934.667222867
2020-05-26,15877649.411479106
2020-05-27,15920752.457057187
2020-05-28,15896973.114591165
2020-05-29,15895909.391770186
2020-06-01,16204473.203511255
2020-06-02,16072531.498511255
2020-06-03,15831777.873511255
2020-06-04,15682213.148511257
2020-06-05,15719090.053856533
2020-06-08,15879987.553456832
2020-06-09,15954703.438946117
2020-06-10,16131406.167910283
2020-06-11,15560605.533946116
2020-06-12,15629780.875777956
2020-06-15,16269885.348600838
2020-06-16,16067688.498946115
2020-06-17,16185737.193600839
2020-06-18,16209347.429147385
2020-06-19,16409580.238197956
2020-06-22,16482893.374276647
2020-06-23,16382447.713600837
2020-06-24,16403887.550567618
2020-06-25,16338237.165567614
2020-06-26,16267423.400567617
2020-06-29,16442366.251618756
2020-06-30,16748124.501618754
2020-07-01,16594513.396618754
2020-07-02,16745906.615567617
2020-07-06,17255941.540567618
2020-07-07,17743790.398946118
2020-07-08,17679063.64394611
2020-07-09,18022603.685672503
2020-07-10,18094737.79230931
2020-07-13,17743427.83730931
2020-07-14,18158190.852309313
2020-07-15,18532743.499636672
2020-07-16,18550525.94963667
2020-07-17,19361190.27463667
2020-07-20,19233210.223946117
2020-07-21,19251159.978946112
2020-07-22,19513920.523946118
2020-07-23,19068627.384726256
2020-07-24,18965903.391062573
2020-07-27,19549076.691062577
2020-07-28,19501880.184726253
2020-07-29,19664528.049726255
2020-07-30,20470406.929726254
2020-07-31,20359742.089726254
2020-08-03,21063178.984726254
2020-08-04,20961826.690191727
2020-08-05,21638425.260191727
2020-08-06,21403596.67498195
2020-08-07,22060494.68519173
2020-08-10,21284370.565191727
2020-08-11,20752454.342833757
2020-08-12,20936261.970161118
2020-08-13,21304309.11542532
2020-08-14,21240455.35981584
2020-08-17,23071532.37981584
2020-08-18,22971955.75912529
2020-08-19,23477743.295161113
2020-08-20,23336426.32981584
2020-08-21,23302855.705161117
2020-08-24,23131897.001001917
2020-08-25,23122841.92550639
2020-08-26,23134201.33927213
2020-08-27,22196126.239272125
2020-08-28,22014297.892833754
2020-08-31,21419786.672833756
2020-09-01,21402438.061755963
2020-09-02,21674058.583755963
2020-09-03,20824182.109089296
2020-09-04,20713207.899089303
2020-09-08,20297181.42442263
2020-09-09,20892912.765755966
2020-09-10,20633978.60042263
2020-09-11,20632556.83042263
2020-09-14,20646155.013089295
2020-09-15,20803018.692422632
2020-09-16,20683482.0770893
2020-09-17,20576551.07375596
2020-09-18,20641453.157755964
2020-09-21,20498292.549089298
2020-09-22,20688870.697755963
2020-09-23,20414191.565755963
2020-09-24,20214111.69442263
2020-09-25,20524033.557755962
2020-09-28,20854930.52842263
2020-09-29,20800155.819089293
2020-09-30,20765593.20975596
2020-10-01,20843515.177089296
2020-10-02,20969309.595089298
2020-10-05,21558503.920422632
2020-10-06,21423168.685089298
2020-10-07,21735162.923089296
2020-10-08,21943006.145089295
2020-10-09,22041721.6890893
2020-10-12,22204812.829755966
2020-10-13,22239469.508422624
2020-10-14,21902964.013089295
2020-10-15,21990829.92375596
2020-10-16,22085688.119755965
2020-10-19,21834061.362422626
2020-10-20,21911591.777089294
2020-10-21,21813280.655089296
2020-10-22,21328989.3050893
2020-10-23,21469385.37508929
2020-10-26,21095294.973755963
2020-10-27,20946291.097755965
2020-10-28,20348959.00775596
2020-10-29,20291979.561755963
2020-10-30,20063099.527755965
2020-11-02,20149367.103755962
2020-11-03,20579290.153089296
2020-11-04,20581667.295755964
2020-11-05,21038919.659089297
2020-11-06,21239940.993755963
2020-11-09,20328465.040422626
2020-11-10,20394058.539089292
2020-11-11,20687496.813089292
2020-11-12,20587435.06775596
2020-11-13,20808325.69242263
2020-11-16,21146085.221755963
2020-11-17,21173754.165755965
2020-11-18,20979682.28175596
2020-11-19,21183130.437089294
2020-11-20,20989782.927089296
2020-11-23,21163373.4890893
2020-11-24,21248372.75175596
2020-11-25,21090804.077089295
2020-11-27,21288099.658422627
2020-11-30,21276861.35442263
2020-12-01,21190165.27941263
2020-12-02,21109514.274412632
2020-12-03,21287057.869412627
2020-12-04,21720220.91941263
2020-12-07,21934667.329412624
2020-12-08,22479427.58941263
2020-12-09,22689456.69941263
2020-12-10,22956094.839412622
2020-12-11,22675820.489412624
2020-12-14,22401831.653412633
2020-12-15,22962816.099412628
2020-12-16,22691289.899412632
2020-12-17,23097704.83341263
2020-12-18,23198908.459412627
2020-12-21,23159684.249412622
2020-12-22,23340018.309412632
2020-12-23,23491560.979412623
2020-12-24,23627179.649412632
2020-12-28,23831664.05941263
2020-12-29,23783029.609412625
2020-12-30,23863555.609412625
2020-12-31,24104719.499412622
2021-01-04,24107997.849412628
2021-01-05,24366045.339412633
2021-01-06,24857176.12941263
2021-01-07,24926900.989412628
2021-01-08,24925644.129412625
2021-01-11,25062605.919412628
2021-01-12,25727128.409412622
2021-01-13,25838916.36941262
2021-01-14,26552238.404412627
2021-01-15,26487411.533912633
2021-01-19,26746165.199412625
2021-01-20,26650266.07941263
2021-01-21,25909318.169412628
2021-01-22,26285074.62941263
2021-01-25,26459863.53941262
2021-01-26,26744654.36941263
2021-01-27,27215188.169412635
2021-01-28,26551921.919412628
2021-01-29,26084050.51941263
2021-02-01,26356143.724412635
2021-02-02,26387150.56941263
2021-02-03,26398904.92941263
2021-02-04,26724267.961412627
2021-02-05,26791731.89441263
2021-02-08,27615219.329412628
2021-02-09,28210171.849412628
2021-02-10,28357104.38941263
2021-02-11,28147468.67941263
2021-02-12,28361465.17941263
2021-02-16,28129985.054412626
2021-02-17,28438690.979412626
2021-02-18,28332577.43941263
2021-02-19,28463420.73941263
2021-02-22,28566405.709412634
2021-02-23,27056431.414412633
2021-02-24,28309069.429412633
2021-02-25,27557388.944412623
2021-02-26,27175738.38941263
2021-03-01,27669103.15827414
2021-03-02,27519560.19827415
2021-03-03,26992764.75827414
2021-03-04,26442417.03617414
2021-03-05,26975742.62827414
2021-03-08,27050504.93827414
2021-03-09,27302023.128274143
2021-03-10,27402069.928274136
2021-03-11,27878390.078274146
2021-03-12,28042210.168274138
2021-03-15,28073072.05827415
2021-03-16,27947871.297374144
2021-03-17,28595725.50827414
2021-03-18,28479001.118274152
2021-03-19,28550828.408274144
2021-03-22,29205909.83827415
2021-03-23,28790544.373274144
2021-03-24,27573964.698274147
2021-03-25,27821974.998274148
2021-03-26,27519399.688274145
2021-03-29,26936133.868274145
2021-03-30,27186083.70827414
2021-03-31,27406768.148274142
2021-04-01,27549233.34827414
2021-04-05,27852904.70397414
2021-04-06,28033572.18827414
2021-04-07,27945067.99827414
2021-04-08,28011142.858274147
2021-04-09,28051960.898274142
2021-04-12,27740917.258274145
2021-04-13,27981358.018274147
2021-04-14,28142540.728274137
2021-04-15,28287506.718274143
2021-04-16,28444754.098274145
2021-04-19,28112415.623274144
2021-04-20,27911430.319274146
2021-04-21,28467492.224774137
2021-04-22,28449217.91827414
2021-04-23,29255036.27827415
2021-04-26,29178597.448274147
2021-04-27,29297241.43097415
2021-04-28,28924332.13827414
2021-04-29,29279617.963274136
2021-04-30,28606801.47027414
2021-05-03,28668203.69827414
2021-05-04,28493941.161674146
2021-05-05,28294780.596674137
2021-05-06,28315017.848274138
2021-05-07,28580170.81827414
2021-05-10,28287272.33327415
2021-05-11,28132977.39827414
2021-05-12,27520295.093274143
2021-05-13,27790478.16827414
2021-05-14,28349834.908074144
2021-05-17,28488502.01837414
2021-05-18,28473948.89477414
2021-05-19,28288900.068174135
2021-05-20,28569107.448274147
2021-05-21,28480629.185574137
2021-05-24,28688285.459174138
2021-05-25,28061091.078274142
2021-05-26,28627695.348274145
2021-05-27,28685347.25827414
2021-05-28,28631798.988274146
2021-06-01,28628249.260033417
2021-06-02,28685762.227779377
2021-06-03,28650707.677918307
2021-06-04,28840798.109921616
2021-06-07,28853316.66062141
2021-06-08,28955586.280582022
2021-06-09,28870497.31163102
2021-06-10,28945812.440326482
2021-06-11,29047241.295951463
2021-06-14,28906883.52393718
2021-06-15,28850651.313596115
2021-06-16,28650222.275935195
2021-06-17,28420994.740026828
2021-06-18,27944710.984780867
2021-06-21,28464012.973322716
2021-06-22,28508446.701660953
2021-06-23,28405461.20396481
2021-06-24,28648180.159027655
2021-06-25,28809615.840356033
2021-06-28,28695341.509719156
2021-06-29,28719042.813280843
2021-06-30,28810047.08225914
2021-07-01,28970245.176041067
2021-07-02,29021669.74305021
2021-07-06,28707884.279363904
2021-07-07,28717927.660938147
2021-07-08,28477112.42733933
2021-07-09,28929258.436182022
2021-07-12,28942033.72493698
2021-07-13,28629850.76916057
2021-07-14,28522912.38470769
2021-07-15,28368290.483698294
2021-07-16,28079017.57021588
2021-07-19,27641285.37465344
2021-07-20,28173556.651100557
2021-07-21,28501237.477961276
2021-07-22,28391749.864686746
2021-07-23,28560939.851311103
2021-07-26,28639978.448341172
2021-07-27,28511839.576694403
2021-07-28,28588888.2388311
2021-07-29,28783211.957246944
2021-07-30,28748686.482036747
2021-08-02,28710079.007110484
2021-08-03,28962079.775166035
2021-08-04,28670380.03286083
2021-08-05,28820713.42709892
2021-08-06,28958872.82957439
2021-08-09,28865311.300316334
2021-08-10,28968352.414537996
2021-08-11,29122465.24733952
2021-08-12,29088517.858628307
2021-08-13,29066113.99810177
2021-08-16,29041952.821112417
2021-08-17,28816349.17605069
2021-08-18,28494790.575447638
2021-08-19,28442161.198141668
2021-08-20,28688005.309780907
2021-08-23,28937743.368183494
2021-08-24,29081487.452533126
2021-08-25,29202420.75728945
2021-08-26,28993601.276738744
2021-08-27,29352480.772443164
2021-08-30,29342921.580284934
2021-08-31,29299955.96315669
2021-09-01,29488209.602921713
2021-09-02,29641760.94792172
2021-09-03,29725863.027921718
2021-09-07,29631606.227641717
2021-09-08,29622479.602641717
2021-09-09,29511233.53764172
2021-09-10,29310518.807641722
2021-09-13,28965292.182641715
2021-09-14,28931269.35264172
2021-09-15,29171573.75264172
2021-09-16,29273793.742641713
2021-09-17,29015276.347641714
2021-09-20,28702017.37764172
2021-09-21,28718997.832641713
2021-09-22,28786274.927641716
2021-09-23,28849649.20264172
2021-09-24,28585391.767641716
2021-09-27,28155041.232641716
2021-09-28,27557061.777641717
2021-09-29,27519921.207641717
2021-09-30,27261826.497641716
2021-10-01,27320952.417641714
2021-10-04,26952302.19264172
2021-10-05,27124670.492641717
2021-10-06,27167814.122641716
2021-10-07,27325991.812641717
2021-10-08,27029760.43764172
2021-10-11,26895717.437641714
2021-10-12,26988352.94764171
2021-10-13,27164715.05264172
2021-10-14,27480916.302641716
2021-10-15,27497163.092641722
2021-10-18,27594396.267641712
2021-10-19,27776145.032641716
2021-10-20,28003357.06764172
2021-10-21,28067413.48764172
2021-10-22,28236333.802641716
2021-10-25,28407000.42764172
2021-10-26,28457228.32764171
2021-10-27,28077519.12764172
2021-10-28,28366239.507641714
2021-10-29,28487733.322641715
2021-11-01,28494875.062641717
2021-11-02,28314581.727641717
2021-11-03,28163726.46764172
2021-11-04,28009784.747641716
2021-11-05,27856528.657641716
2021-11-08,28297268.272641715
2021-11-09,28206230.982641716
2021-11-10,27966341.747641716
2021-11-11,28054692.282641713
2021-11-12,28235769.48764171
2021-11-15,28225462.982641716
2021-11-16,28347538.352641717
2021-11-17,28316618.597641714
2021-11-18,28316616.93264172
2021-11-19,28405343.417641714
2021-11-22,28248628.027641717
2021-11-23,27977592.477641717
2021-11-24,28057410.097641714
2021-11-26,27955755.637641717
2021-11-29,28297710.712641712
2021-11-30,27881269.752641715
2021-12-01,27586178.111005194
2021-12-02,27889065.857005198
2021-12-03,27832686.9670052
2021-12-06,27628103.105428223
2021-12-07,28007810.46702821
2021-12-08,27870082.910830896
2021-12-09,27749501.542645097
2021-12-10,28077991.42623128
2021-12-13,28106585.847005196
2021-12-14,27968765.1530052
2021-12-15,28595650.54203588
2021-12-16,28704954.40503589
2021-12-17,28197922.049035892
2021-12-20,28214821.89183742
2021-12-21,28285120.324637428
2021-12-22,28453826.458658908
2021-12-23,28433767.80268347
2021-12-27,28827187.46929727
2021-12-28,28837405.27706659
2021-12-29,28886366.769058906
2021-12-30,28914828.005051233
2021-12-31,29207776.873733208
2022-01-03,28954224.84302054
2022-01-04,28687033.603035886
2022-01-05,28419119.631235886
2022-01-06,28379108.432635885
2022-01-07,28244192.2415519
2022-01-10,28150857.083035883
2022-01-11,28153247.351340488
2022-01-12,28232840.93703743
2022-01-13,28066898.12851123
2022-01-14,27987602.825035892
2022-01-18,27509212.66743589
2022-01-19,27297066.7720474
2022-01-20,27127138.855942033
2022-01-21,26574995.858246632
2022-01-24,26391854.58604356
2022-01-25,26088473.81504356
2022-01-26,25991703.77804356
2022-01-27,25908298.565043565
2022-01-28,26305209.021043558
2022-01-31,26487984.644251235
2022-02-01,26634114.869043566
2022-02-02,26933584.503443558
2022-02-03,26562947.605051234
2022-02-04,26328185.86504356
2022-02-07,26198155.922274258
2022-02-08,26209197.79745891
2022-02-09,26581718.193443563
2022-02-10,26030479.150242034
2022-02-11,25714254.120158046
2022-02-14,25610419.531442028
2022-02-15,25898220.529442027
2022-02-16,25838878.690242033
2022-02-17,25422340.610269662
2022-02-18,25438890.889043562
2022-02-22,25058569.656058908
2022-02-23,24633101.649058916
2022-02-24,24790287.09904356
2022-02-25,25525157.493043564
2022-02-28,25427867.359443557
2022-03-01,25504101.243070014
2022-03-02,25831245.10307001
2022-03-03,25982830.83677001
2022-03-04,26313694.348570015
2022-03-07,25959965.016070016
2022-03-08,25809815.026070014
2022-03-09,26002764.819570012
2022-03-10,26161989.513120018
2022-03-11,26031983.723070014
2022-03-14,25963174.14657001
2022-03-15,25983106.319370013
2022-03-16,26023202.15339501
2022-03-17,26361389.560770012
2022-03-18,26262309.248070017
2022-03-21,26552176.017470017
2022-03-22,26579587.02307001
2022-03-23,26355491.248070013
2022-03-24,26454900.159570016
2022-03-25,26610296.723070018
2022-03-28,26541914.928570013
2022-03-29,26673700.339070015
2022-03-30,26824199.34887001
2022-03-31,26660541.638070013
2022-04-01,26902169.053070012
2022-04-04,26787671.366070013
2022-04-05,26736550.588070013
2022-04-06,26819598.48307002
2022-04-07,26986005.54047001
2022-04-08,27251290.34307001
2022-04-11,27088162.769070018
2022-04-12,27181186.02842001
2022-04-13,27417597.251570012
2022-04-14,27397818.522770017
2022-04-18,27307073.050670017
2022-04-19,27478681.49277002
2022-04-20,27767960.36307001
2022-04-21,27517164.408070017
2022-04-22,26960865.10607001
2022-04-25,26947492.59207001
2022-04-26,26605477.462590013
2022-04-27,26699043.500570014
2022-04-28,26938910.84457002
2022-04-29,26563846.643070016
2022-05-02,26505569.483670015
2022-05-03,26691563.18007002
2022-05-04,27114878.97957001
2022-05-05,26902162.169070017
2022-05-06,26878314.380470015
2022-05-09,26032913.123070017
2022-05-10,26044696.547670014
2022-05-11,26020223.34307002
2022-05-12,26064568.81307001
2022-05-13,26531719.993070014
2022-05-16,26768232.313070014
2022-05-17,26804862.430970013
2022-05-18,25629122.120570015
2022-05-19,25584079.726770014
2022-05-20,25574757.988070007
2022-05-23,25906288.941570014
2022-05-24,25903264.043070007
2022-05-25,26117713.65307001
2022-05-26,26568566.170070015
2022-05-27,26931715.25307002
2022-05-31,26665535.263070017
2022-06-01,26569606.82833502
2022-06-02,26599068.388335012
2022-06-03,26595032.295835022
2022-06-06,26604271.52833502
2022-06-07,26895536.90458501
2022-06-08,26783278.22833502
2022-06-09,26175751.988335013
2022-06-10,25816385.60833502
2022-06-13,24848024.550835017
2022-06-14,24709140.953335013
2022-06-15,24626854.42333502
2022-06-16,24114971.157085016
2022-06-17,23757172.38833502
2022-06-21,24164601.85583502
2022-06-22,23917527.010835018
2022-06-23,23843673.05833502
2022-06-24,24271059.42833502
2022-06-27,24577665.273335017
2022-06-28,24619663.005835023
2022-06-29,24498528.84583502
2022-06-30,24374356.627085015
2022-07-01,24619512.28333502
2022-07-05,23991654.348335017
2022-07-06,23933928.550835013
2022-07-07,24172294.108335014
2022-07-08,24178168.238335017
2022-07-11,24173642.793335017
2022-07-12,23976244.795835014
2022-07-13,23973610.22833502
2022-07-14,23924221.08333502
2022-07-15,24168841.545835022
2022-07-18,24067546.938335016
2022-07-19,24453374.688335016
2022-07-20,24408802.718335018
2022-07-21,24297754.485835016
2022-07-22,24262608.583335016
2022-07-25,24685200.883335017
2022-07-26,24866100.73833502
2022-07-27,25148526.013335016
2022-07-28,25290248.843335014
2022-07-29,25411877.928335015
2022-08-01,25288380.007085014
2022-08-02,25279004.223335017
2022-08-03,25152768.399585016
2022-08-04,24902422.453335017
2022-08-05,25088092.963335022
2022-08-08,25389595.885835018
2022-08-09,25528673.95583502
2022-08-10,25667023.368335016
2022-08-11,25655502.97833502
2022-08-12,25916338.950835016
2022-08-15,25896377.555835012
2022-08-16,25976751.39333502
2022-08-17,25960497.15333502
2022-08-18,26149681.523335025
2022-08-19,26061363.46333502
2022-08-22,25858322.622085012
2022-08-23,25854235.703335017
2022-08-24,25858463.723335013
2022-08-25,26064060.17333502
2022-08-26,25746211.40958502
2022-08-29,25851339.338335015
2022-08-30,25508233.278335012
2022-08-31,25510138.15083502
2022-09-01,25392924.441735264
2022-09-02,25470872.283129435
2022-09-06,25345004.99447308
2022-09-07,25577230.37543622
2022-09-08,25552214.707983784
2022-09-09,25777415.881012913
2022-09-12,25876151.636057507
2022-09-13,25588854.8816342
2022-09-14,25787644.9246128
2022-09-15,25281956.366767988
2022-09-16,25092364.553257287
2022-09-19,25289116.157680593
2022-09-20,25078979.314220425
2022-09-21,24978770.71383992
2022-09-22,24930428.45225549
2022-09-23,24290406.221723393
2022-09-26,23925230.92816216
2022-09-27,24070219.98383992
2022-09-28,24603185.424321488
2022-09-29,24253615.068985578
2022-09-30,24020248.034321487
2022-10-03,24532464.879467145
2022-10-04,24966076.74788272
2022-10-05,24853734.348123502
2022-10-06,24692759.707451683
2022-10-07,24537247.68211577
2022-10-10,24415583.030531347
2022-10-11,24264941.92562647
2022-10-12,24162430.54074552
2022-10-13,24627025.92425622
2022-10-14,24249921.654256217
2022-10-17,24494312.943343613
2022-10-18,24678578.413584396
2022-10-19,24815710.032671794
2022-10-20,24726186.906423274
2022-10-21,25017535.35551067
2022-10-24,25078137.547867976
2022-10-25,25279691.035801984
2022-10-26,25375139.16325442
2022-10-27,25424201.364407815
2022-10-28,25494983.383013636
2022-10-31,25531966.005801987
2022-11-01,25715510.77791851
2022-11-02,25169902.057005905
2022-11-03,25327806.585180696
2022-11-04,25384031.337297224
2022-11-07,25338766.02753801
2022-11-08,25336940.61008557
2022-11-09,24735150.094737783
2022-11-10,25245305.13478832
2022-11-11,25090678.928248487
2022-11-14,24947165.01281151
2022-11-15,25195165.032811515
2022-11-16,25077997.892139688
2022-11-17,25151647.505891174
2022-11-18,25166546.51916109
2022-11-21,24797963.412951235
2022-11-22,25179701.878819242
2022-11-23,25070466.655549325
2022-11-25,25061960.536943503
2022-11-28,24716000.025258012
2022-11-29,24766573.18271045
2022-11-30,25125898.58367359
2022-12-01,24991442.235308062
2022-12-02,25312467.165308062
2022-12-05,24803472.18530806
2022-12-06,24392103.79530806
2022-12-07,24112734.03530806
2022-12-08,24498816.865308058
2022-12-09,24078119.53530806
2022-12-12,24396298.25530806
2022-12-13,24301881.635308057
2022-12-14,24212038.475308064
2022-12-15,23807644.92530806
2022-12-16,23745503.96530806
2022-12-19,23464321.44530806
2022-12-20,23812646.385308057
2022-12-21,23887397.535308056
2022-12-22,23564218.71530806
2022-12-23,23623269.62530806
2022-12-27,23652085.95530806
2022-12-28,23046578.985308062
2022-12-29,23244210.625308063
2022-12-30,23360015.235308062
2023-01-03,22887946.12530806
2023-01-04,22767003.45530806
2023-01-05,23052126.995308064
2023-01-06,23674007.18530806
2023-01-09,23191416.80530806
2023-01-10,23610958.59530806
2023-01-11,23485197.245308056
2023-01-12,23728205.085308064
2023-01-13,24036283.555308063
2023-01-17,24020144.675308064
2023-01-18,23565362.525308058
2023-01-19,23372750.94530806
2023-01-20,23626794.43530806
2023-01-23,23280844.63530806
2023-01-24,23586543.695308063
2023-01-25,23359425.515308063
2023-01-26,23407229.945308063
2023-01-27,23562062.50530806
2023-01-30,23395488.02530806
2023-01-31,23844818.60530806
2023-02-01,23912689.46530806
2023-02-02,23678616.42530806
2023-02-03,23974384.795308057
2023-02-06,24056669.555308063
2023-02-07,24560240.525308065
2023-02-08,24135745.365308058
2023-02-09,24364699.425308064
2023-02-10,24401809.565308057
2023-02-13,24718610.44530806
2023-02-14,25309178.835308056
2023-02-15,25587245.835308064
2023-02-16,25256257.685308058
2023-02-17,25136352.70530806
2023-02-21,24865801.915308062
2023-02-22,24595113.33530806
2023-02-23,24879420.445308063
2023-02-24,24715461.68530806
2023-02-27,24822692.165308062
2023-02-28,24617959.85530806
2023-03-01,24651388.364088062
2023-03-02,24632941.554088064
2023-03-03,24629789.844088063
2023-03-06,24434175.694088068
2023-03-07,24355567.494088065
2023-03-08,24220817.954088062
2023-03-09,23934205.254088067
2023-03-10,23714990.024088066
2023-03-13,22987513.01408807
2023-03-14,23375568.88408807
2023-03-15,22655807.364088062
2023-03-16,22547871.56408806
2023-03-17,21981424.974088065
2023-03-20,22315903.214088064
2023-03-21,22849969.044088062
2023-03-22,22524120.814088065
2023-03-23,22347699.414088063
2023-03-24,22459684.344088066
2023-03-27,22761943.924088065
2023-03-28,22968568.164088063
2023-03-29,22826828.594088063
2023-03-30,22728853.874088068
2023-03-31,23145661.90408806
2023-04-03,22973850.63408806
2023-04-04,22753925.58408807
2023-04-05,22854571.724088065
2023-04-06,22757956.98408806
2023-04-10,23021016.51408806
2023-04-11,23104279.194088068
2023-04-12,23230295.51408807
2023-04-13,23600067.754088063
2023-04-14,23609917.434088062
2023-04-17,23980418.164088067
2023-04-18,24043130.834088065
2023-04-19,23802867.394088067
2023-04-20,23763685.764088064
2023-04-21,23844480.684088062
2023-04-24,24247462.814088065
2023-04-25,23903200.914088067
2023-04-26,23646835.774088066
2023-04-27,23714646.514088064
2023-04-28,23977788.374088068
2023-05-01,23939447.584088065
2023-05-02,22951028.31408807
2023-05-03,23840061.324088067
2023-05-04,23588935.284088064
2023-05-05,23716109.124088064
2023-05-08,23746353.684088066
2023-05-09,23400703.704088066
2023-05-10,23482163.864088066
2023-05-11,23561430.734088063
2023-05-12,23400907.004088067
2023-05-15,23156726.042088065
2023-05-16,23085282.232088067
2023-05-17,23418020.214088064
2023-05-18,23641829.454088062
2023-05-19,23921871.464088064
2023-05-22,23662327.604088064
2023-05-23,23405625.434088066
2023-05-24,23372182.894088067
2023-05-25,23279389.088088065
2023-05-26,23374872.268088065
2023-05-30,22853231.03408806
2023-05-31,22703971.124088068
2023-06-01,22918229.547947068
2023-06-02,23132137.618947066
2023-06-05,23234828.734947063
2023-06-06,23160694.151947066
2023-06-07,22947518.760947064
2023-06-08,23146674.155947067
2023-06-09,23211583.73594707
2023-06-12,23128720.623947065
2023-06-13,23330902.42394707
2023-06-14,23233088.60894706
2023-06-15,23202170.562947065
2023-06-16,23100636.70394707
2023-06-20,23009395.677947067
2023-06-21,22983339.420947067
2023-06-22,23259024.970947072
2023-06-23,23071032.536147065
2023-06-26,22948126.73394707
2023-06-27,22956247.609947067
2023-06-28,22644922.03894707
2023-06-29,22778792.813947067
2023-06-30,23015457.513947066
2023-07-03,23125567.642947067
2023-07-05,22867059.618947066
2023-07-06,22799259.892947067
2023-07-07,22654872.791347068
2023-07-10,22724662.73594707
2023-07-11,22576241.780947067
2023-07-12,22725283.363947067
2023-07-13,22719648.368947066
2023-07-14,22818784.306947064
2023-07-17,22878754.037747063
2023-07-18,22820174.981947068
2023-07-19,22810884.75894707
2023-07-20,22849341.525947068
2023-07-21,22834754.486947067
2023-07-24,22824094.703947067
2023-07-25,22154344.806947067
2023-07-26,22044103.633947067
2023-07-27,21930752.685947064
2023-07-28,22007702.045947067
2023-07-31,22134698.996947065
2023-08-01,22119911.20894707
2023-08-02,21967996.946947068
2023-08-03,22027142.150947068
2023-08-04,21975378.025947064
2023-08-07,22093199.759447064
2023-08-08,21774827.401947066
2023-08-09,21637678.307947066
2023-08-10,21526377.617947064
2023-08-11,21330833.126547065
2023-08-14,21410354.332947064
2023-08-15,21268884.425947066
2023-08-16,20942088.289947066
2023-08-17,20698056.402447067
2023-08-18,20869046.756947067
2023-08-21,20913178.548947066
2023-08-22,20957127.469747063
2023-08-23,21102074.029947065
2023-08-24,20808206.842947066
2023-08-25,20842546.69794707
2023-08-28,20854392.160947066
2023-08-29,20991348.801947065
2023-08-30,21136749.011947066
2023-08-31,21152855.850947067
2023-09-01,21248329.55928207
2023-09-05,21277222.57403207
2023-09-06,21439312.454882067
2023-09-07,21468371.722882073
2023-09-08,21279244.017882064
2023-09-11,21332310.17538207
2023-09-12,21187609.77238207
2023-09-13,20975671.46058207
2023-09-14,20972423.756682064
2023-09-15,20941135.622882072
2023-09-18,20963232.659192067
2023-09-19,20726722.72838207
2023-09-20,20726045.88823207
2023-09-21,20541478.97728207
2023-09-22,20748903.863482065
2023-09-25,20814007.093882065
2023-09-26,20589548.97988207
2023-09-27,20700027.785682064
2023-09-28,21176120.598182067
2023-09-29,21075002.67788207
2023-10-02,21115495.67188207
2023-10-03,20640300.260882072
2023-10-04,20752120.566582065
2023-10-05,20744230.71403207
2023-10-06,20703223.126132067
2023-10-09,21060016.296532072
2023-10-10,21496030.617382072
2023-10-11,21579567.14948207
2023-10-12,21221607.285882067
2023-10-13,21133692.21488207
2023-10-16,21442868.126466066
2023-10-17,21554007.60818207
2023-10-18,21322585.065632068
2023-10-19,20989751.54038207
2023-10-20,20780390.094882067
2023-10-23,20547354.532382067
2023-10-24,20831732.86988207
2023-10-25,20645885.25818207
2023-10-26,20892964.197882067
2023-10-27,20831351.319882065
2023-10-30,20854418.01754207
2023-10-31,20898324.333882067
2023-11-01,21204473.92188207
2023-11-02,21494935.03628207
2023-11-03,21833619.25388207
2023-11-06,21995958.42178207
2023-11-07,21959314.34358207
2023-11-08,21890235.99088207
2023-11-09,21974576.67488207
2023-11-10,22369098.46488207
2023-11-13,22653636.148182068
2023-11-14,23002249.92418207
2023-11-15,22821492.626282066
2023-11-16,22472863.55818207
2023-11-17,22706869.355882067
2023-11-20,22782225.538882066
2023-11-21,22880801.142382067
2023-11-22,23036229.272382073
2023-11-24,23141796.89578207
2023-11-27,23036957.667882066
2023-11-28,23031109.42988207
2023-11-29,22624977.62118207
2023-11-30,22786093.72888207
2023-12-01,22673371.80542007
2023-12-04,22608611.961020067
2023-12-05,22570983.016620066
2023-12-06,22178525.89422007
2023-12-07,22262776.31057007
2023-12-08,22473939.109820068
2023-12-11,22422945.068220068
2023-12-12,22533750.376720063
2023-12-13,22689068.30202007
2023-12-14,22433756.320220068
2023-12-15,22673123.419020068
2023-12-18,22815611.419020068
2023-12-19,22977915.634020068
2023-12-20,22687602.43202007
2023-12-21,22907102.19902007
2023-12-22,23089799.91402007
2023-12-26,23583464.889020067
2023-12-27,23357707.17902007
2023-12-28,23601646.794220068
2023-12-29,23687955.439020067
2024-01-02,23327719.87902007
2024-01-03,22985391.05902007
2024-01-04,22932022.88269207
2024-01-05,23088664.963520065
2024-01-08,23453264.219020072
2024-01-09,23490671.589020066
2024-01-10,23570258.20902007
2024-01-11,23734030.663420066
2024-01-12,23934817.461320065
2024-01-16,24300103.37902007
2024-01-17,24507658.919020064
2024-01-18,24634846.809020072
2024-01-19,24700387.46902007
2024-01-22,25096029.929020066
2024-01-23,25178893.519020066
2024-01-24,25251817.089020066
2024-01-25,25261283.119020067
2024-01-26,25268664.35902007
2024-01-29,25362886.959020067
2024-01-30,25197447.089020066
2024-01-31,25031217.48902007
2024-02-01,25284508.479020067
2024-02-02,25558033.079020068
2024-02-05,25714320.329020068
2024-02-06,25422546.96902007
2024-02-07,25767841.96902007
2024-02-08,25821815.60902007
2024-02-09,25959575.379020065
2024-02-12,26017434.849020068
2024-02-13,25905484.429020066
2024-02-14,26273803.46902007
2024-02-15,26325241.329020068
2024-02-16,26310481.379020065
2024-02-20,26408874.629020065
2024-02-21,26164630.87902007
2024-02-22,27330435.769020066
2024-02-23,27429823.079020068
2024-02-26,27463008.46902007
2024-02-27,27447746.259020068
2024-02-28,27318183.089020066
2024-02-29,27275599.759020068
2024-03-01,27444165.04892008
2024-03-04,27408318.82392007
2024-03-05,27542562.203920074
2024-03-06,27688669.92892007
2024-03-07,27875958.173920076
2024-03-08,27705823.141920064
2024-03-11,27734945.773920078
2024-03-12,27813178.55392007
2024-03-13,27761071.087920073
2024-03-14,27737194.023920074
2024-03-15,27649781.64392007
2024-03-18,27794474.31392007
2024-03-19,27957985.693920076
2024-03-20,28115686.638920072
2024-03-21,28474739.188920066
2024-03-22,28328297.33892007
2024-03-25,28259922.67287008
2024-03-26,28215622.518920064
2024-03-27,28329063.888920072
2024-03-28,28246159.85392007
2024-04-01,28253725.93392007
2024-04-02,28152542.603920076
2024-04-03,28131758.573920067
2024-04-04,27538552.26892007
2024-04-05,27563416.15392008
2024-04-08,27561567.703920066
2024-04-09,27388137.153920077
2024-04-10,27088739.803920075
2024-04-11,27035018.513920072
2024-04-12,26564790.484920073
2024-04-15,26270431.09392007
2024-04-16,26307195.428420067
2024-04-17,26348517.541920066
2024-04-18,26299653.768920075
2024-04-19,26485019.033920076
2024-04-22,26669640.91392008
2024-04-23,26967601.133920074
2024-04-24,27017656.033920072
2024-04-25,26972914.841420077
2024-04-26,26734421.303920064
2024-04-29,26904095.650020074
2024-04-30,26859681.30392007
2024-05-01,26768868.16392008
2024-05-02,26843730.570020072
2024-05-03,27058123.66392007
2024-05-06,27205357.23392008
2024-05-07,27279701.483920075
2024-05-08,27315483.28392008
2024-05-09,27408148.36392008
2024-05-10,27453536.18392008
2024-05-13,27274256.64392007
2024-05-14,27416432.823920082
2024-05-15,27506760.783920072
2024-05-16,27550889.233920064
2024-05-17,27746024.16392007
2024-05-20,27743565.183920074
2024-05-21,27605179.593920074
2024-05-22,27386637.55392007
2024-05-23,27160514.653920073
2024-05-24,27299568.603920087
2024-05-28,27019922.613920074
2024-05-29,26871940.353920072
2024-05-30,27169567.41392007
2024-05-31,27540765.788920067
2024-06-03,27401219.525830075
2024-06-04,27277296.22583007
2024-06-05,27475672.037030075
2024-06-06,27624195.448430073
2024-06-07,27635272.789830074
2024-06-10,27657832.760030072
2024-06-11,27312706.06003007
2024-06-12,27299448.099830072
2024-06-13,27208547.42283007
2024-06-14,27147085.507830072
2024-06-17,27335350.262230072
2024-06-18,27364992.40583007
2024-06-20,27481961.23183007
2024-06-21,27362950.491830073
2024-06-24,27599313.77363007
2024-06-25,27458744.88103007
2024-06-26,27475727.701230068
2024-06-27,27422104.557830077
2024-06-28,27575810.408630077
2024-07-01,27496880.172430076
2024-07-02,27336962.905830074
2024-07-03,27285765.643830072
2024-07-05,27266097.960430074
2024-07-08,27270999.24583007
2024-07-09,27341311.46503007
2024-07-10,27420115.38843007
2024-07-11,27598013.009830073
2024-07-12,27695231.35003007
2024-07-15,27871617.08583007
2024-07-16,28184604.189630073
2024-07-17,28292773.38103007
2024-07-18,28115953.325830072
2024-07-19,28012968.63583007
2024-07-22,28145700.024830077
2024-07-23,28181554.901830073
2024-07-24,28003196.735430073
2024-07-25,28187626.59583007
2024-07-26,28309808.02163007
2024-07-29,28189198.604030073
2024-07-30,28319043.48983007
2024-07-31,28408130.38463007
2024-08-01,28386940.726630073
2024-08-02,28051100.58063007
2024-08-05,27578451.803830072
2024-08-06,27772117.280430075
2024-08-07,27823476.86183007
2024-08-08,27989186.88983007
2024-08-09,27959506.675830074
2024-08-12,27899332.045830075
2024-08-13,27973170.94018407
2024-08-14,28120598.460830074
2024-08-15,28324434.150430072
2024-08-16,28459033.42123007
2024-08-19,28598852.091230072
2024-08-20,28508628.95143008
2024-08-21,28601619.841630075
2024-08-22,28649732.575830076
2024-08-23,28852541.22963007
2024-08-26,28804037.785830073
2024-08-27,28735792.76583007
2024-08-28,28715771.785830073
2024-08-29,28840208.86583007
2024-08-30,28927722.545830067
2024-09-03,28706434.780130073
2024-09-04,28689799.96073007
2024-09-05,28675788.51613007
2024-09-06,28517836.160130072
2024-09-09,28615393.03373007
2024-09-10,28648028.86573007
2024-09-11,28555668.759130068
2024-09-12,28725800.49613007
2024-09-13,28810411.83613007
2024-09-16,28934420.08613007
2024-09-17,28946777.47613007
2024-09-18,28915303.916130073
2024-09-19,29030901.316130072
2024-09-20,29054991.75613007
2024-09-23,29193604.246730074
2024-09-24,29136974.45153007
2024-09-25,29105840.04613007
2024-09-26,29138280.74613007
2024-09-27,29184578.86493007
2024-09-30,29305887.60413007
2024-10-01,29363774.221530072
2024-10-02,29378547.80813007
2024-10-03,29335220.32313007
2024-10-04,29531761.30533007
2024-10-07,29485219.412130073
2024-10-08,29414824.381530073
2024-10-09,29546109.526130073
2024-10-10,29502449.890130073
2024-10-11,29690743.64613007
2024-10-14,29736594.188530073
2024-10-15,29661901.670130067
2024-10-16,29777513.67613007
2024-10-17,29794425.316130072
2024-10-18,29810893.86613007
2024-10-21,29743267.956130072
2024-10-22,29685061.346130073
2024-10-23,29671095.866130073
2024-10-24,29717167.36613007
2024-10-25,29637270.51613007
2024-10-28,29708848.866130073
2024-10-29,29907338.44613007
2024-10-30,30008313.566130072
2024-10-31,29843008.890130073
2024-11-01,29841585.516130075
2024-11-04,29910919.75153007
2024-11-05,30145082.80993007
2024-11-06,30673610.29173007
2024-11-07,30560970.283130072
2024-11-08,30662078.291130073
2024-11-11,30741684.513130073
2024-11-12,30780253.71073007
2024-11-13,30647966.77773007
2024-11-14,30215063.552930072
2024-11-15,30147232.78453007
2024-11-18,30135818.73013007
2024-11-19,30084794.83613007
2024-11-20,30145687.53353007
2024-11-21,30393290.986130074
2024-11-22,30474442.36013007
2024-11-25,30483178.48613007
2024-11-26,30531887.76073007
2024-11-27,30532746.236130074
2024-11-29,30619666.180130072
2024-12-02,30603562.202670068
2024-12-03,30614916.733670067
2024-12-04,30561098.65787007
2024-12-05,30544532.641870067
2024-12-06,30502365.66627007
2024-12-09,30445221.972470067
2024-12-10,30406039.046670068
2024-12-11,30322980.983070068
2024-12-12,30316653.88367007
2024-12-13,30299795.556470066
2024-12-16,30266165.12187007
2024-12-17,30185908.321870066
2024-12-18,30055598.66187007
2024-12-19,30020761.371870067
2024-12-20,30048304.45387007
2024-12-23,30066102.40387007
2024-12-24,30098972.20507007
2024-12-26,30066679.24587007
2024-12-27,30059183.987870067
2024-12-30,30020513.331870068
2024-12-31,30050398.564670067
2025-01-02,30059847.107070066
2025-01-03,30124663.30587007
2025-01-06,30162294.29367007
2025-01-07,30121065.534070067
2025-01-08,30133710.75747007
2025-01-10,30132570.734270066
2025-01-13,30204533.32727007
2025-01-14,30279733.89707007
2025-01-15,30338268.59187007
2025-01-16,30391995.77647007
2025-01-17,30380564.832470067
2025-01-21,30474532.847270068
2025-01-22,30494256.60727007
2025-01-23,30339024.835070066
2025-01-24,30289305.955670066
2025-01-27,30329479.67147007
2025-01-28,30234843.54187007
2025-01-29,30238298.40407007
2025-01-30,30324457.09187007
2025-01-31,30256161.81187007
2025-02-03,30276518.171870068
2025-02-04,30336959.67587007
2025-02-05,30350183.13647007
2025-02-06,30331246.33947007
2025-02-07,30280931.412870068
2025-02-10,30278924.97187007
2025-02-11,30244783.917870067
2025-02-12,30200424.033870067
2025-02-13,30158270.41187007
2025-02-14,30179064.74567007
2025-02-18,30195938.23587007
2025-02-19,30203611.63647007
2025-02-20,30155090.31187007
2025-02-21,30071826.831870068
2025-02-24,30074859.52807007
2025-02-25,30117178.19967007
2025-02-26,30101057.84187007
2025-02-27,30098514.06547007
2025-02-28,30127628.39247007
2025-03-03,30107143.27805007
2025-03-04,30122117.48805007
2025-03-05,30131589.29805007
2025-03-06,30108631.30805007
2025-03-07,30197869.18205007
2025-03-10,30206364.55605007
2025-03-11,30160871.65465007
2025-03-12,30136314.05805007
2025-03-13,30119060.96805007
2025-03-14,30160979.56265007
2025-03-17,30249695.18805007
2025-03-18,30249013.45745007
2025-03-19,30256878.63725007
2025-03-20,30176658.03805007
2025-03-21,30116756.91005007
2025-03-24,30164944.72265007
2025-03-25,30182510.93205007
2025-03-26,30192929.37005007
2025-03-27,30178563.65005007
2025-03-28,30165424.62965007
2025-03-31,30139230.20225007
2025-04-01,30178965.02325007
2025-04-02,30309996.53205007
2025-04-03,30183301.16405007
2025-04-04,29926835.53385007
2025-04-07,29885586.26285007
2025-04-08,29830161.59815007
2025-04-09,30026872.73805007
2025-04-10,29995146.01205007
2025-04-11,30098241.57405007
2025-04-14,30154941.16825007
2025-04-15,30178439.01005007
2025-04-16,30163943.79765007
2025-04-17,30173247.283050068
2025-04-21,30127715.96885007
2025-04-22,30246781.33265007
2025-04-23,30277956.458050072
2025-04-24,30316033.57805007
2025-04-25,30305900.03355007
2025-04-28,30303961.12996807
2025-04-29,30338985.72345007
2025-04-30,30300023.853450067
2025-05-01,30249030.84805007
2025-05-02,30320681.07099607
2025-05-05,30189293.12885007
2025-05-06,30259608.82845007
2025-05-07,30366053.27239607
2025-05-08,30363931.64405007
2025-05-09,30331360.59505007
2025-05-12,30342762.70405007
2025-05-13,30398260.42145007
2025-05-14,30348227.976250067
2025-05-15,30418230.448050067
2025-05-16,30418588.474050067
2025-05-19,30449753.02405007
2025-05-20,30423997.96425007
2025-05-21,30370804.69345007
2025-05-22,30352493.95205007
2025-05-23,30278697.73205007
2025-05-27,30318370.24805007
2025-05-28,30231743.47045007
2025-05-29,30200076.04745007
2025-05-30,30183205.41805007
2025-06-02,30071026.49205007
2025-06-03,30134058.686050072
2025-06-04,30092300.02405007
2025-06-05,30126098.69845007
2025-06-06,30163376.74805007
2025-06-09,30082807.79805007
2025-06-10,30094239.33045007
2025-06-11,30111905.73205007
2025-06-12,30165073.64905007
2025-06-13,30145270.22605007
2025-06-16,30121184.51345007
2025-06-17,30119947.09805007
2025-06-18,30133002.513050072
2025-06-20,30147280.10065007
2025-06-23,30167650.20805007
2025-06-24,30187041.81505007
2025-06-25,30155664.373250067
2025-06-26,30244445.605050072
2025-06-27,30280070.27805007
2025-06-30,30286878.64885007
2025-07-01,30313719.44805007
2025-07-02,30381989.06705007
2025-07-03,30433950.43205007
2025-07-07,30370565.114050068
2025-07-08,30312634.40605007
2025-07-09,30331301.34145007
2025-07-10,30327223.66085007
2025-07-11,30338962.06265007
2025-07-14,30372049.864450067
2025-07-15,30303130.44205007
2025-07-16,30284999.42265007
2025-07-17,30313311.382050067
2025-07-18,30354381.14345007
2025-07-21,30295420.379450068
2025-07-22,30310471.46205007
2025-07-23,30342369.12605007
2025-07-24,30359458.58605007
2025-07-25,30370455.91385007
2025-07-28,30333076.55045007
2025-07-29,30381658.70405007
2025-07-30,30360873.096450068
2025-07-31,30363818.44205007
2025-08-01,30329518.50805007
2025-08-04,30356444.05625007
2025-08-05,30508830.22205007
2025-08-06,30513919.92305007
2025-08-07,30500874.29005007
2025-08-08,30500603.90885007
2025-08-11,30507320.77125007
2025-08-12,30557380.06945007
2025-08-13,30652946.98805007
2025-08-14,30599652.673450068
2025-08-15,30612724.55805007
2025-08-18,30673162.908050068
2025-08-19,30615563.71805007
2025-08-20,30640010.89805007
2025-08-21,30690331.978050068
2025-08-22,30751677.838050067
2025-08-25,30742641.67805007
2025-08-26,30759283.50805007
2025-08-27,30771019.75805007
2025-08-28,30734558.51805007
2025-08-29,30726351.07805007
2025-09-02,30694738.21805007
2025-09-03,30666356.638050072
2025-09-04,30649488.23805007
2025-09-05,30662350.78805007
2025-09-08,30659410.17805007
2025-09-09,30656159.888050072
2025-09-10,30651238.26805007
2025-09-11,30741858.59805007
2025-09-12,30693340.278050072
2025-09-15,30652439.64805007
2025-09-16,30645096.85805007
2025-09-17,30647763.958050072
2025-09-18,30703327.728050068
2025-09-19,30663274.54805007
2025-09-22,30645382.61805007
2025-09-23,30642415.18805007
2025-09-24,30679112.588050067
2025-09-25,30607128.39805007
2025-09-26,30687235.18805007
2025-09-29,30662988.03805007
2025-09-30,30721690.71805007
2025-10-01,30781958.228050068
2025-10-02,30777732.20805007
