,2136,2146,2884,3036,3226,3980,4066,4988,6136,7260,7866,8044,9899,13440,14535,16721,17874,18043,18872,18892,20004,24870,26061,34636,36444,36691,60900,64630,126136,147579,160329,164296,165675,165746,170617,180405,199356
2001-06-01,0.04497474378215019,0.03932312619599578,0.039868805817167924,0.05182816651980535,0.08495462186751651,0.0712452739555791,0.05335359190430463,0.053555969447421574,0.06996920717762384,0.04908655468803075,0.05720793592315644,,0.03387250749679909,0.1150836652610439,0.01708128773279294,0.10079427952476241,,,,,,0.11976437999323741,0.08786700068843104,,,,0.15836792980211797,0.07752831219229793,0.08000324937497433,,,,,,,,
2001-09-01,0.023964724670577562,0.02993149901791673,0.04615900273290796,0.00609194372757107,0.07418024579946646,0.07025239455722684,0.03885662196372109,0.04084979099602079,0.06979437774113394,0.04515590456835449,0.042422175659738263,,0.027442506760167115,0.11093672721668131,-0.0004479977336857566,0.08198516308448306,,,,,,0.11676926679387384,0.05304402875641995,,,,0.11163912294413221,0.05134997706731822,0.12914043329074182,,,,,,,,
2001-12-01,0.01535182839726557,0.013820707617015149,0.036238828881718047,0.0075201241569423415,0.08457137004169485,0.05103247790014891,0.05655798186079559,0.04208097664847687,0.10441462399515329,0.034606015097289514,0.04893864189590125,,-0.007974026680123026,0.09956344099457443,-0.01653793028767911,0.0997097474750012,,,,,,0.1420416620882415,0.09388703317554255,,,,0.14100699289577245,0.07654956261535234,0.09374829983745955,,,,,,,,
2002-03-01,0.026867252173628384,0.022196037790140077,0.04070071513440501,0.02795822094271067,0.07239825072451979,0.07217514897210546,0.020922870367618657,0.02702562192797283,0.06576358077416461,0.04454370060060727,0.01635715893209427,,0.021219458775376267,0.05064081407468597,0.009281502327820235,0.06928696738394456,,,,,,0.08158270577544982,0.04313529828635776,,,,0.07934547891955755,0.08407029532349443,0.060737786645063935,,,,,,,,
2002-06-01,0.019202615592569933,0.04147227546846272,0.04618164016732369,0.05476273525288049,0.07207356158165351,0.06575070855246282,0.016314060685012174,0.023523057738533793,0.05289599747679647,0.019331594180882487,0.015247148668549908,,0.029137102284512374,0.03999460060472275,0.002936569157512518,0.06154910776267262,,,,,,0.08288368672455655,0.030062034090255367,,,,0.07219759358721656,0.07412938493439364,0.06424593543278447,,,,,,,,
2002-09-01,0.02920323228723522,0.045724876762280466,0.05926057022853686,0.06324464184306447,0.06633146989001733,0.06871688368073038,0.05812982118823688,0.019520214484375634,0.0613683200902308,0.038412474146488886,0.014823597289078257,,0.04700628338051499,0.040648213540834185,0.0027669479021575094,0.06316472847545866,,,,,,0.08168807119992164,0.03880318029291708,,,,0.0715617758731346,0.07450831949278687,0.06241124265267245,0.07342136874522966,,,,,,,
2002-12-01,0.03809238805732799,0.04268699873688501,0.04867938004702197,0.04347063480719887,0.03719160697888967,0.039909910180016495,0.04494325944705491,0.015057756368542796,0.048559405503020195,0.011257600396725544,0.010043975384960192,,0.04538830317178055,0.013955887335263628,0.002904686904329665,0.028029823300255007,,,,,,0.04712405421562361,0.03875574497794414,,,,0.04463555100254521,0.05091120785565508,0.04929925031201788,0.04408992015292183,,,,,,,
2003-03-01,0.025372818445739714,0.05298010188213792,0.04621137941590939,0.0803512715147113,0.0318947028833061,0.05481688381963477,0.04931806769228089,0.01237901268498551,0.08223292425740059,0.005308740457074027,0.008324612916010587,,0.05962049352004104,0.03213222315076994,0.0014224148515227363,0.034952073162750216,,,,,,0.09386333394055497,0.01609507787673953,,,,0.06043886717951954,0.0476166847180207,0.09057693264385001,0.04116831102159742,,,,,,,
2003-06-01,0.03172918117013727,0.050154246735524405,0.0436660380113256,0.06425664291130002,0.016058294718451473,0.059711647438336846,0.0615233595872341,0.02316839134187343,0.08341996576394632,0.0012065630087201376,0.008587387374980594,,0.06701969641407897,0.030844506783400668,0.0028685804507182565,0.03355093478320663,,,,,,0.07969679223792178,-0.007000397515556957,,,,0.048131191970769226,0.05272950494742451,0.06592590257512816,0.032954352817074456,,,,,,,
2003-09-01,0.008175542946193694,0.03045595037457804,0.010824886519612902,0.009026941406731359,0.006799653037815847,0.03664172221868691,0.02468054233931262,0.007971925067801654,0.024251609940382227,-0.013472290230734678,-0.0015889970547691694,,0.031210440176305174,-0.020148223791117997,0.003992052737014182,-0.01095204191750524,,,,,,0.02916858263117471,-0.016463856354646093,,,,0.0031637604287471604,0.0317756737336031,0.011748145371876552,0.024134519195060388,,,,,,,
2003-12-01,0.004321241856949745,0.02653313241807195,0.01134675657539253,0.014326275414711391,0.01993195062016556,0.027327319240127507,0.020643299226216452,-0.00112313575793697,0.009751330642396947,-0.007413763564877685,-0.004661214287221236,,0.036215628637646505,-0.0160740062939763,-0.0012587755541780832,-0.0032117084279702232,,,,,,0.030094768330730375,-0.01999939229481475,,,,0.004130034482889997,0.022075303666977818,0.004883183733114403,0.026916489808874764,,,,,,,
2004-03-01,0.0019175218116256768,0.02038994359016288,0.021800174313044894,0.01417451478006538,0.018950092416577188,0.0344273993517883,0.010839076445330907,0.007627024181788415,0.021363061985462003,-0.0025376771576429463,-0.0017345570930010687,,0.028451968371365332,-0.011560030026382815,0.010889308335871008,0.0065631885363829235,,,,,,0.021178379445839925,0.0008542830746879734,,,,0.009194997357031439,0.03450783316277023,0.0061010423809918215,0.03090743472679504,,,,,,,
2004-06-01,-0.00033955713098658864,0.026225727740912266,0.0299791739790643,0.01284713791613514,0.005835412745517559,0.02339750625290711,0.014990298986775556,0.005159137804699435,0.022473776707410607,-0.0024910206019386357,-0.0023201155528297657,,0.02622183964119755,-0.0036183190892947756,0.005153903122194671,0.004480016109181956,,,,,,0.027239760715868044,-0.004412416019070026,,,,-0.0038252384864982257,0.030798913396167305,0.009431980521390798,0.018100853272126606,,,,,,,
2004-09-01,0.017529066988129897,0.0446140828621927,0.022483615104212352,0.07362044662982074,0.03320315497326993,0.03896360889764813,0.02835935445421737,0.020864802503578,0.045831841604698526,0.00940616634890602,0.00961698101556849,,0.04822710530226371,0.016086108281167563,0.014525706208247051,-0.00860908196298888,,,,,,0.04223306829529386,0.0067042167675566075,,,,0.04073748931594268,0.04099905411340294,0.05443535890494042,0.047041372217444775,,,,,,,
2004-12-01,0.01570734486198055,0.046787327239321164,0.026570293928084587,0.06684589980712383,0.03635110665667955,0.054171597171712466,0.029123530122438495,0.021951306892318875,0.055901662206882266,0.002921778710350475,-0.008175966502484328,,0.04605069123879105,0.011850861770300099,0.010464218755566461,0.0023244086991711954,,,,,,0.04636868502545168,0.0123755942455519,,,,0.0363029418914815,0.07103139834957256,0.046236605282220775,0.07862947434530254,0.04445355830190722,,,,,,
2005-03-01,0.02487920222704213,0.011775769323415229,0.02482677701060562,0.09842303437934376,0.024280683413689323,0.032512772965883424,0.03300695800616258,0.01683273052765037,0.05576549169842912,-0.004164074555834563,0.0010423529024805543,,0.01807185877547581,0.03931803033663676,0.013187805690429499,0.006803362954917125,,,,,,0.02381508023475522,-0.004424362468850375,,,,0.07182738349563382,0.06486770501454019,0.08410975668917425,0.08271838559636899,0.040376858620580096,,,,,,
2005-06-01,0.02355567271127169,0.013460256082765782,0.020288944791054083,0.05736137047800811,0.023228641795471287,0.030503112145910394,0.015508379794465508,0.015612176122320633,0.04740605774167753,0.0014785315803129426,0.003070701358809679,,0.019821337422542093,0.01730440687709257,0.01026752893203997,0.01096627509311333,,,,,,0.02747647162531269,0.011262316268824915,,,,0.03967220532006294,0.03875687840873195,0.0331120588719703,0.0463270426089641,0.0503652518888461,,,,,,
2005-09-01,0.0031146089366123285,0.012003158216560506,0.01288283111051076,0.05332448504392709,0.03703382092744771,0.03236758016979698,0.03102230275785516,0.01511795687156028,0.062073440779139656,0.004724400340874878,0.009403640624047922,,0.018102385830038197,0.012800595940396564,0.008385331716593948,-0.03378317847458728,,,,,,0.013887655596950972,0.005149081504238636,,,,0.04282465997920291,0.00015175468028860134,0.034700427684623406,0.056851617482052905,0.03736287564906524,,,,,,
2005-12-01,0.0204384155744683,0.015094262254735178,0.01947000018410666,0.06161839143988303,0.041610807493637346,0.02311288925890739,0.01407467792808922,0.015112359665503106,0.05624580718618452,0.010034620471329643,0.019448243020594915,,0.03256519361388318,0.017476054631632126,0.003358025305519634,6.200862611129543e-05,,,,,,,0.03974414740920163,,,,0.02928731750899349,0.04813100047011731,0.05902333710459882,0.05170433106976497,0.0428515759192651,0.04103502835378731,,,,,
2006-03-01,0.034310889356673875,0.017468395330070153,0.03137793926498069,0.07256910921577556,0.05530371275257126,0.046915041192993695,0.027944764715008525,0.0173297462945359,0.0701094305254559,0.007014690448184508,0.025540086883889413,,0.02543289885082891,0.03165607464360564,0.007293585880638236,0.0019672201553617894,,,,,,,0.05100572451307112,,,,0.06620619575519676,0.030794284761384252,0.08104671591435599,0.06564306990808208,0.04130887151332069,0.0408147757534813,,0.041329775282234936,,,
2006-06-01,0.012997761582084856,0.006420946867553829,0.007342732418412677,0.05264509073523322,0.03936683121936732,0.026406450485808537,0.01823159103515836,0.013360752441160712,0.05140170270612138,0.007022143487177659,0.015312954737145817,,0.020685845298614412,0.012109304037972845,0.006736990907197767,0.0023243601172382713,,,,,,,0.016896945923801598,,,,0.023252599240542477,0.03943033230053439,0.046293327051041465,0.0452513510325678,0.04189217271470264,0.03652232045095266,-0.0013024568149740418,0.04215703845911767,,,
2006-09-01,0.009085349713785086,0.0064903526027521715,0.01243071804638826,0.04324626096773091,0.041240369964235135,0.02255648503278478,0.012363855536999237,0.019635582654450832,0.04249833289174444,0.00659386807869984,0.011898298284649398,,0.008115572580466671,0.0044489833530363026,0.00476644275073111,0.0015373036658792956,,,,,,,0.027583824253276084,,,,0.022228217960790563,0.04450518910126526,0.03577590820509754,0.05058558083133066,0.047197100550364635,0.03783327280087949,0.005842143992814305,0.049042790664443704,,,
2006-12-01,0.004829690827530176,8.663202115653516e-05,0.006039267683506678,0.03695011564910115,0.04235332532035249,0.010397572382477974,0.007874153378790487,0.009891760617847361,0.0516452786061698,8.93949185758165e-05,0.04173360463775386,,0.0028734006447711587,0.01708100090592789,0.0010609011995096908,0.0022073487587741226,,,,,,,0.020934512763538797,,,,0.02381348912248572,0.046354763156706634,0.04870312562339227,0.05450758921048646,0.04325122150217653,0.03909493409644266,0.00010263881200880385,0.0455175800622651,,,
2007-03-01,0.019301264004780525,,0.0019943471514138394,0.07416701533686725,0.042527533633502854,0.0067717721821950625,0.022946335073300152,0.006895825760820304,0.05512819671113982,0.004487036870995996,-0.005650920562665401,,-0.0006096548231775503,0.000830709368695177,0.015621946675721862,0.006112717203254068,,,,,,,0.010530072772729696,,,,0.034438013746009674,0.03447162240398355,0.054328823760493514,0.06142540362457927,0.03544808337898126,0.03600837647006335,0.009433310649936775,0.029393924770892525,,,
2007-06-01,0.021446850565001497,,0.014348850604855723,0.05186495483617866,0.02867648572304962,0.01563068083793973,0.019314469463123887,0.008762223179271183,0.046142233470441864,0.007309506649000692,0.03156827927440451,,0.011520159542532772,0.004882519647235197,0.00870388494258404,-0.0007711207723182783,,,,,,,0.004621687873780764,,,,0.034821460363772656,0.03699491327395324,0.06219715027166304,0.05684015323015727,0.0379593540318641,0.038943396882470484,-0.012095237916640434,0.0283299502182429,,,
2007-09-01,0.01018868002778923,,0.003947361333817898,0.010353176314056451,0.03539419335209286,0.016242751352226262,0.006301234436015932,0.00888095739758425,0.035749331360129706,0.002210139099944297,0.02023924916033496,,0.004090489846668948,0.00479277199529903,0.002008486816889272,-0.0031330679216986022,,,,,,,0.013834992669290298,,,,0.014423400471554451,0.041301617836909305,0.0357257088687111,0.0476863039463187,0.019843757500178295,0.03918159541541428,-0.004143199623754853,0.03652430110779411,,,
2007-12-01,0.017256667662987096,,0.003572400559365819,0.055941181326240264,0.04980903583368043,0.02293304287467657,0.012684158620442955,0.018699167155191175,0.06785593403570096,0.0033431654975827163,0.0502021332292879,,0.011112631210704875,0.004051292725564268,0.004190526428613776,-0.03697184217535645,,,,,,,0.01625831735828934,,,,0.028485951233233053,0.03391697406240699,0.07499024598444978,0.06623783137200226,0.007238347542265811,0.006429649343893178,0.008741352982366125,0.05082832493166332,,,
2008-03-01,0.02573269408168823,,0.006744889215891689,0.048752866351954666,0.05259925734726946,0.024928561364949045,0.015290562911850568,0.020642712328123584,0.09276134163668802,0.011175820597954555,0.05761839836538402,,0.010689182619962666,0.0048704554958634416,-0.012261320800750137,-0.03331246476119256,,,,,,,0.014601065817222546,,,,0.033103581809423764,0.03722264437714555,0.06903079911642507,0.07645780843110578,0.010759378031967914,-0.011354393891007158,0.008974563520059873,0.03690390201912381,,,
2008-06-01,0.035015950168661394,,0.028622214500794305,0.08341711644866157,0.053050018601391136,0.020755463723474366,0.02853772282315464,0.03595821665128505,0.06008646805229358,0.025496438948636582,0.045764747875309514,,0.011934092522825915,0.03067738083094043,-0.005590072133883224,-0.017882777982586247,,,,,,,0.0359261030662527,,,,0.05245530958158442,0.028938407155240622,0.08836169090032137,0.05565492223157142,0.035314811790204535,0.04781572655760494,0.007712831832108155,0.055625232520164394,,,
2008-09-01,0.033011648518713785,,0.03116037276481048,0.08373549728630339,0.049657768266648174,0.026004673353425732,0.020997814875978838,0.05435659967237629,0.07065248313552351,0.03623289800823466,0.03634564500159196,,0.013465253089344834,0.021733037660324257,-0.019368400531982174,-0.021439754177548877,,,,,,,0.03659521653282428,,,,0.058436790961070385,0.05860558326743778,0.08519480017753421,0.06409928759874686,0.021999912394522033,0.05207410478186897,0.018736092999778523,0.05754884874637191,,,
2008-12-01,0.017394168828140363,,0.017830719032442727,0.07484624032068193,0.04876608764795769,0.017410397293705988,0.020432186915887277,0.0501594071831228,0.06275651937466983,0.027099872054686072,0.031342232413852034,,0.026666471712213702,0.006174505765425279,0.043356796830363926,-0.02072219321768269,,,,,,,0.038293340164145165,,,,0.07195624285680899,0.044048252401958955,0.07998424071851781,0.052961098436889606,0.04067851608409546,0.053171607292941445,0.02769307242084722,0.05635969442888031,,0.031272913222729314,
2009-03-01,0.024851229397940478,,0.02578902802655396,0.07537440414278775,0.03893146598929452,0.044954407318753435,0.017842998021091242,0.06320643414937473,0.07452948693806725,0.036082090130305895,0.05315436766980466,,0.010136984807141465,0.08533004015096067,0.02869845892715173,0.027808819461330497,,,,,,,0.04721140697085837,,,,0.0801439999840913,0.045009960698108135,0.0766266386612749,0.06123151183088884,0.039227356673831974,0.05303351583735385,0.040514206228036205,0.0454021450041927,,0.03644781926092591,
2009-06-01,0.01449378839357918,,0.017021161947242697,0.05411224809737145,0.0445643968871449,0.045903966537190165,0.029773519184450526,0.06569690172978206,0.045216630521768726,0.04186437015450195,0.04729888235369169,,0.00923410265325519,0.0477640702210678,0.04887916101634654,0.015060373458584197,,,,,,,0.0322262614650108,,,,0.06956578655294071,0.037257102732079564,0.05489359262769086,0.05047930516596879,0.026784079819395627,0.04361611500971919,0.03274854900045315,0.03871527178409269,,0.04083928870102815,
2009-09-01,0.013320279117114784,,0.0031455753030573304,0.06938744066566223,0.04403169223143542,0.01607210501453956,0.01703396474581385,0.0733505355440981,0.08083183490656069,-0.035581102328024125,0.056745505076382076,,0.012419640173607992,0.03872695198595594,0.051565500382512626,-0.016102430583956395,,,,,,,0.06543508914486229,,,,0.08320437226726064,0.02372951343160093,0.09710629031291466,0.06822349155202394,0.040150641269141134,0.03316143879364207,0.02301018243014094,0.028762856210359154,,0.04275143526947302,
2009-12-01,0.004122206318796242,,0.0061305494306135066,0.04798868819296857,0.027304001469566005,-0.00013305144119481156,0.004295908915493789,0.043118038818326224,0.05530150020843918,0.0016122580059770544,0.029528939891437428,,0.001748275952282574,0.017043834611404553,0.015755075174333225,-0.01451290387469433,,,,,,,0.0209253541365505,,,,0.05384970287502245,0.02992556692290913,0.04346040992899459,0.052933249307670086,-0.0068519682321047356,0.019219421790963323,-0.00959448397569636,0.02458131464413111,,0.023230655761321363,
2010-03-01,-0.05248043082131493,,-0.013041751818605715,-0.0054044844183959995,0.0031399099455355715,-0.00810137376051018,-0.027199824980956872,-0.022127119337226785,0.010331457667156669,-0.016645307736145035,-0.01027008165427386,,-0.009362231591587536,-0.04783793546805654,-0.016378357498825286,-0.05404701070172254,,,,,,,-0.034877114095426494,,,,-0.0020055756095944187,,-0.04077251809242468,0.023733808871052208,-0.02348890802834517,-0.015242230967451142,-0.026423694987499045,-0.04641608087002346,,-0.02094132865148723,
2010-06-01,-0.03267566220625845,,-0.024015832757313834,-0.02725824178140811,-0.00956002282628023,-0.024631573475534685,-0.026128558427439674,-0.024304775772114696,-0.036755405807321104,-0.02179305929181627,-0.004809493161416663,,-0.010486527469312352,-0.05070402572909791,-0.025459768785608357,-0.02248828906997355,,,,,,,-0.0298000793770405,,,,-0.01655704489592604,,-0.00929583026837169,0.0184046398973922,-0.01965205283742394,-0.0018581098018959985,-0.01676342441249142,-0.0901122042322311,,-0.005052311630446692,
2010-09-01,-0.06430453144268547,,-0.01792803002242998,-0.010705416066374446,0.019108758171975583,-0.02101496793790604,-0.021641408586942898,-0.02207752931674443,0.04217211368607726,-0.02572093528589268,0.02427435075854094,,-0.020376624700464478,-0.014614704499621536,-0.008831598382714557,0.024843292569676486,,,,,,,0.011206143694036726,,,,0.0037181241927010996,0.04696830100141005,-0.060188131506422805,0.03562359349610476,-0.011301022638402108,-0.004870344756111695,-0.014395082044195467,-0.07213573664469805,,0.018426515747271353,
2010-12-01,-0.01670931644652832,,-0.008875824449325807,0.029050752694204388,0.047110353964910506,-0.013437370029170743,-0.01476315538484202,0.02332573834349292,0.055340020591882984,-0.003184928413796983,0.039219252288768595,,-0.019730675544769958,0.0255290048507251,0.04611726943349325,-0.04195679857600374,,,,,,,0.002659560095781081,,,,0.0104635235901279,0.050886057734346436,-0.11650892649308014,0.054278791273519054,-0.011766165299710024,0.017530187957005318,-0.017416016737378363,0.039303027484662086,,0.03032420018236451,
2011-03-01,-0.025842409123873242,,-0.014472896029974827,0.019260950012144326,0.048006992215659204,-0.0021401251787063376,-0.018263474898766584,0.01618436958945456,0.06544235940442557,-0.01666696187163645,0.07891411343056785,,-0.006054389192169535,0.008920039566878275,0.05103681836089659,-0.060885348143042674,,,,,,,-0.022272597694439355,,,,0.0341568116124588,0.032244476033362286,-0.04237880465326699,0.06624113701023027,-0.009131188012422698,-0.0030242983695262272,-0.01908938046798723,-0.021115931587266087,,-0.02247303385285271,
2011-06-01,-0.01273555815875979,,-0.002533537645173849,0.08119097553640041,0.029980182292246464,-0.014914774375409666,-0.0022542757843932284,0.02917215573155716,-0.02081573234678179,0.000906738643001054,0.07803945178266364,,-0.003456684728958815,-0.016116084831313413,0.00537480037870581,0.004064222590420579,,,,,,,0.003038914981905366,,,,0.015313454924309064,-0.011749787362439722,-0.04135793915853378,0.06682668630308104,-0.01934578851391308,0.021909970284568286,-0.0075674034161639925,0.01876015410223653,,0.06303791418847095,
2011-09-01,-0.009537176207208252,,-0.011676918133234631,0.0398628989293732,0.029377097688070876,-0.016315077108676718,-0.022323328171430724,0.022222655489974274,0.013507120051422192,-0.012130844090904513,-0.00918856445305221,,8.568130064066083e-05,-0.04442002017159547,0.0011367264456001761,0.03129662813531586,,,,,,,0.01532540242668217,,,,0.006596594769204901,-0.024276018374961007,-0.07749130700393576,0.07416480707528478,-0.0089163539016933,0.008631912609329311,-0.01302350549101526,0.04831973283674966,,0.03618577501642282,
2011-12-01,-0.013225483692064726,,-0.0006061616214601409,0.04429578120691806,0.04823449557328109,-0.0023968010924973874,-0.0047472118639132945,0.07823589798631465,0.10403355002848638,0.008533755849561649,0.07553794387694585,,-0.0001845291776935945,-0.02704610672322641,0.01706238102725425,-0.05905512894464032,,,,,,,0.028016873460280624,,,,-0.014361115723763576,-0.04645799183535633,-0.08417517061339097,0.09524392385467245,-0.008288049541851673,0.022272683893426275,-0.014227494412170362,0.07475745189915264,,0.031237967398603468,
2012-03-01,-0.058891407847496184,,0.0034189085265222043,-0.023707106118993734,0.034457450820922816,-0.0006008720763048979,-0.004871760071016,0.016748930438926935,0.08478881577269003,0.004136617760061762,0.07630612673829221,,-0.06357905960345578,-0.08963397663141384,0.07339663236352591,-0.09969600156698041,,,,,,,0.03599785576569621,,,,0.008808217396300546,0.029389202083329232,-0.00701295189482093,0.09412857933049838,0.006782250040813726,0.02360263787168441,-0.007975340636915212,0.03307341170806565,,0.02420038634996046,0.00048659162078692764
2012-06-01,0.00905982127533078,,-0.0015949274688911391,0.01241038486669046,0.0200646238207616,-0.005056140511984394,0.0033823716301482534,0.018623690221799924,0.020036448688378002,0.008984133924464233,0.10419762089228599,,0.006916161669933796,-0.06351062416521902,0.023412879291724486,0.012910306654788619,,,,,,,0.009705557060569896,,,,0.00913922528265663,-0.0232622650011873,-0.016705177106778355,0.07217220909955248,0.001201944867858868,0.004547378325378307,-0.008110192053632432,0.0362940730214833,,0.04914799430311034,-0.008188506165869512
2012-09-01,0.0022518629847885687,,-0.011289001053073915,0.025216472341692754,0.028428455764576453,-0.009260464432496056,-0.0026352211843957995,0.025451112480402174,0.05827630872662546,-0.0004660827743045283,0.06349468221912641,,-0.00012879532455056057,-0.0727923485492433,0.056043288706451394,0.05743676752049569,,,,,,,0.024994009008878257,,,,0.00702918652959705,0.010587965741105066,-0.027604882492691937,0.08186155938926998,8.487306747255316e-05,0.011874850563195906,-0.005452732695047354,0.07718771729983533,-0.05999229458004079,0.03267705923292081,0.000508040628333196
2012-12-01,-0.014198196799456813,,-0.012602231523752186,0.00047198543121988875,0.013969700659727595,-0.01961131221081411,-0.028247774733557836,-0.010939667714622767,0.0452600640428631,-0.005313910435820839,0.01772696159401596,,-0.01597542150585682,-0.06020174163692436,0.05087843820703499,-0.015860487728856308,,,,,,,0.004307255529319462,,,,-0.03684743294499742,-0.022427143456625904,-0.03205752491272938,0.057293345720909813,-0.007208073324723793,0.0016832811676186815,-0.01470362360293433,0.07904849930483553,-0.03156343676329646,0.0640128393640373,-0.010538492065989814
2013-03-01,-0.05004972871004707,,-0.010047550054774614,-0.03723668758900299,0.01783840176841491,-0.011463239455900635,-0.019651766431937813,0.004243026277887913,0.03965857600605519,-0.012315821015203964,0.07112974296850419,,-0.040115509926028435,-0.08580720870580075,0.06340740838144178,-0.06349242824418246,,,,,,,0.0252004742250144,,,,-0.003897162669108427,0.03289105151339551,-0.03590929141380856,0.04860394049724343,0.004225526634922147,0.006341798511238859,-0.01094207543031655,0.01976606402048877,-0.019368494624933404,0.05397610891688681,-0.010103053649468993
2013-06-01,-0.0084079041484917,,-0.0008569872908503147,-0.0003441414346703877,-0.0028144529682462365,-0.010122018442384521,-0.01322765914751577,0.004552641977057159,-0.00858886557443304,-0.004473482233406415,0.04668760988130287,,-0.009903967621955166,-0.03507989303207229,-0.013633447661054796,0.018671336189168098,,,,,,,0.02969167701656643,,,,0.007316140302573214,0.026218373939925984,0.012237921835358592,0.06546231071240227,-7.462827433822768e-05,0.00535866130565085,-0.009654888879767006,-0.014597283654141589,-0.009078712663279592,0.0407333527456554,-0.009641800271310962
2013-09-01,-0.004102067186568674,,0.0008142965469762184,-0.00581322693928957,0.002557481865758969,-0.006650237728941077,-0.001876639630548658,0.0026019700930141674,0.007030045907874197,-0.0031415899093595835,0.04816230510184612,,0.00047679363707642583,-0.035743189912274036,0.01626303326114182,0.03221157875185721,-0.03265696401065736,0.021768512531596996,,,,,0.025094669857632132,,,,-0.0072640651791441215,-0.02594870475941464,0.027192813129366417,0.07690388438531949,0.007758935296430975,0.007446361581548588,-0.0030503267866567835,0.01993464421800852,0.011210001611849518,0.05224930062597604,0.016211609579048363
2013-12-01,0.015083079316301479,,-0.02849778542312542,0.041486619425858746,0.008429964532218403,-0.013780528931612503,-0.0029346224803122245,0.022086259662391618,0.007388180293842607,0.002128732400876921,0.008733910002539967,,0.028968447279800927,-0.04115585338639974,-0.005083431949423125,-0.03627016121439404,-0.008475417044682264,0.01998871307046746,,,,,0.02821827479088232,,,,0.018577227840146985,-0.02953526342750307,0.025814773639944697,0.06516221167822776,-0.0014312924325500464,-0.003511248120275641,-0.0007290617655081053,0.021588076522289987,-0.009139025066257503,0.04750452278862682,0.006408193989036146
2014-03-01,0.0031891873270155444,,-0.0007678459230834381,-0.007045692548697033,0.002028871730803164,-0.011713861523779156,-0.0061157751689968395,0.011697231404825986,0.03421044497786782,-0.0028252036197670195,0.04327233490128908,,-0.0074036550207057,-0.017780423950242312,0.022579414018244228,-0.044280426692984466,-0.01843025917722104,0.026434572709218146,-0.04086451264861582,,,,0.018754133559487813,,,,0.030499774924180403,0.06681806683770068,0.043111591237139785,0.0626792570816329,0.013140210043038763,0.003444814443975723,-0.0035343352702273422,-0.010581241586752657,0.00447033963497061,0.0459935731383283,0.014267421689203969
2014-06-01,0.004350799602734967,,0.0035114130285157585,0.02457067372246691,0.008686437316769073,-0.01980125722742969,0.009793981914755718,0.03867223028617286,0.012100367356252958,-0.00872761762629588,0.03759662328808864,,0.006939338096377442,0.002423111061877431,-0.013319112278378564,0.007704325843294902,-0.02491926348824477,0.031044282475831717,-0.030944051974405133,,,,0.026099563174889748,,,,0.025734050566382165,0.022136949189192658,0.04784247699044683,0.09065161288964742,0.017214215530457794,0.022802434567005755,0.021530805110653896,-0.02090774408831656,-0.0004018154334307526,0.04544196218578007,0.012416821502801007
2014-09-01,0.015847139719500816,,-3.652775915180405e-05,-0.008895929021907096,0.0035792094692501564,-0.00039309250988750385,0.023115415051709096,0.029166056393041585,0.03632292323915081,0.01878524459113896,0.03278141946973257,,0.005973533885754096,0.012469546680059427,-0.015612821553183638,0.015201852548154425,0.012867444332189188,0.024366529471975863,-0.025289359527823022,,-0.016640191471629765,,-0.013307813332298841,,,,0.03077507958292777,0.007619923551297465,0.051040834418677274,0.080099981645554,0.029047555952396914,0.020897821380498317,0.015420160003836772,0.023445797293414766,0.010055426282400335,0.04765764689004828,0.03711555071277775
2014-12-01,0.01933751383374118,,0.0030010426510971838,-0.024562405788697794,0.01492786760966671,0.004141755173581625,0.01884538126234555,0.043276387314841756,0.055539515626707656,0.021535328687118712,0.02220297221605381,,0.010196610800533341,0.035990944648016006,0.04762356879604433,0.04980848736798145,-0.004265196478726894,0.02704888947359661,-0.002047836222460871,,0.0008699380065504786,,0.02172844841279682,,,,0.043057157398577385,0.007749202228978335,0.044779252967205085,0.0979991158081064,0.033900704975366694,0.030180408845499825,0.031372064166297,0.05323103852577296,0.01954876306210446,0.007714307542736599,0.037398300477180874
2015-03-01,0.010838672945480257,,-0.001935346065419682,-0.024210429092798472,0.004274861364258415,0.021854565870633454,0.02882204686355867,0.03514054719318806,0.049921202696053164,0.026811459774803054,0.06892551116680032,,-0.00727216384181512,0.0011189545435452205,0.05566866478683088,0.03691951311711872,0.04917250747561602,0.04000378470030629,-0.012623110967079819,,0.036511986089591435,,0.0568897710631314,,,,0.05028759669127943,0.0443707389734192,0.061142204683721904,0.09456164871250056,0.023361976023963123,0.03295184063048153,0.040035933132482944,0.007850058534952858,-0.01109500458558792,0.05153690835282063,0.03221364539775233
2015-06-01,0.0268047682055199,,-1.2322054702853663e-05,-0.02397064488864809,0.005868298966599886,0.00395282485218323,0.014359117964164465,0.0225516697487654,0.041369607732991004,-0.0020550059402942235,0.04460276173148848,,0.012349284870220632,0.006424126870948408,0.015174365708506951,0.03399597863757864,0.009052571455636768,0.030811623935689692,0.009076935892492642,,0.009067021503328993,,0.0346689133911332,,,,0.059938475182679675,0.01632157015400954,0.0351823421007562,0.08799807602782739,0.021217533637408775,0.031306815222586604,0.021372674917797877,0.02269876099713342,-0.00325379328863591,0.07374901146221771,0.03598204188851811
2015-09-01,0.02579832480886456,,-0.0006800938315753089,-0.009504717377623328,0.013734967227376795,0.007942108123073449,0.020151059768951315,0.03350772540362082,0.04420924107073617,0.011832831373919486,0.061551152431548094,,0.016091581015900334,-0.008607264097609996,0.0035965636622975737,0.04758383724159498,0.03774337448542143,0.025617706955581198,-0.0005606956473215001,,0.027695566437973506,,0.03761296121062467,,,,0.055503711260489606,0.014506622626799814,0.04634379316149773,0.05718522299429213,0.013598630695668974,0.04011487797378071,0.02511084975201539,0.04010194628735217,-0.01673683208967185,0.06117593498039375,0.03024237127408999
2015-12-01,0.02553103199609962,,0.027916151942788896,0.004069363191934274,0.01079221559765968,0.004169522403730996,0.014799015733852323,0.027282027102340022,0.05412093289098403,0.005226850146444115,0.051354361525277295,,0.01111793195317106,0.017328514699308614,-0.013324152014029865,2.6669745308960796e-05,0.020097638880676744,0.03652111076866065,0.002816214875853587,,0.04426377868904646,,0.023424453332824616,,,,0.04418446275965254,0.04480402576819727,0.046958261965868456,0.07010077581665404,0.008054105173806373,0.031019295060317465,0.02107017789072842,0.061759503902646624,-0.001190862743989963,0.028455634380066173,0.023444668961462765
2016-03-01,0.022959684233131862,,0.02284706472561632,-0.010939770631283919,0.0075078956366179265,0.02078593697835494,0.02376790671061719,0.021014852161357157,0.05427844351101177,0.02307192177070085,0.050774488612335855,,0.007563773305861351,0.009725409507313206,-0.005534725322609917,0.002670576640611845,0.02740526857819108,0.029715617426305366,-0.010609335981854144,0.04223778298089169,0.029336610306964116,,0.016582753476335425,,,,0.018766606611570272,0.013105166274563073,-0.013917262159856518,0.06083990886049598,0.0018516125783032745,0.03240403288011182,0.026905636160705945,0.02523833374826234,-0.01740567183573344,0.0179208899895248,0.018794553165865025
2016-06-01,0.02476854581540771,,0.013095668511407981,0.006277760135994999,0.01590083381405811,0.003377291028239847,0.017907530506227468,0.030734376486966985,0.03685588552270765,0.005387327545673758,0.025739416002007697,,0.008965340881824808,0.01352430899234695,0.043936226545328055,0.02667521729860279,0.02835746207047962,0.002232355055809259,-0.0005024309667977907,0.029570572159642077,0.043061591445581256,,0.04002135444807979,,,,0.035004735349471815,0.04887515824956796,-0.034049856168748525,0.07439679211522564,0.01655857103004378,0.039432488248942035,0.02160645781737638,0.025032412966920936,-0.0010697774955320722,0.02977575241135262,0.019235904510308023
2016-09-01,0.016930412834196856,,0.016949205404855273,-0.008443937630327178,0.006428675904423281,0.01618946618735118,0.01471139748284434,0.034353024386561314,0.0358780201102279,0.011172714709028645,0.053285095992397266,,0.005873162338238588,0.022059053122378512,0.05490753945820132,0.04207600618900206,0.029446115663208174,0.034307739460947624,0.0027875362191891284,0.042263443014954,0.011524680327391717,,0.014020692003533751,,,,0.03766302743339387,0.0168202312178995,0.0060610347368450675,0.06347536504492865,-0.011982170441060359,0.03558158596488588,0.021026125700106795,0.04922272218722044,-0.01383811377150136,0.024915414031416488,0.019909851441568385
2016-12-01,0.012972518758645784,,0.021874286433763487,-0.0015920327246958927,0.0020198448685039704,0.011178957243319973,0.005428554338761104,0.0160273498854798,0.03901493713151712,-0.00033747132276935236,0.0420760972694949,,-0.000812152480447623,0.017339460327554238,0.03717268864141749,-0.00036075043539254695,0.016846657131082993,-0.009219243027739167,-0.013733720852620687,0.04590438411941884,0.009661488885240595,,0.015735229763719067,,,,0.02506534300188836,0.022749751509480852,0.020245025230201025,0.07582771784445524,-0.004236810741291207,0.022598730952076446,0.014692045230677986,0.042914289443902826,-0.016461385486304093,0.015851298040264517,0.005246798689260791
2017-03-01,0.023328615401616827,,0.022778469443418978,-0.03642577092297495,-0.00010200662682081446,0.016254173460827703,0.015773603961741284,0.022499543913455176,0.04090443378243324,-0.0033131862797437404,0.06219484661500354,,-0.007872407950091996,0.03163418165373097,0.0578144756724043,0.030192982105910603,0.012866743132474396,-0.005441319759445708,-0.019962690885688947,0.04416762691798802,0.017783602670225468,,0.040086045725390713,,,,0.036579678504075466,0.0008666971149415209,0.010756718249346417,0.04419464844348999,0.00916382246831081,0.03139463892400968,0.013217822617320603,0.019295599001678636,-0.009332583775956233,0.020421091622854517,0.01445059030721947
2017-06-01,0.020896781053106238,,0.03246508071925756,0.005607098341625339,0.019317865552305268,0.009809601908097074,0.012592716940757592,0.011951523096880998,0.0352670868295598,0.009269826784471946,0.030630727939012177,,0.012924434049029578,0.019057486742545916,-0.00371292281100514,0.023853000754201083,0.018678832240053015,-0.0050477222071423486,-0.00721250563298925,0.026131908201956787,0.016584956831387058,,0.024986939070505077,,,,0.03908063032667192,0.02204651884395947,0.03665803371497328,0.04265362621379637,0.008539181214341378,0.019445428238260006,0.012655599471402608,0.003542995312119258,0.002030880395849452,0.027563710859341256,0.01576453114392907
2017-09-01,0.008021400182788636,,0.019389841164087537,-0.02375752901999684,0.012411428479909337,0.005061374116607581,0.008183138402190527,0.02658010291498715,0.030092872962447302,0.004848545781886692,0.028943006482620492,,0.011562862396066303,0.019243247210083435,0.0381764286247226,0.03236741024575298,0.017075432196646752,-0.024684000545688492,-0.022123981167981387,0.010030741261213137,0.00836513305792439,,0.03219616983571527,,,,0.02415038427365657,0.008159669971699542,0.02882124997269496,0.03919048558191676,-0.003490972783311639,0.021558500768519326,0.013784046296450752,0.035750476069283235,-0.018125936068480765,0.016782111940123443,0.019440410935747623
2017-12-01,0.018151849906308297,,0.030804090583449434,-0.01600664217976109,-0.00022528959612670978,-0.0021990403292271215,0.009463411238436687,0.03798766641923748,0.03117916706129108,0.0016270615274015523,0.031988748410891034,,0.02051972450139653,0.01914718530642855,-0.013212612727513211,-0.012974726682039249,-0.0019111294500751244,0.022047674578860695,-0.013970810630784196,0.02737205983091655,0.03277621245563627,,0.02347753971141497,,,,0.016319594849776613,-0.012758264267814965,0.027970207889970712,0.034821745082903865,0.008553175601849598,0.04272709835259259,0.031083342095816313,0.0354566852107858,-0.016137793340991517,0.021229934058559215,0.028458976498677943
2018-03-01,0.006777889809306695,,0.02177393465086077,-0.03952525901446071,0.0012801812399874984,-4.2551748113831e-05,0.013726471919832612,0.04015351210190174,0.037323635424446826,0.005952587604095803,-0.0007889359281343815,,0.006358049816826945,,0.026494466689209798,-0.017706954956576152,1.1434618247532735e-06,-0.016423505647753234,0.01733256668330772,0.009565238033380741,0.03352310562670584,,0.028109710242177392,,,,0.01349573664035468,0.005290549603437508,0.02442450200498574,0.02143121759807063,-0.016095738893854603,0.0033350572343330727,0.01501299899135227,-0.0020784527726875348,0.006148478929871407,-0.019821533432288905,-0.012868553723384267
2018-06-01,0.011777589472114734,,0.013516536532998558,-0.029931241410138903,0.0077222212890043695,0.009351434945421655,0.014131132285972967,0.06885646075660636,0.010834050717715671,0.010985313373946546,0.03398543595460344,,0.018038729689415608,,0.009505278131734433,0.0355453467613911,0.009795641675789293,-0.019096872489431295,0.014196762945348775,0.03731119332570382,0.03772734380077692,,0.029945320555963172,,,,0.03313073082461333,0.00926932465794423,0.024264371622906664,0.034720623873684256,0.01668520914250077,0.006024729907396403,0.03004993670418692,0.0068651815132314,0.019389037377156068,0.027288842097247114,0.005912642085354037
2018-09-01,0.006614625949551753,,0.018734244737045592,-0.04445944223904141,0.008621045811892917,0.01801051967511029,0.009912295423087254,0.05320356579914444,0.026391221514026796,-0.005688989549384214,0.035951901211971254,,0.006728570070223856,,0.02934857599905398,0.0217982152691266,0.0177789042643362,-0.019538175464028067,0.015161044967898834,0.023233583739162976,0.02946596759133535,,0.03637923823051349,,,,0.032312381452427374,0.021649505950558354,0.026796651898075674,0.02689849405603371,0.007428640757978702,0.013989116517548816,0.01654153877085526,0.020124636158269288,-0.0027311441806156344,0.02290073641504696,0.019674873973958385
2018-12-01,0.0011401479723792234,,0.007437550932602016,-0.05967750470839814,0.010620673950059147,-0.0030268803023966316,0.010062267802671929,0.057196511497433294,0.027446257065929118,-0.006426822318012774,0.04938171178956299,,0.00634246242611612,,0.027237374970167316,0.02647364192914475,0.007501653687127208,0.025345092878100318,0.031019644973726418,0.00038689319726411403,0.03538289150666462,,0.04749679647073852,,,,0.029492322696070362,0.01587639302343734,0.03273852163358407,0.013559981142899913,0.017059348154856966,-0.0037565576498685966,0.010516924187487533,0.025774606983173735,0.013729770859998101,0.028739157318205352,0.027828353022964065
2019-03-01,-0.015322325333774372,,-0.008732412422822132,0.01397986175927188,-0.015355931552070228,-0.0022866201329738616,-0.004510246979527302,0.0700486987679365,0.022850406420931595,0.014844167914668053,0.033846378439783956,,0.00645258731339344,,0.033810631870131294,0.027859710900801443,-0.016025319323960573,0.05912847175697802,0.01664695195182471,-0.0009682396767119863,0.023368168400431894,,0.031718806275218704,,,,0.016517145495853324,0.01829546592599485,0.025354834982779482,0.0324704119355458,0.01248425777254517,0.022320281775627105,0.009069226068343574,0.009517531585964887,0.0019103271916400821,0.015978996834515917,0.02239487966318338
2019-06-01,-0.007889443160134738,,0.0044930091612401975,0.006742396931703524,-0.015640949070326277,-0.010781241957802015,-0.009460174679627526,0.027178824632361254,-4.393611026518272e-05,0.004966165039204246,0.033025764995903296,,0.0009825479951199422,,-0.011292798437717957,0.04003905935272988,0.017193593471413294,0.031051887947696137,0.024647477272042376,0.005215004374703249,0.02989038323638531,,0.04060825858294023,0.03615825237133422,,,0.018084761835958304,0.031599497115354896,0.02027847692647254,0.030295317515428376,0.02111354311616249,0.012963794900403463,0.008288482642441603,0.0028764100047879394,0.019295875186190085,0.0294084412045906,0.01899274758098676
2019-09-01,-0.004447949738039317,,0.03354351381550896,0.0005613178733830759,-0.023238398103159325,-0.009364006773452409,-0.0029198368504032932,0.022421313537642918,0.013556248268124772,-0.010823956200730367,0.04849009807588836,,-0.0035684020578430975,,0.032676261640875455,0.026776714712017226,0.022758017303618663,-0.009130944921588778,0.026089028330149762,0.016084509570894273,0.028683677867835215,,0.040892361246566054,0.015626995244808508,,,0.00405516378051994,0.03626644987324207,0.02673341923891235,0.026150884434804608,0.026723313332116465,0.01948121788923347,0.007223962010635856,0.02338933055630753,0.031482190476850316,0.016802386449575345,0.03038037747437973
2019-12-01,-0.005200697875183188,,0.016474496279683386,0.04410264564785653,-0.002303537496376524,-0.002814657090016503,-0.008947157396629492,0.01696981057658175,0.001990773699636416,0.002830712515677367,0.03905865452891053,,0.002648256959651031,,0.0010824696719745482,0.03300452941036069,0.03488241136633391,0.003162894428038188,0.031152077319319495,0.0015518716431410437,0.031232124956546137,,0.0416053043362135,0.046195048545795335,,,0.04010867011817453,0.027582036350760383,0.046036358988516636,0.033694057912614844,0.039462919983738604,0.0274227251336273,0.014696729714916843,0.01992587665413511,0.038060450590551735,0.037873158440675334,0.03392509332562068
2020-03-01,-0.0057715803052614855,,0.04022443813614385,0.06744777708332485,0.006307807474003711,0.008199185472188836,-0.004701245872334612,0.018723263443651366,0.0002732405023660176,0.04752237329345181,0.029849150717569297,,0.0003384528414395849,,0.02358115272864202,0.02293627676081668,0.013246089727014645,0.03586706551319643,0.021539064667151945,0.021138490625797007,0.016509638277282124,,0.01957358103223568,0.010736703745127356,,,0.03536313631346535,0.011658957045255422,0.04631364234407856,0.03128828908259462,0.027275945126318746,0.018193229166737154,,0.017692573236184034,0.022569937760020475,0.027293939416394162,0.01725177937534144
2020-06-01,-0.007029807465770348,,0.14367972480672173,0.10469675060077346,0.012149804668714398,0.0064223762687171245,-0.02124570824944256,0.0541339043000809,0.01013059038300268,0.11242351796320156,0.035140124519952166,,0.0380110068770596,,0.14370122606399524,0.026556607324915917,0.020615235614075175,0.15636604162188267,0.00592538726856835,-0.01665273385371599,0.015166528246411856,,0.030884790026351774,0.054014893927895005,,,0.04488072505777128,0.013324778708405453,0.027261854371652343,0.025469863523047392,0.03508912515824645,0.036457845332876396,,0.03679622337535538,0.023995876187897086,0.03432409893928632,0.027952553091700125
2020-09-01,0.007023223359567412,,0.10416230084616596,0.05268174022651345,0.013291110690221259,0.024720899783377367,-0.017218500168177067,0.053193570397972796,-0.016350184209391157,0.05518526105311637,0.02916096053641648,,0.014884071056366646,,0.10968092925751013,0.031743664824612265,0.016172653063704828,0.0387595481254404,0.028113694699423406,0.004406613580628887,0.021901618143677425,,0.03284842259093871,0.031316167487696285,0.037459320183719495,,0.04270717409408881,0.026052286554658327,0.056001571139851256,0.02394805847014674,0.03381368795158515,0.036005599853119845,,0.015834835020073046,0.027710545441300777,0.019496436457125104,0.02893207097378201
2020-12-01,0.024638851734307285,,0.024638851734307285,0.024638851734307285,0.024638851734307285,0.024638851734307285,0.024638851734307285,0.024638851734307285,0.024638851734307285,0.024638851734307285,0.024638851734307285,,0.024638851734307285,,0.024638851734307285,0.024638851734307285,0.024638851734307285,0.024638851734307285,0.024638851734307285,0.024638851734307285,0.024638851734307285,,0.024638851734307285,0.024638851734307285,0.024638851734307285,0.024638851734307285,0.024638851734307285,0.024638851734307285,0.024638851734307285,0.024638851734307285,0.024638851734307285,0.024638851734307285,,0.024638851734307285,0.024638851734307285,0.024638851734307285,0.024638851734307285
2021-03-01,0.015728768616909743,,0.03836343774433725,0.0075602894652393535,0.016914745949430147,0.01569783476091377,0.007887813300786998,0.014477470795273945,0.006051661492345357,0.024215082087394122,0.022604519424919825,,0.008621241191694239,,0.02331433126693397,0.02129610055689799,0.02013155036271925,0.022763067260499974,0.013431193271365466,0.007419494905636723,0.014204619026024178,,0.019276113907979866,0.01596884175548684,0.041717082868509676,0.023710446088419858,0.021392772638365313,0.021095733687393186,0.01518291397576931,0.020491696414712657,0.021606081636209373,0.017881232694171936,,0.00782532621514769,0.023710446088419858,0.023710446088419858,0.019391789899542176
2021-06-01,0.001361374286407548,,0.005363482737452935,0.006589126695622874,0.0034167482917050285,0.008915448995014449,-0.010534534036877678,0.005472307202085181,-0.006734970654409782,0.018643863954426586,0.014678735893535766,,0.005828060411489754,,0.0059039672439949375,0.009031706236723778,0.009502553482951332,0.01908783791664402,0.0141273834068516,0.005053508174527325,0.006921713581137145,,0.01586118008671238,0.019230029937591205,0.04263642781897705,0.01961245825438351,0.014652708166768896,0.011174072124427408,0.002109745287221013,0.013733005455725757,0.018971224401547793,0.006776937680112244,,-0.0014294740116390628,0.01752741511268668,0.014642064381513846,0.0015721806328927018
2021-09-01,-0.0031737489896539696,,0.011748623709208397,0.011748468160100991,0.010703939982655241,0.01842536348698504,-0.004969047380186478,0.010203933851560125,-0.004442258236219767,0.022849326233856795,0.02490552099507565,,0.007118384304324463,,-0.0029378522632385446,0.02153954315719201,0.021249653265398426,0.01817571398667984,0.018112614750942935,0.010830985220426683,0.01049592079494079,,0.02075647755353636,0.01863693383761919,0.0425054227913857,0.027652032254383924,0.022578916366157064,0.026956872878705886,0.012291440225442936,0.024416487636396447,0.030272384938951697,0.01098620301588424,,-0.0021892852127330287,0.026401386859146482,0.019520641800611093,0.0001929746123508852
2021-12-01,0.00224385903052013,,0.012399506103457445,,0.008410124202226485,0.009061894543253762,-0.014396841669908062,0.012045718355514408,-0.02002777787807898,0.024812636699188602,0.0235836634206006,,0.013296308162537369,,0.014722276631490182,0.011721325578687034,0.016848158965422164,0.03507966788380089,0.01042560774040635,-0.003757602903795113,0.00216600298168443,,0.016724480764161276,0.0204928271050489,0.03901707399069104,0.03291647241546062,0.022627561092203017,-0.0037651254741222938,0.005664109433853048,0.024761811468930577,0.02943651246418491,0.029037131401417157,,-0.0070123791452363525,0.03197523497564301,0.030851799381126047,0.0008559673897833639
2022-03-01,-0.012369410061005464,,0.0164639638810019,,0.00393806265563704,0.027390343285945917,-0.007693147840415263,0.00960384734883578,-0.004685986952653321,,0.030777440145946664,,0.006561367005977258,,0.013070153534829035,0.02052087630217946,0.015675377021499484,0.03484422092845642,0.016670565382071956,0.017835379328489494,0.012598529124596032,,0.010749481861015398,0.0013932058542829944,0.038277291016136715,0.022675157048479878,0.02839761666086977,0.027894769852496105,0.00985129466219446,0.024045620902628337,0.033899673042183165,0.03477422870687742,,0.014907633592313467,0.03565916279521877,0.03170995670673865,0.02884200667314796
2022-06-01,-0.02220611793541719,,0.023384211083831537,,0.00872258132049876,0.018112289065196924,-0.018783445405906186,0.012331204235670724,-0.014836848773491038,,0.019228656830020494,,0.018677946834932176,,0.005159855735128008,0.019783045210923108,0.009229288055313579,0.05007240212322785,0.049724452469455206,0.03992948370413135,0.01677585229272579,,0.04289444132639475,0.025567808123589032,0.057446050026594885,0.018146963501704347,0.026119584920783704,0.0211468525000814,0.015215735925311441,0.03793074109654564,0.027403061934247356,0.044299966124536586,,0.03572042464831857,0.036428929528412056,0.041506098418204115,0.0455238845800246
2022-09-01,-0.013922158978551731,,0.029754068280886004,,0.010307659916292077,0.02338162216443007,-0.0010344211397830293,0.037107222056542065,0.005963413034118961,,0.02696757741197193,,-0.00047716127888631935,,0.023622283221941674,0.022615766463596466,-0.002454941616329586,0.04288943181901028,0.025403975535595192,0.03391015767548113,0.025840042945744584,,0.01691125823031212,0.04081427424121935,0.05671572446904747,0.0244078015100051,0.04016614869447764,0.006416330931311121,0.008908704506230242,0.0452727958368358,0.03729862018718224,0.02994669179122717,,0.034788438563865376,0.03704058841350623,0.02715225183681365,0.03395983336262405
2022-12-01,-0.0033156207266554294,,0.03559262909895129,,0.011748693233198446,0.025622420836042353,0.00026030805249696836,0.03729731064872739,0.014061383780471188,,0.029672000217014154,,0.0063146024476194275,,0.041551368734330955,0.019181891720292527,0.014560794294826018,0.05035791228445592,,0.016370615900393307,0.006018823631132354,,0.03311940886728602,0.02797927655489818,0.06435041289659475,0.022367079898356405,0.03347880107027759,0.0037965742776113237,0.004352326728549833,0.04096049313401393,0.03662951238980857,0.03295752425521001,,0.04346484836803107,0.030528783771895336,0.03718275375180551,0.043132660265682014
2023-03-01,-0.007069719014200959,,0.047858649591995095,,-0.005355343868149473,0.022972393565575722,0.0020717436649446692,0.03432551428106532,0.0029395520614469662,,0.018665777074978043,,0.012457224486087168,,0.02231772996788952,0.014566716111368385,0.0051277688692446454,0.042947644890496184,,0.042853847594990196,0.03173641858337838,,0.032902642335254646,0.029841277072021343,0.04004983453872206,0.024559464333400373,0.03661022472277203,0.01271620548019741,0.006809969998164987,0.036095212120362256,0.027157054688404115,0.03046647880992857,,0.021492670961941608,0.026950434968446072,0.02668644486301587,0.03979667007296128
2023-06-01,-0.008320094036837181,,0.02780958735659882,,-0.008041632842077782,0.01429186428734247,-0.006297624615227828,0.03952494131987637,-0.0044815248692868185,,0.015591132799910966,,0.004209028681355104,,0.019624959289258143,0.005260986490140817,0.00011060644450565325,0.03726551622005284,,0.03558591045425823,0.022882232605393852,,0.030814103324261738,0.007689988555730077,0.03988921235874481,0.029937975964285966,0.02337290606908067,0.0023219644305796407,0.005871540637461037,0.0183069640574385,0.023571453786688734,0.00907452615671084,,0.020273335678784452,0.022035584759289063,0.027552458918675266,0.03124709697083962
2023-09-01,-0.008555896514948065,,0.015841740770752157,,-0.009446980813384347,0.0009201056987472672,-0.017638157839908283,0.014461792024124665,-0.01026140058533384,,0.013899314843660958,,-0.0015918262279022868,,0.011857715236110095,0.009001265832941408,-0.0023547146501212584,0.01895509645136382,,0.020743736728427338,0.01818426852661837,,0.020965393757764423,0.01786128313225998,0.026074595557652763,0.015395233199573042,0.007850114979468713,0.0016620146992358537,-0.005827844593793374,0.012892960395395652,0.013819095131568577,0.005093378277407887,,0.007765412976882374,0.013819095131568577,0.0156495245102731,0.023792074201616976
2023-12-01,-0.01243316316071204,,0.004390958868588264,,-0.014893273370751168,-0.0036767270361836614,-0.01713899271630512,0.012288489710203274,-0.0071705004782232126,,-0.0008193062181693845,,-0.004280905776792029,,0.00674320235806319,0.0059075092550147645,-0.009800157481371542,0.01553767174645105,,-0.0055982839323962,0.011252972605299099,,0.014860812114576252,0.011847798106404135,0.01022233635939183,0.012868866908652212,-0.002281416971938068,-0.005008397151845745,-0.0075687842345385226,0.011592043964481524,0.013365550637541074,-0.0017227370239171428,,0.003530335486874812,0.013365550637541074,,0.021847298290872397
2024-03-01,-0.023743435680781046,,0.0516143372580814,,-0.023158835301852993,-0.016973980551521044,-0.01721878298813834,0.02741143197287317,-0.010047071227914822,,0.009967658404432242,,-0.0009415912947716261,,0.023810807472073838,0.009788296820785157,-0.022074335064775633,0.02065014290112369,,0.021323177961672702,0.025077629618460634,,0.012477724086556098,0.02131313933782998,0.04155206077837577,0.011840665133806001,,-0.01836968266779834,-0.01362640028833038,0.003092305423270602,0.00479652960917952,0.0023240379655175597,,0.0012233195200151523,0.008907898738346206,,0.02731967866153381
2024-06-01,-0.02136051831436534,,0.010311568893630519,,-0.021091815303442236,-0.02198647668249354,-0.019603135693681505,0.01796366139262699,-0.007671273054853676,,0.006393726626769728,,-0.00631973484256752,,0.005041881350447023,-0.0004187605498636485,-0.01582424079187832,0.021726269645435,,-0.015259271734439398,0.01735807757076935,,0.011761906012041919,0.013464890397875134,0.03589697053922897,0.016622237646799393,,-0.021963182393191685,-0.010978094476159335,-0.005185908214477341,0.007097908536329973,-0.00261317026775933,,-0.0075450399247979005,0.006671452643706784,,0.029133228221683016
2024-09-01,-0.021984749975156176,,-0.006581341871345735,,-0.01734216501022555,-0.007314449597435849,-0.0195135955277206,0.004220328143551465,-0.012939208933162132,,0.0115219054408044,,-0.012557466648980126,,-0.003927013278955303,0.012671847461308712,-0.01157820943028829,0.010229005433932882,,0.010034517691336075,0.0057480458799140455,,0.013590569499259145,0.012796569396397504,0.011414279604729674,0.009528827971384343,,-0.0027137642384725603,-0.019361811280921862,0.0033096319361066483,0.013113245142004716,-0.010101338460093576,,0.001250865584471005,0.013113245142004716,,0.01734616438045795
2024-12-01,-0.024470980372212483,,4.687195378618586e-05,,-0.01751529044673551,-0.019401801238546765,-0.018833672629235344,-0.005851281326953801,-0.01642609171508703,,0.004729918535784836,,-0.029249614932973973,,-0.019664669767592135,0.004900369365875124,-0.008716312606743278,0.011772564034775002,,-0.03527938097782863,-0.00973110758051866,,0.002828369052896391,-0.005616671539610267,0.009871360579626851,-0.009329103208163832,,-0.015337360529173496,-0.023314874842866994,0.003624486792476323,0.0032682829767238545,-0.013266216248766066,,1.5463871825825756e-05,0.0021556075734810638,,0.021058005653600678
2025-03-01,-0.006367501381613826,,-0.006367501381613826,,-0.006367501381613826,-0.006367501381613826,-0.006367501381613826,-0.006367501381613826,-0.006367501381613826,,-0.006367501381613826,,-0.006367501381613826,,-0.006367501381613826,-0.006367501381613826,-0.006367501381613826,-0.006367501381613826,,-0.006367501381613826,-0.006367501381613826,,-0.006367501381613826,-0.006367501381613826,-0.006367501381613826,-0.006367501381613826,,-0.006367501381613826,-0.006367501381613826,-0.006367501381613826,-0.006367501381613826,-0.006367501381613826,,-0.006367501381613826,-0.006367501381613826,,-0.006367501381613826
2025-06-01,-0.00630900698147231,,-0.00630900698147231,,-0.00630900698147231,-0.00630900698147231,-0.00630900698147231,-0.00630900698147231,-0.00630900698147231,,-0.00630900698147231,,-0.00630900698147231,,-0.00630900698147231,-0.00630900698147231,-0.00630900698147231,-0.00630900698147231,,-0.00630900698147231,-0.00630900698147231,,-0.00630900698147231,-0.00630900698147231,-0.00630900698147231,-0.00630900698147231,,-0.00630900698147231,-0.00630900698147231,-0.00630900698147231,-0.00630900698147231,-0.00630900698147231,,-0.00630900698147231,-0.00630900698147231,,-0.00630900698147231
2025-09-01,-0.02911076056626487,,-0.022822697873499463,,-0.024452676928090656,-0.018917553778977032,-0.03381057637947748,-0.006840730532565671,-0.026299191277079453,,0.008152254098985574,,-0.018923659197007194,,-0.028262578716763118,-0.00468918786860895,-0.0008890797713850264,0.012384600805714286,,-0.015426445797737118,-0.01775981071803302,,-0.028720732345638326,0.008592347476679899,0.0019716886838999264,-0.006777203114036986,,-0.009963605831551033,-0.022889166816437614,0.011771720988661822,0.011989349887991212,-0.02544012891832053,,-0.014105193458054657,0.011575078949584238,,-0.001191738332459824
2025-12-01,-0.02420065166853537,,-0.006865850938622411,,-0.013321959760118943,-0.015200631014180005,-0.020437772160107344,0.006129323530220107,-0.012567349152994909,,0.0070755179826993,,-0.007778313866795615,,-0.029649615554228462,-0.0034772740582882586,-0.015185295540824342,0.011990587408745949,,,-0.013692073680836333,,-0.006020737282026276,0.004608182072265143,-0.00041032917098924476,-0.0069087954622648814,,-0.013817456367569815,-0.029445389452968,0.010367117145645173,0.012354529663631982,-0.011149893680575756,,0.0005075512296366202,0.007011201523807964,,0.006455086118443883
