,1209,1794,1913,1988,2154,3107,3619,4060,4213,4510,5250,5589,5686,5905,5968,6078,6104,6821,7881,8030,8215,8247,8626,9217,9555,9667,9699,10426,11228,11446,12950,14590,23978,25124,29392,29733,29751,29830,29968,34443,35168,35978,39624,62984,64848,100243,125533,128978,161797,162129,162254,163946,165927,253501,270281,294524
2001-03-01,-0.008914865553379059,-0.008914865553379059,-0.007860492914915085,-0.008914865553379059,-0.008914865553379059,-0.0008640590822324157,-0.006609034258872271,-0.008914865553379059,-0.007860492914915085,-0.011546359397470951,-0.008148822002112865,-0.007860492914915085,-0.006753955036401749,-0.011546359397470951,-0.007542505860328674,-0.007860492914915085,-0.008914865553379059,-0.008914865553379059,-0.006753955036401749,-0.000995991169475019,-0.006609034258872271,-0.008914865553379059,-0.006753955036401749,-0.008914865553379059,-0.007860492914915085,-0.007860492914915085,-0.00914607010781765,-0.008914865553379059,-0.008914865553379059,-0.00984833762049675,-0.007860492914915085,-0.007860492914915085,-0.00984833762049675,-0.008914865553379059,-0.008914865553379059,-0.00984833762049675,-0.00984833762049675,-0.008914865553379059,-0.008914865553379059,,,,,-0.012479830533266068,-0.009429357014596462,-0.00644035916775465,-0.012479830533266068,-0.011782963760197163,,,,,,,,
2001-06-01,-0.01651059277355671,-0.01999151147902012,-0.01651059277355671,-0.014369230717420578,-0.01651059277355671,-0.01651059277355671,-0.013781496323645115,-0.01651059277355671,-0.01651059277355671,-0.02206610143184662,-0.013781496323645115,-0.02206610143184662,-0.01651059277355671,-0.01651059277355671,-0.01999151147902012,-0.02206610143184662,-0.01999151147902012,-0.01999151147902012,-0.01651059277355671,-0.012730005197227001,-0.013781496323645115,-0.01651059277355671,-0.01651059277355671,-0.01651059277355671,-0.01651059277355671,-0.01651059277355671,-0.02474050223827362,-0.02147836796939373,-0.01651059277355671,-0.01651059277355671,-0.01999151147902012,-0.02206610143184662,-0.013781496323645115,-0.01651059277355671,-0.02206610143184662,-0.01651059277355671,-0.01651059277355671,-0.01999151147902012,-0.013781496323645115,,,,,-0.01999151147902012,-0.012730005197227001,-0.019084760919213295,-0.01651059277355671,-0.01651059277355671,,,,,,,,
2001-09-01,-0.021223243325948715,-0.025712458416819572,-0.021223243325948715,-0.025460856035351753,-0.022633450105786324,-0.025712458416819572,-0.025460856035351753,-0.021223243325948715,-0.021223243325948715,-0.025460856035351753,-0.025460856035351753,-0.025460856035351753,-0.021223243325948715,-0.021223243325948715,-0.025712458416819572,-0.032288938760757446,-0.025712458416819572,-0.025712458416819572,-0.021223243325948715,-0.022633450105786324,-0.025460856035351753,-0.021223243325948715,-0.021223243325948715,-0.021223243325948715,-0.021223243325948715,-0.025712458416819572,-0.021223243325948715,-0.025460856035351753,-0.021223243325948715,-0.025712458416819572,-0.025712458416819572,-0.025460856035351753,-0.025460856035351753,-0.021223243325948715,-0.025460856035351753,-0.021223243325948715,-0.021223243325948715,-0.025712458416819572,-0.025460856035351753,,,,,-0.025712458416819572,-0.025712458416819572,-0.025712458416819572,-0.022633450105786324,-0.022633450105786324,,,,,,,,
2001-12-01,-0.023847268894314766,-0.027216462418437004,-0.023847268894314766,-0.027216462418437004,-0.023847268894314766,-0.02891380898654461,-0.027216462418437004,-0.02916214056313038,-0.023847268894314766,-0.02916214056313038,0.014444353058934212,-0.027216462418437004,-0.038592737168073654,-0.023847268894314766,-0.03846396133303642,-0.02916214056313038,-0.02891380898654461,-0.027216462418437004,-0.023847268894314766,-0.023847268894314766,-0.02891380898654461,-0.023847268894314766,-0.04024564102292061,-0.023847268894314766,-0.023847268894314766,-0.027216462418437004,-0.031997665762901306,-0.027216462418437004,-0.023847268894314766,-0.027216462418437004,-0.027216462418437004,-0.02916214056313038,-0.02891380898654461,-0.023847268894314766,-0.027216462418437004,-0.023847268894314766,-0.023847268894314766,-0.027216462418437004,-0.02891380898654461,,,,,0.014444353058934212,-0.02891380898654461,-0.027216462418437004,-0.023847268894314766,-0.023847268894314766,,,,,,,,
2002-03-01,-0.020743664354085922,-0.021594509482383728,-0.01961153745651245,-0.013369225896894932,-0.017610279843211174,-0.03300962224602699,-0.0221004206687212,-0.021594509482383728,-0.01846112497150898,-0.020444096997380257,-0.02402980998158455,-0.020444096997380257,,-0.020117448642849922,-0.0221004206687212,-0.015375347808003426,-0.021594509482383728,-0.0221004206687212,-0.016682792454957962,-0.0176674947142601,-0.020117448642849922,-0.01846112497150898,-0.024431630969047546,-0.01451963558793068,-0.017610279843211174,-0.017610279843211174,-0.017610279843211174,-0.01846112497150898,-0.018760692328214645,,-0.020444096997380257,-0.019264452159404755,-0.0221004206687212,-0.01846112497150898,-0.020444096997380257,-0.018760692328214645,-0.017610279843211174,-0.020444096997380257,-0.020444096997380257,,,,,0.020534846931695938,-0.01687484420835972,-0.02102159895002842,-0.017610279843211174,-0.020444096997380257,,,,,,,,
2002-06-01,-0.019764775410294533,-0.019764775410294533,-0.019764775410294533,-0.01788163371384144,-0.019764775410294533,-0.020537931472063065,-0.01798553578555584,-0.02117856964468956,-0.02310677245259285,-0.019764775410294533,-0.05198223888874054,-0.031547434628009796,,-0.023529047146439552,-0.02242107316851616,-0.01798553578555584,-0.01727740280330181,-0.019764775410294533,-0.015386917628347874,-0.020872751250863075,-0.019764775410294533,-0.01727740280330181,-0.03235858678817749,-0.019764775410294533,-0.019764775410294533,-0.019764775410294533,-0.021603796631097794,-0.01727740280330181,-0.024000117555260658,-0.019764775410294533,-0.021393615752458572,-0.01798553578555584,-0.02242107316851616,-0.019764775410294533,-0.01727740280330181,-0.019764775410294533,-0.019764775410294533,-0.019764775410294533,-0.019764775410294533,,,,,0.018336139619350433,-0.01798553578555584,-0.020641835406422615,-0.019764775410294533,-0.02310677245259285,,,,,,,,
2002-09-01,-0.014632380567491055,-0.014632380567491055,-0.014632380567491055,-0.01266719400882721,-0.014632380567491055,-0.014632380567491055,-0.04527350887656212,-0.014632380567491055,-0.014632380567491055,-0.015454496257007122,-0.04527350887656212,-0.04527350887656212,,-0.014632380567491055,-0.014632380567491055,-0.017420243471860886,-0.014632380567491055,-0.014632380567491055,-0.046483200043439865,-0.014632380567491055,-0.015454496257007122,-0.014632380567491055,-0.0029998740646988153,-0.014632380567491055,-0.014632380567491055,-0.014632380567491055,-0.02694796398282051,-0.017420243471860886,-0.014632380567491055,-0.014632380567491055,-0.014632380567491055,-0.015454496257007122,-0.014632380567491055,-0.014632380567491055,-0.015454496257007122,-0.014632380567491055,-0.014632380567491055,-0.014632380567491055,-0.015454496257007122,,,,,0.02469170279800892,-0.014632380567491055,-0.014632380567491055,-0.014632380567491055,-0.014632380567491055,,,,,,,,
2002-12-01,-0.019530871883034706,-0.019530871883034706,-0.019530871883034706,-0.02226339653134346,-0.019530871883034706,-0.019530871883034706,-0.03362566605210304,-0.019530871883034706,-0.019530871883034706,-0.02226339653134346,0.016613472253084183,-0.038776498287916183,,-0.019530871883034706,-0.019530871883034706,-0.029137518256902695,-0.019530871883034706,-0.019530871883034706,-0.027417823672294617,-0.019530871883034706,-0.02226339653134346,-0.019530871883034706,-0.027417823672294617,-0.019530871883034706,-0.019530871883034706,-0.019530871883034706,-0.027417823672294617,-0.02226339653134346,-0.019530871883034706,-0.019530871883034706,-0.019530871883034706,-0.024488024413585663,-0.019530871883034706,-0.019530871883034706,-0.02226339653134346,-0.019530871883034706,-0.019530871883034706,-0.019530871883034706,-0.038776498287916183,,,,,0.016613472253084183,-0.06700398772954941,-0.019530871883034706,-0.019530871883034706,-0.019530871883034706,,,,,,,,
2003-03-01,-0.01263982243835926,-0.013260716572403908,-0.01263982243835926,-0.015290450304746628,-0.01263982243835926,-0.035793084651231766,-0.014322473667562008,-0.014322473667562008,-0.01263982243835926,-0.01500706747174263,0.014867926016449928,-0.01370157953351736,,-0.013260716572403908,-0.013260716572403908,-0.01370157953351736,-0.014322473667562008,-0.011735854670405388,-0.024049239233136177,-0.01263982243835926,-0.01370157953351736,-0.01263982243835926,-0.013798236846923828,-0.013260716572403908,-0.013260716572403908,-0.012923205271363258,-0.0011294902069494128,-0.01370157953351736,-0.01263982243835926,-0.01263982243835926,-0.011735854670405388,-0.01370157953351736,-0.01370157953351736,-0.01263982243835926,-0.014322473667562008,-0.01263982243835926,-0.01263982243835926,-0.01263982243835926,-0.014322473667562008,,,,,0.016363000497221947,-0.037651002407073975,-0.01263982243835926,-0.01370157953351736,-0.01263982243835926,,,,,,,,
2003-06-01,-0.005591260734945536,-0.005591260734945536,-0.005591260734945536,-0.005591260734945536,-0.005591260734945536,0.0035081948153674603,-0.02383239008486271,-0.005591260734945536,-0.005591260734945536,-0.005591260734945536,0.0273841954767704,-0.02383239008486271,,-0.005591260734945536,-0.005591260734945536,-0.005591260734945536,-0.005591260734945536,0.000161321964696981,-0.011254058219492435,-0.005591260734945536,-0.005591260734945536,-0.005591260734945536,0.000161321964696981,-0.005591260734945536,-0.005591260734945536,-0.005591260734945536,-0.005591260734945536,-0.005591260734945536,-0.005591260734945536,-0.005591260734945536,0.0035081948153674603,-0.005591260734945536,-0.005591260734945536,-0.005591260734945536,-0.005591260734945536,-0.005591260734945536,-0.005591260734945536,-0.005591260734945536,-0.005591260734945536,,,,,-0.005623197183012962,-0.005591260734945536,-0.005591260734945536,-0.005591260734945536,-0.005591260734945536,,,,,,,,
2003-09-01,-0.006510262843221426,-0.006510262843221426,-0.006510262843221426,-0.006510262843221426,-0.006510262843221426,0.001369670033454895,-0.021368907764554024,-0.006510262843221426,-0.006510262843221426,-0.006510262843221426,-0.021368907764554024,-0.021368907764554024,,-0.006510262843221426,-0.006510262843221426,-0.006510262843221426,-0.006510262843221426,-0.006510262843221426,-0.010350113734602928,-0.006510262843221426,-0.006510262843221426,-0.006510262843221426,-0.01352897472679615,-0.006510262843221426,-0.006510262843221426,-0.006510262843221426,-0.01352897472679615,-0.006510262843221426,-0.006510262843221426,-0.006510262843221426,0.001369670033454895,-0.006510262843221426,-0.006510262843221426,-0.006510262843221426,-0.006510262843221426,-0.006510262843221426,-0.006510262843221426,-0.006510262843221426,-0.006510262843221426,,,,,-0.027730530127882957,-0.006510262843221426,-0.006510262843221426,-0.006510262843221426,-0.006510262843221426,,,,,,,,
2003-12-01,-0.014395983889698982,-0.018197162076830864,-0.014395983889698982,-0.009949256666004658,-0.014395983889698982,0.029721012338995934,-0.021729813888669014,-0.018197162076830864,-0.018197162076830864,-0.021729813888669014,-0.021729813888669014,-0.09383402019739151,,-0.01981397531926632,-0.005975421518087387,-0.014395983889698982,-0.018197162076830864,-0.018197162076830864,-0.0302104689180851,-0.018197162076830864,-0.018197162076830864,-0.014395983889698982,-0.0302104689180851,-0.018197162076830864,-0.025527730584144592,-0.009949256666004658,-0.014395983889698982,-0.024044569581747055,-0.018197162076830864,-0.018197162076830864,-0.018197162076830864,-0.018197162076830864,-0.0351499542593956,-0.014395983889698982,-0.03414451703429222,-0.014395983889698982,-0.009949256666004658,-0.01801423914730549,0.029721012338995934,,,,,-0.001498145516961813,-0.01801423914730549,-0.018197162076830864,-0.018197162076830864,-0.018197162076830864,,,,,,,,
2004-03-01,-0.013413473963737488,-0.013413473963737488,-0.009256819263100624,-0.007076245732605457,-0.009256819263100624,0.00010780165030155331,-0.031437549740076065,-0.009256819263100624,-0.013413473963737488,-0.011186286807060242,-0.03154028207063675,-0.014897054992616177,,-0.014897054992616177,-0.01564852148294449,-0.009256819263100624,-0.013413473963737488,-0.01803862489759922,-0.01146053895354271,-0.014897054992616177,-0.013413473963737488,-0.009256819263100624,-0.01732589490711689,-0.009029862470924854,-0.02952750027179718,-0.008969968184828758,-0.009256819263100624,-0.016999024897813797,-0.009256819263100624,-0.013413473963737488,-0.00787567999213934,-0.019400808960199356,-0.013413473963737488,-0.009256819263100624,-0.013413473963737488,-0.009256819263100624,-0.008571251295506954,-0.006248537451028824,-0.00907757505774498,,,,,0.01661653257906437,-0.012857959605753422,-0.013413473963737488,-0.004718481097370386,-0.014897054992616177,,,,,,,,
2004-06-01,-0.013926766812801361,-0.01656801998615265,-0.01656801998615265,-0.017819220200181007,-0.01893116533756256,0.012513925321400166,-0.023140044882893562,-0.01656801998615265,-0.01656801998615265,-0.01656801998615265,-0.020948970690369606,-0.09275738149881363,,-0.018812090158462524,-0.025270912796258926,-0.01893116533756256,-0.01656801998615265,-0.027938392013311386,-0.022847123444080353,-0.014322114177048206,-0.01656801998615265,-0.01893116533756256,-0.01956433430314064,-0.01656801998615265,-0.01656801998615265,-0.01656801998615265,-0.01893116533756256,-0.01656801998615265,-0.01893116533756256,-0.01893116533756256,-0.01656801998615265,-0.01956433430314064,-0.01656801998615265,-0.01656801998615265,-0.025270912796258926,-0.01893116533756256,-0.01893116533756256,-0.0119600435718894,-0.023140044882893562,,,,,-0.006169598083943129,-0.007742730434983969,-0.01656801998615265,-0.01893116533756256,-0.01656801998615265,,,,,,,,
2004-09-01,-0.007526550907641649,-0.009460062719881535,-0.0005062288837507367,-0.00969637744128704,-0.011066765524446964,0.0017421619268134236,-0.00969637744128704,-0.01591920293867588,-0.01069602183997631,-0.014528064988553524,-0.011384314857423306,-0.08683759719133377,,-0.01326831616461277,-0.01635133847594261,-0.0005062288837507367,-0.011174216866493225,-0.01326831616461277,-0.013649513944983482,-0.008862610906362534,-0.012774591334164143,-0.007526550907641649,-0.023838981986045837,-0.011230411008000374,-0.011334803886711597,-0.015225812792778015,-0.007526550907641649,-0.01836823858320713,-0.012249174527823925,-0.01069602183997631,-0.01004805974662304,-0.018006939440965652,-0.01326831616461277,-0.010783744975924492,-0.021898427978157997,-0.011544960550963879,-0.011066765524446964,0.0017421619268134236,0.0017421619268134236,,,,,0.0017421619268134236,0.0017421619268134236,-0.010331626981496811,-0.010532376356422901,-0.010532376356422901,,,,,,,,
2004-12-01,-0.0072898040525615215,-0.0072898040525615215,-0.0072898040525615215,-0.0017411751905456185,-0.008773138746619225,0.004494840744882822,-0.010316413827240467,-0.0072898040525615215,-0.010316413827240467,-0.0057316613383591175,-0.011233502067625523,-0.010316413827240467,,-0.0072898040525615215,-0.0057316613383591175,-0.0072898040525615215,-0.010316413827240467,-0.03129216656088829,-0.010316413827240467,-0.0072898040525615215,-0.007214998826384544,-0.0072898040525615215,-0.01767168752849102,-0.0072898040525615215,-0.0072898040525615215,-0.0057316613383591175,-0.0072898040525615215,-0.0072898040525615215,-0.0072898040525615215,-0.010316413827240467,-0.010188696905970573,-0.010316413827240467,-0.0072898040525615215,-0.0072898040525615215,-0.0072898040525615215,-0.0072898040525615215,-0.010316413827240467,-0.0018089384539052844,-0.011233502067625523,,,,,-0.0049072736874222755,-0.004975036717951298,-0.010316413827240467,-0.010316413827240467,-0.010316413827240467,,-0.010316413827240467,,,,,,
2005-03-01,-0.0017334327567368746,-0.0008254049462266266,-0.00047620924306102097,3.92638030461967e-05,-0.00047620924306102097,-0.0006775106303393841,-0.0026029350701719522,-0.00047620924306102097,-0.0017334327567368746,0.0006967438384890556,-0.00987933948636055,-0.01346538495272398,,-0.0024814181961119175,-0.0006866097101010382,-0.00047620924306102097,-0.0017334327567368746,-0.0040988558903336525,-0.004831186030060053,-0.00047620924306102097,-0.0028306138701736927,-0.00047620924306102097,-0.007096680346876383,-0.00047620924306102097,-0.0024814181961119175,0.0006967438384890556,-0.00047620924306102097,-0.00047620924306102097,-0.00047620924306102097,-0.0017334327567368746,-0.0017243337351828814,-0.0017334327567368746,-0.0024814181961119175,-0.00047620924306102097,-0.00047620924306102097,-0.00047620924306102097,-0.0010358050931245089,0.004190568346530199,-0.04133020341396332,,,,,-0.01596260629594326,0.004190568346530199,-0.0017334327567368746,-0.0017334327567368746,-0.0017334327567368746,-0.0017334327567368746,-0.0017334327567368746,,,,,-0.0006866097101010382,
2005-06-01,0.001962364185601473,0.001962364185601473,-0.006875815335661173,-0.006267042364925146,-0.0017275532009080052,0.002262455876916647,-0.0058743758127093315,-0.005661661736667156,-0.004965850617736578,0.0022180078085511923,0.01617187075316906,0.01617187075316906,,-0.008121193386614323,0.0012112323893234134,-0.005179777275770903,-0.0017275532009080052,-0.01078195683658123,-0.011399699375033379,0.0017484377603977919,-0.001513626892119646,-0.0017275532009080052,-0.013531429693102837,-0.0036375171039253473,-0.001513626892119646,-0.0051066940650343895,-0.0017275532009080052,-0.0018010645871981978,-0.0036375171039253473,-0.001513626892119646,-0.00870011281222105,-0.004965850617736578,-0.008121193386614323,-0.006875815335661173,0.00040756442467682064,-0.0036375171039253473,-0.0017275532009080052,0.005629419349133968,-0.04455754533410072,,,,,0.011041276156902313,-0.0056696198880672455,-0.001654470106586814,-0.001654470106586814,-0.0017275532009080052,-0.005179777275770903,-0.001513626892119646,-0.0058743758127093315,,,,0.010243925265967846,
2005-09-01,0.0011847211280837655,-0.0008402187377214432,0.0010519271017983556,0.0021479716524481773,0.0007347862119786441,0.001552916131913662,0.0016256524249911308,-0.0008402187377214432,0.000996121671050787,0.0018142518820241094,-0.0003192818257957697,0.0016256524249911308,,0.0009233854943886399,0.001552916131913662,-0.00022942367650102824,0.0007347862119786441,0.0009233854943886399,-0.010638362728059292,0.0009233854943886399,0.0010519271017983556,0.0009233854943886399,-0.0015214156592264771,-0.0009730128804221749,0.0010519271017983556,0.0016814578557386994,0.0009233854943886399,-0.00028522906359285116,-0.0009730128804221749,0.0005827799905091524,-0.004846762865781784,0.001420122105628252,0.0009233854943886399,0.0010519271017983556,0.0009233854943886399,-0.0009730128804221749,0.001420122105628252,0.004068588837981224,0.001830830704420805,,,,,0.0015476047992706299,-0.0003192818257957697,0.0005827799905091524,0.0014718504389747977,0.0013643166748806834,0.0003214446478523314,0.0016256524249911308,0.0013643166748806834,,,,0.00676658283919096,
2005-12-01,0.0043741315603256226,0.0030915390234440565,0.0043741315603256226,0.004496173467487097,0.0034761137794703245,0.0034761137794703245,0.004075429402291775,0.0030915390234440565,0.001369834179058671,0.003146400209516287,0.003213578835129738,0.004075429402291775,,0.0034761137794703245,0.0013203059788793325,0.003742418484762311,0.004880635067820549,0.0034761137794703245,0.0016456341836601496,0.0034761137794703245,0.0024654828011989594,0.0034761137794703245,-0.006179651711136103,0.0034761137794703245,0.001781582715921104,0.003713749349117279,0.0034761137794703245,5.1104674639645964e-05,0.0030915390234440565,0.002261650050058961,0.003182606538757682,0.004880635067820549,0.0034761137794703245,0.0043741315603256226,0.0034445144701749086,0.0030915390234440565,0.0024311544839292765,0.003213578835129738,0.003213578835129738,,,,,0.003213578835129738,0.003213578835129738,0.0027175929863005877,0.002344586653634906,0.0024512880481779575,0.002792834769934416,0.0037338826805353165,0.004075429402291775,0.015649599954485893,,,-0.005858141463249922,
2006-03-01,0.003197094425559044,0.003197094425559044,0.00764352036640048,0.01228595245629549,0.00764352036640048,0.00764352036640048,0.0035624199081212282,0.00764352036640048,0.0010982772801071405,0.006503855809569359,0.01896972581744194,0.003350398037582636,,0.0026228108908981085,0.0026228108908981085,0.00764352036640048,0.00764352036640048,0.0026228108908981085,0.0017663086764514446,0.00764352036640048,0.003895237809047103,0.00764352036640048,0.0017663086764514446,0.00764352036640048,0.0026228108908981085,0.00701893912628293,0.00764352036640048,0.003189841518178582,0.00764352036640048,0.00525977136567235,0.004559354856610298,0.00764352036640048,0.0026228108908981085,0.00764352036640048,0.00764352036640048,0.00764352036640048,0.006503855809569359,0.01069541648030281,-0.029315203428268433,,,,,0.010343572124838829,0.013295411132276058,0.00525977136567235,0.003895237809047103,0.00525977136567235,0.003895237809047103,0.004714932292699814,0.0059480187483131886,0.014274072833359241,,,0.010284073650836945,
2006-06-01,0.007393230218440294,0.007393230218440294,0.0015137371374294162,0.004205482080578804,0.004205482080578804,0.007393230218440294,-0.027630409225821495,0.007393230218440294,0.004205482080578804,0.004205482080578804,-0.027630409225821495,0.004205482080578804,,0.0015137371374294162,0.005096906796097755,0.004205482080578804,0.004205482080578804,-0.0009107592049986124,0.002220401307567954,0.007393230218440294,0.004205482080578804,0.004205482080578804,,0.0015137371374294162,0.004205482080578804,0.004205482080578804,0.004205482080578804,0.0015137371374294162,0.0015137371374294162,0.004205482080578804,0.005096906796097755,0.007393230218440294,0.005096906796097755,0.0015137371374294162,0.007393230218440294,0.0015137371374294162,0.004205482080578804,0.006699963938444853,0.004205482080578804,,,,,0.004205482080578804,0.00991714745759964,0.004205482080578804,0.004205482080578804,0.004205482080578804,0.004205482080578804,0.004205482080578804,0.004205482080578804,0.043552979826927185,0.004205482080578804,,0.004205482080578804,
2006-09-01,0.005357432644814253,0.005357432644814253,0.005357432644814253,0.009814705699682236,0.0021117806900292635,0.015988511964678764,-0.02906777337193489,0.005357432644814253,0.0020671917591243982,0.004865809343755245,-0.02906777337193489,0.0021117806900292635,,0.0040374030359089375,0.0040374030359089375,0.005357432644814253,0.0021117806900292635,0.005357432644814253,-0.0005015587084926665,0.005357432644814253,0.0021117806900292635,0.005357432644814253,,0.005357432644814253,0.005357432644814253,0.007768569048494101,0.005357432644814253,-0.001706521026790142,0.005357432644814253,0.0021117806900292635,0.0021117806900292635,0.005357432644814253,0.005357432644814253,0.005357432644814253,0.005357432644814253,0.005357432644814253,0.005357432644814253,0.0055731902830302715,0.0021117806900292635,,,,,-0.01874249242246151,0.004793345462530851,0.00943839643150568,0.0021117806900292635,0.0021117806900292635,0.0021117806900292635,0.0021117806900292635,0.0040374030359089375,0.01477382518351078,0.0040374030359089375,,0.00943839643150568,
2006-12-01,0.0054855188354849815,0.006371388677507639,0.006371388677507639,0.01094027329236269,0.008790441788733006,0.021791985258460045,-0.025872565805912018,0.006371388677507639,0.0006196131580509245,0.008761869743466377,-0.0246870256960392,0.0034687574952840805,,0.008790441788733006,-0.010269086807966232,0.008717171847820282,0.0034687574952840805,0.0218563973903656,0.008458205498754978,0.006371388677507639,0.0034687574952840805,0.0055572823621332645,,0.006371388677507639,0.008717171847820282,0.009657221846282482,0.008790441788733006,0.00010377965372754261,0.006371388677507639,0.0034687574952840805,0.0034687574952840805,0.006371388677507639,0.008790441788733006,0.006371388677507639,0.006172349210828543,0.006371388677507639,0.00790457334369421,0.007683122530579567,0.0034687574952840805,,,,,0.0006196131580509245,0.007683122530579567,0.0036692130379378796,0.005766852758824825,0.0034687574952840805,0.0034687574952840805,0.0034687574952840805,0.00026544107822701335,0.012283005751669407,-0.010269086807966232,,0.0218563973903656,
2007-03-01,0.005410023499280214,0.005410023499280214,0.0017516412772238255,0.004120493773370981,0.009172460064291954,0.009172460064291954,0.0063039083033800125,0.008955145254731178,0.008090043440461159,0.007868630811572075,-0.026347927749156952,0.004120493773370981,,,0.0063039083033800125,0.008090043440461159,0.009172460064291954,0.009172460064291954,0.008090043440461159,0.008955145254731178,-0.026347927749156952,0.008955145254731178,,0.008955145254731178,0.009172460064291954,0.009172460064291954,0.009172460064291954,0.005314377602189779,0.008955145254731178,0.005410023499280214,0.0063039083033800125,0.008955145254731178,0.009172460064291954,0.009172460064291954,0.008955145254731178,0.008955145254731178,0.009172460064291954,0.005410023499280214,0.00399478804320097,,,,,-0.010704198852181435,0.009491306729614735,0.005410023499280214,0.0063039083033800125,0.009172460064291954,0.005410023499280214,0.002907688030973077,-0.010704198852181435,0.016781631857156754,0.0063039083033800125,,0.01106097549200058,
2007-06-01,0.011505082249641418,0.010308750905096531,0.005848596338182688,0.00781870074570179,0.0076124356128275394,0.008147305808961391,0.00467100040987134,0.005848596338182688,0.005848596338182688,0.013170159421861172,0.00467100040987134,0.0076124356128275394,,,0.0055726817809045315,0.006221868563443422,0.0076124356128275394,-0.0003101559996139258,0.005848596338182688,0.011505082249641418,0.007820283062756062,0.011505082249641418,,0.005642331205308437,0.00781870074570179,0.00781870074570179,0.005642331205308437,0.005848596338182688,0.005848596338182688,0.00726559292525053,0.011262121610343456,0.011505082249641418,0.011505082249641418,0.005848596338182688,0.0076124356128275394,0.005848596338182688,0.005642331205308437,0.00781870074570179,0.0055726817809045315,,,,,0.008191975764930248,0.008191975764930248,0.00781870074570179,0.00781870074570179,0.0076124356128275394,0.0076124356128275394,0.00781870074570179,0.006238308735191822,0.027287611737847328,0.0076124356128275394,,0.011262121610343456,
2007-09-01,0.012905103154480457,0.012905103154480457,-0.004133116919547319,0.006119684781879187,0.007734797894954681,0.012905103154480457,0.0023361400235444307,0.012905103154480457,0.006867205258458853,0.008000519126653671,0.0023361400235444307,0.007734797894954681,,,0.008527427911758423,0.012905103154480457,0.012905103154480457,-0.04568715766072273,0.007734797894954681,0.012905103154480457,-0.0068306392058730125,0.012905103154480457,,0.012905103154480457,0.012905103154480457,0.006363087333738804,0.012905103154480457,0.006867205258458853,0.012905103154480457,0.007734797894954681,0.01065047550946474,0.012905103154480457,0.012905103154480457,0.012905103154480457,0.012905103154480457,0.012905103154480457,0.012905103154480457,0.006119684781879187,0.008527427911758423,,,,,0.007734797894954681,0.007734797894954681,0.012905103154480457,0.007734797894954681,0.007734797894954681,0.007734797894954681,0.006867205258458853,0.007734797894954681,0.006119684781879187,0.008000519126653671,,0.006363087333738804,
2007-12-01,0.012977732345461845,0.007963606156408787,0.0002642774488776922,0.005087059456855059,0.012977732345461845,0.012977732345461845,0.008721945807337761,0.007963606156408787,0.007963606156408787,0.007963606156408787,0.020414428785443306,0.001142366323620081,,,0.008291536942124367,0.012977732345461845,0.012977732345461845,-0.022703107446432114,0.007950026541948318,0.012977732345461845,0.011754658073186874,0.012977732345461845,,0.007963606156408787,0.012977732345461845,0.0002642774488776922,0.007963606156408787,0.011787734925746918,0.012977732345461845,0.008291536942124367,0.012977732345461845,0.012977732345461845,0.012977732345461845,0.007963606156408787,0.007963606156408787,0.012977732345461845,0.012977732345461845,0.013497868552803993,0.011754658073186874,,,,,0.011754658073186874,0.020414428785443306,0.008291536942124367,0.011754658073186874,0.012977732345461845,0.008291536942124367,0.011754658073186874,0.001142366323620081,0.011503162793815136,0.001142366323620081,,0.012977732345461845,
2008-03-01,0.01073339581489563,0.01209062710404396,0.008640234358608723,0.02024349384009838,0.01506346371024847,0.013202331028878689,0.020477313548326492,0.01257103867828846,0.00911446288228035,0.010576318018138409,0.015556256286799908,0.01705235429108143,,,0.012445034459233284,0.01776799187064171,0.01608629897236824,0.008866405114531517,-0.03171170502901077,0.01657317765057087,0.00934696290642023,0.012247499078512192,,0.014952016994357109,0.023096464574337006,0.018194887787103653,0.016060611233115196,0.026946529746055603,0.007659161929041147,0.016197744756937027,0.013604694046080112,0.008087706752121449,0.008830181322991848,0.010817323811352253,0.014519860036671162,0.01129119098186493,0.017895331606268883,0.010826457291841507,0.021717948839068413,,,,,0.01730160042643547,0.010474004782736301,0.008670524694025517,0.01952536404132843,0.01800677739083767,0.008643186651170254,0.010091419331729412,0.021121308207511902,0.018035678192973137,0.011176674626767635,,0.012750620022416115,
2008-06-01,0.0171310156583786,0.012555723078548908,0.012844403274357319,0.01200745441019535,0.015920888632535934,0.011978110298514366,0.014712629839777946,0.012844403274357319,0.011636144481599331,0.015920888632535934,0.02616100013256073,0.015920888632535934,,,,0.012844403274357319,0.015920888632535934,0.008239464834332466,0.012844403274357319,0.012844403274357319,0.012844403274357319,0.014712629839777946,,-0.023157767951488495,0.015920888632535934,0.010419128462672234,0.011636144481599331,0.00821418222039938,0.011200838722288609,0.01212761178612709,0.008871974423527718,0.019888097420334816,0.015556915663182735,-0.005850267130881548,0.015556915663182735,0.011200838722288609,0.015920888632535934,0.015920888632535934,0.012844403274357319,,,,,0.015920888632535934,0.014712629839777946,0.01113489642739296,0.014712629839777946,0.015920888632535934,0.014712629839777946,0.038524821400642395,0.015920888632535934,0.01698257029056549,0.015217537991702557,,0.004173493944108486,
2008-09-01,0.019038382917642593,0.02120138145983219,0.01106394175440073,0.022792747244238853,0.01614486239850521,0.020541423931717873,0.01791088469326496,0.014827596955001354,0.010186250321567059,0.02293979562819004,0.01791088469326496,0.015980591997504234,,,,0.022095078602433205,0.01614486239850521,0.012896151281893253,0.012452242895960808,0.015225084498524666,0.02293979562819004,0.019680913537740707,,0.02225934900343418,0.01614486239850521,0.022332098335027695,0.010186250321567059,0.015809355303645134,0.009246055036783218,0.01614486239850521,0.011837469413876534,0.032915227115154266,0.024120526388287544,0.021894952282309532,0.025370044633746147,0.019106144085526466,0.01694601960480213,0.015980591997504234,0.022469721734523773,,,,,0.016117289662361145,0.015591560862958431,0.00952640175819397,0.01614486239850521,0.01614486239850521,0.015980591997504234,0.023990189656615257,0.020700804889202118,0.044037409126758575,0.01414122898131609,,0.02293979562819004,
2008-12-01,0.011719400063157082,0.042012859135866165,0.01905958540737629,0.03751586377620697,0.013557267375290394,0.040163177996873856,0.023078709840774536,0.02225196361541748,0.008191239088773727,0.028463371098041534,0.004787394776940346,0.021100519225001335,,,,0.027485817670822144,0.012855757027864456,0.045516375452280045,0.016054457053542137,0.07541059702634811,0.019485054537653923,0.012580408714711666,,0.01064070500433445,0.01908205635845661,0.04461774602532387,0.02577793039381504,0.012746548280119896,0.0029587694443762302,0.01075370330363512,0.01643707975745201,0.0435841865837574,0.017858874052762985,0.01466947328299284,0.03276234492659569,0.019649170339107513,0.024854397401213646,0.01969538815319538,0.05735994502902031,,,,,0.017662007361650467,0.04660915955901146,0.010605637915432453,0.009005793370306492,0.00949869304895401,0.00712368031963706,0.08167918771505356,0.01997298374772072,0.029630715027451515,0.059685852378606796,,0.051201075315475464,
2009-03-01,0.01066225953400135,-0.006534192711114883,0.02138020657002926,0.021690266206860542,0.017055606469511986,0.06193145364522934,0.024047743529081345,0.006679188925772905,0.016807347536087036,0.027181413024663925,0.02455044724047184,,,,,0.03514421358704567,-0.02162989228963852,0.03295225277543068,0.005079585127532482,0.06982704252004623,0.026261474937200546,0.049073390662670135,,0.012311393395066261,0.01000871043652296,0.02195431850850582,0.01919902302324772,0.029477717354893684,0.005315433721989393,0.014775308780372143,0.018874095752835274,-0.019363347440958023,0.07337325811386108,0.013480291701853275,0.09939008951187134,0.07935788482427597,0.010494976304471493,0.012022536247968674,0.04344869405031204,,,,,0.027625666931271553,0.03438872843980789,0.015706514939665794,0.02568173222243786,0.026051679626107216,-0.04215415567159653,0.05486798658967018,0.029217429459095,0.06732483953237534,0.05656348913908005,,0.14734035730361938,
2009-06-01,0.01046968437731266,0.02932826615869999,0.007533160503953695,0.0005890046595595777,0.011993518099188805,0.012119108811020851,0.013140792027115822,0.005654157605022192,0.012172896414995193,0.011588091030716896,0.013112739659845829,,,,,0.005138847045600414,0.024741915985941887,0.029988406226038933,0.009527141228318214,0.009605661034584045,0.017517410218715668,0.005672121420502663,,,0.01162260677665472,0.004154112655669451,0.010795807465910912,0.030425570905208588,0.01089363731443882,0.013524720445275307,0.05350152775645256,0.012911832891404629,0.007988104596734047,0.012898916378617287,0.004499737173318863,0.01286987867206335,0.013840862549841404,0.009704082272946835,0.02302715554833412,,,,,0.06080862507224083,0.0343584381043911,0.017050867900252342,0.019921761006116867,0.014604915864765644,0.0260612852871418,0.07752878218889236,0.024886175990104675,0.011662201955914497,0.014356864616274834,,0.05412239581346512,
2009-09-01,0.016978899016976357,0.013905731029808521,0.01876020058989525,0.0047952341847121716,0.013905731029808521,0.02241571992635727,0.032007019966840744,0.0012381825363263488,0.013905731029808521,0.016978899016976357,0.015880698338150978,,,,,0.0018837058451026678,0.0018837058451026678,-0.01533537544310093,0.016725370660424232,0.0004407895030453801,0.0018837058451026678,0.0018837058451026678,,,0.013905731029808521,0.009216764010488987,0.013905731029808521,0.008713397197425365,0.014583605341613293,0.013835103251039982,0.016520068049430847,0.013905731029808521,0.028515692800283432,0.01765677146613598,0.012533878907561302,0.016272930428385735,0.013905731029808521,0.03636788949370384,0.009852447547018528,,,,,0.07833929359912872,0.025122664868831635,0.010028122924268246,0.021993152797222137,0.013835103251039982,0.035576097667217255,0.014128899201750755,0.032007019966840744,0.09298837184906006,0.017343178391456604,,0.00942190270870924,
2009-12-01,0.01404602825641632,0.010460800491273403,0.0034320568665862083,0.03111746348440647,0.01006403286010027,0.014655005186796188,0.015961909666657448,0.010785545222461224,0.017870081588625908,0.013340730220079422,0.014250104315578938,,,,,0.007597161456942558,0.0092554846778512,0.0073889074847102165,0.017261920496821404,0.002155803143978119,0.00972988922148943,0.0124938003718853,,,0.014496511779725552,0.024573955684900284,0.015882058069109917,0.015622954815626144,0.011711197905242443,0.010311140678822994,0.015213072299957275,0.025683613494038582,0.013344728387892246,0.028158072382211685,0.011395220644772053,0.013841593638062477,0.01374493632465601,0.029563728719949722,0.010560544207692146,,,,,0.08910495042800903,0.018451571464538574,0.016231542453169823,0.014150204136967659,0.012111704796552658,0.017685307189822197,0.011553355492651463,0.026486553251743317,0.020648080855607986,0.029497796669602394,,0.00428197905421257,
2010-03-01,0.005962914787232876,0.005962914787232876,0.010196639224886894,0.0037277801893651485,0.005962914787232876,0.0065961494110524654,0.008120001293718815,0.0050111026503145695,0.005962914787232876,0.005962914787232876,0.007486766204237938,,,,,0.001730242045596242,0.0023634759709239006,0.00033610279206186533,0.0065961494110524654,0.0057923756539821625,0.001730242045596242,0.001730242045596242,,,0.005962914787232876,0.0065961494110524654,0.005962914787232876,0.0023634759709239006,0.0065961494110524654,0.005962914787232876,0.0065961494110524654,0.005962914787232876,0.026173382997512817,0.005962914787232876,0.0023634759709239006,0.0065961494110524654,0.005962914787232876,0.0023634759709239006,0.001730242045596242,,,,,0.0042496854439377785,0.00625906465575099,0.005962914787232876,0.0023634759709239006,0.005962914787232876,0.007486766204237938,0.0065961494110524654,0.007486766204237938,0.007960455492138863,0.005962914787232876,,0.004822974093258381,
2010-06-01,0.0029740529134869576,-0.023965157568454742,-0.0013944300590083003,0.001076241722330451,0.0029740529134869576,0.0038883143570274115,0.002822744892910123,-0.0013944300590083003,0.0029740529134869576,0.0029740529134869576,0.003737006802111864,,,,,-0.0013944300590083003,-0.0004801688191946596,0.00875828880816698,0.0038883143570274115,0.0038883143570274115,-0.0013944300590083003,-0.0013944300590083003,,,0.006358983926475048,0.0029740529134869576,0.0038883143570274115,0.001076241722330451,-2.402569771220442e-05,0.0038883143570274115,0.0029740529134869576,0.0038883143570274115,-0.0004801688191946596,0.0029740529134869576,-0.0004801688191946596,0.0038883143570274115,0.0038883143570274115,0.0029740529134869576,-0.0159127339720726,,,,,0.003912537824362516,0.0054447241127491,-0.0028890331741422415,-0.0004801688191946596,0.0038883143570274115,0.002822744892910123,0.0038883143570274115,0.003737006802111864,0.006358983926475048,0.0038883143570274115,,-0.0028890331741422415,
2010-09-01,0.006350893061608076,0.00800416711717844,0.006301117595285177,0.010802630335092545,0.006301117595285177,0.012595043517649174,0.006301117595285177,0.006301117595285177,0.006350893061608076,0.006350893061608076,0.006301117595285177,,,,,0.006350893061608076,0.006301117595285177,0.019585581496357918,0.013981081545352936,0.012595043517649174,0.006301117595285177,0.006350893061608076,,,0.007105873432010412,0.006350893061608076,0.006350893061608076,0.006301117595285177,0.004574679769575596,0.006301117595285177,0.006350893061608076,0.012595043517649174,0.006301117595285177,0.006350893061608076,0.006301117595285177,0.006350893061608076,0.006350893061608076,0.007799792103469372,0.010802630335092545,,,,,0.007105873432010412,0.007056097965687513,0.004524904303252697,0.006350893061608076,0.006350893061608076,0.006301117595285177,0.012595043517649174,0.006301117595285177,0.010055726394057274,0.006350893061608076,,0.007799792103469372,0.01335002202540636
2010-12-01,0.017676522955298424,0.009680132381618023,0.017676522955298424,0.017676522955298424,0.017676522955298424,0.026203494518995285,0.017676522955298424,0.009680132381618023,0.017676522955298424,0.017676522955298424,0.01607997715473175,,,,,0.017676522955298424,0.009680132381618023,0.0748661682009697,0.01607997715473175,0.0005329471314325929,0.017676522955298424,0.017676522955298424,,,0.022865237668156624,0.017676522955298424,0.01607997715473175,0.017676522955298424,0.009680132381618023,0.022865237668156624,0.017676522955298424,0.023877453058958054,0.009680132381618023,0.017676522955298424,0.022239550948143005,0.017676522955298424,0.022239550948143005,0.019314425066113472,0.019314425066113472,,,,,0.01607997715473175,0.017676522955298424,0.013495249673724174,0.017676522955298424,0.022865237668156624,0.017676522955298424,0.01607997715473175,0.00977020338177681,0.021573947742581367,0.01607997715473175,,0.019314425066113472,0.02605246752500534
2011-03-01,0.015328705310821533,0.062302689999341965,0.015328705310821533,0.019332405179739,0.015328705310821533,0.028988264501094818,0.023395758122205734,0.031233225017786026,0.015328705310821533,0.015328705310821533,0.018643325194716454,,,,,0.02025230973958969,0.0366286002099514,0.03187448903918266,0.02051325887441635,0.03150251507759094,0.015328705310821533,0.028424600139260292,,,0.021151132881641388,0.018722789362072945,0.018643325194716454,0.015938321128487587,0.009371532127261162,0.034758664667606354,0.015328705310821533,0.029435792937874794,0.015328705310821533,0.01403129380196333,0.03130572661757469,0.015328705310821533,0.028424600139260292,0.015328705310821533,0.026124414056539536,,,,,0.019015291705727577,0.015700671821832657,0.015328705310821533,,0.03029453568160534,0.023395758122205734,0.02051325887441635,0.028424600139260292,0.06421796977519989,0.02051325887441635,,0.015328705310821533,0.0317968875169754
2011-06-01,0.0200203787535429,-0.12962663173675537,0.020427344366908073,0.022501252591609955,0.020427344366908073,0.030940989032387733,0.020427344366908073,0.020427344366908073,0.020427344366908073,0.020427344366908073,0.029083270579576492,,,,,0.020427344366908073,0.03743810951709747,0.03597880154848099,0.02501889131963253,0.04090661555528641,0.020427344366908073,0.01960480958223343,,,0.029083270579576492,0.02389584854245186,0.022255517542362213,0.02389584854245186,0.02389584854245186,0.03255176171660423,0.020427344366908073,0.030940989032387733,0.020427344366908073,0.0200203787535429,0.027065519243478775,0.03255176171660423,0.01971367374062538,0.02389584854245186,0.02596975676715374,,,,,0.025148894637823105,0.012309498153626919,0.01208963431417942,,0.03255176171660423,0.020427344366908073,0.022255517542362213,0.029083270579576492,0.06944945454597473,0.022255517542362213,,0.02359088882803917,0.04090661555528641
2011-09-01,0.018472010269761086,0.011215368285775185,0.01748415268957615,0.0368996262550354,0.01748415268957615,0.022176207974553108,0.008274403400719166,0.01748415268957615,0.019047653302550316,0.019047653302550316,0.006872483994811773,,,,,0.019047653302550316,0.016054153442382812,0.0466805025935173,0.022176207974553108,0.02061270736157894,0.019873883575201035,0.017438717186450958,,,0.020988063886761665,0.017641883343458176,0.019047653302550316,0.017641883343458176,0.019047653302550316,0.019047653302550316,0.017641883343458176,0.021600564941763878,0.016054153442382812,0.018472010269761086,0.017438717186450958,0.019047653302550316,0.019047653302550316,0.019047653302550316,0.03614269196987152,,,,,0.0297357439994812,0.02349761128425598,0.016968989744782448,,0.019047653302550316,0.012896738946437836,0.022176207974553108,0.006872483994811773,-0.129991814494133,0.01690850965678692,,0.018579764291644096,0.020588478073477745
2011-12-01,0.024712134152650833,-0.022109540179371834,0.022175977006554604,0.04199295490980148,0.025422193109989166,0.030270280316472054,0.019939212128520012,0.02566630393266678,0.023373503237962723,0.026139557361602783,0.019939212128520012,,,,,0.02589544653892517,0.02712288498878479,0.07951641082763672,0.02708718366920948,0.030270280316472054,0.04798316955566406,0.02423888072371483,,,0.03903625160455704,0.02712288498878479,0.024431584402918816,0.02761468105018139,0.023176297545433044,0.02712288498878479,0.022900249809026718,0.026811135932803154,0.024439821019768715,0.02156081609427929,0.028566809371113777,0.02364955097436905,0.02566630393266678,0.04750363901257515,-0.08759686350822449,,,,,0.031235940754413605,0.03368049114942551,0.013903681188821793,,0.02469792030751705,0.02156555838882923,0.025752492249011993,0.02433161251246929,0.030275730416178703,0.026627782732248306,,0.02395351603627205,0.03172686696052551
2012-03-01,0.01897478848695755,-0.1137072890996933,0.02190670557320118,0.032951436936855316,0.03174019232392311,0.057057708501815796,0.02007918991148472,0.031746190041303635,0.028766311705112457,0.020562628284096718,0.006146651227027178,,,,,0.02442951872944832,0.04859982803463936,0.11190399527549744,0.030040588229894638,0.03724576532840729,0.01685439795255661,0.032206352800130844,,,0.03333356976509094,0.02999437041580677,0.030040588229894638,,0.036248765885829926,0.032206352800130844,0.0227182749658823,0.030972445383667946,-0.008905943483114243,0.01897478848695755,0.05076118931174278,0.03388136625289917,0.03483279049396515,0.028377315029501915,-0.18498040735721588,,,,,0.025776833295822144,0.017575886100530624,0.014216801151633263,,0.035118382424116135,,0.03245243430137634,0.022494858130812645,-0.010212463326752186,0.043628621846437454,,0.05266386643052101,-0.0365011990070343
2012-06-01,0.00023291126126423478,-0.13422764837741852,0.015212669968605042,0.0363287590444088,0.02411336451768875,-0.03741847351193428,0.008100511506199837,0.01583193428814411,0.02435818687081337,0.029071487486362457,0.05526960268616676,,,,,0.030730266124010086,0.016789957880973816,0.031633924692869186,0.0433034710586071,0.06478390842676163,0.03977223113179207,0.009355209767818451,,,0.051002137362957,0.030100783333182335,0.02113456279039383,,0.02924644760787487,0.01394696719944477,0.01487667579203844,0.026627346873283386,0.05720425397157669,0.0011881700484082103,0.05290574952960014,0.031033918261528015,0.02913849987089634,0.022487757727503777,-0.24832038581371307,,,,,0.023323725908994675,0.04069214686751366,0.009752873331308365,,0.02443552203476429,,0.02489185892045498,0.04141676425933838,0.03613240644335747,0.03425450995564461,,0.10773927718400955,0.03665914013981819
2012-09-01,0.025679124519228935,-0.08680153638124466,0.022741753607988358,0.03500640392303467,0.03086155466735363,0.03270009160041809,0.02767324447631836,0.022618714720010757,0.02351112850010395,0.02351112850010395,0.036713607609272,,,,,0.02728038653731346,0.022404396906495094,0.04395909234881401,0.04155408963561058,0.049057815223932266,0.04462113603949547,0.025679124519228935,,,0.03629596158862114,0.02416359819471836,0.020009879022836685,,0.022229379042983055,0.039354924112558365,0.02351112850010395,0.026673004031181335,0.07575052976608276,0.022618714720010757,0.03665299341082573,0.02169160172343254,0.023492606356739998,0.03288980945944786,0.051640890538692474,,,,,0.017726143822073936,0.03560914099216461,0.013240727595984936,,0.03497307002544403,,0.026020534336566925,0.04531741887331009,0.005746087990701199,0.03560914099216461,,0.02916128933429718,-0.01835596188902855
2012-12-01,0.014219514094293118,-0.01020121481269598,-0.01960672251880169,0.015091115608811378,0.00492215808480978,-0.1636713296175003,0.0006927561480551958,0.003897943766787648,0.016339268535375595,0.016339268535375595,-0.007242017891258001,,,,,0.016339268535375595,0.0030405535362660885,0.021670635789632797,0.016339268535375595,0.00492215808480978,0.054942917078733444,0.011831948533654213,,,0.051370393484830856,0.014343197457492352,0.015551998279988766,,0.019858360290527344,0.018698938190937042,0.014392574317753315,0.020991729572415352,-0.004049068782478571,0.009080043993890285,0.015179842710494995,0.015551998279988766,0.010500084608793259,-0.01960672251880169,0.03361406549811363,,,,,0.019503459334373474,0.03319685906171799,0.03314579650759697,,0.018698938190937042,,-0.005569415632635355,0.01983230747282505,-0.011201255954802036,0.05320506542921066,,0.09988484531641006,-0.0012060338631272316
2013-03-01,0.014936050400137901,-0.06976079940795898,0.006607902701944113,0.02528706006705761,0.019071342423558235,0.022160479798913002,0.007951146923005581,0.009914485737681389,0.020392267033457756,0.0058672549203038216,-0.023601505905389786,,,,,0.020392267033457756,-0.0072904410772025585,0.03382497280836105,0.026005232706665993,0.03028463013470173,0.049233030527830124,0.02484949305653572,,,-0.009971524588763714,0.029793865978717804,0.02173461765050888,,0.010893088765442371,0.024913229048252106,0.044958725571632385,0.021548006683588028,0.049233030527830124,0.016179261729121208,0.010772544890642166,0.0044577643275260925,-0.035346537828445435,-0.019371239468455315,-0.03639689087867737,,,,,,0.016694124788045883,-0.011847540736198425,,0.02437434531748295,,0.006825523916631937,0.025082023814320564,0.004698886536061764,0.023345788940787315,,-0.0009953812696039677,0.027481693774461746
2013-06-01,0.017372675240039825,-0.01948300190269947,0.021006042137742043,0.02106545865535736,0.023525500670075417,0.06187819689512253,0.02584707923233509,0.013385013677179813,0.025479668751358986,0.022022495046257973,0.026571374386548996,,,,,0.024235915392637253,0.02584707923233509,0.06263148039579391,0.022826695814728737,0.0359475277364254,0.015806149691343307,0.016170622780919075,,,0.0381612554192543,0.013746749609708786,0.006717950105667114,,0.0075117661617696285,0.04397840052843094,0.019957778975367546,0.03494879975914955,0.05532868206501007,0.01140115037560463,0.007445655297487974,0.0061865923926234245,0.024062959477305412,-0.009857391938567162,0.051448117941617966,,,,,,0.01958954893052578,0.027411160990595818,,0.023046506568789482,,0.009123681113123894,0.022098643705248833,0.017780618742108345,0.03738456964492798,,0.07439287006855011,0.017016762867569923
2013-09-01,0.005104774609208107,0.015978876501321793,0.017513064667582512,0.01958654634654522,0.019081905484199524,0.07896352559328079,0.014134498313069344,0.0026429297868162394,0.015978876501321793,0.01783924177289009,0.007177580613642931,,,,,0.014833002351224422,0.01609950326383114,0.05264692008495331,0.03132524713873863,0.013427774421870708,0.016626892611384392,0.012073973193764687,,,0.011467237025499344,-0.0006645830580964684,0.0002837484935298562,,0.014102736487984657,0.013018479570746422,0.005104774609208107,0.025397565215826035,0.044190991669893265,0.005104774609208107,0.01541280746459961,0.008487713523209095,0.02078186720609665,0.008589530363678932,-0.03846943750977516,,,,,,0.02583317644894123,0.017743518576025963,,0.01764860190451145,,-0.06638631224632263,0.022511696442961693,0.037320658564567566,0.039882976561784744,,0.0644439086318016,0.015440265648066998
2013-12-01,0.01095414999872446,-0.03675451502203941,0.01883346401154995,0.031041577458381653,0.01883346401154995,0.047875337302684784,0.026522060856223106,0.01283289771527052,0.01283289771527052,-0.004798106383532286,-0.02521997131407261,,,,,0.020231636241078377,0.025574952363967896,0.047719597816467285,0.04863835498690605,0.01977282017469406,0.026522060856223106,0.018352888524532318,,,0.02348424308001995,-0.0027858514804393053,0.01283289771527052,,0.02224389649927616,0.019776329398155212,0.01095414999872446,0.0301374364644289,0.025680165737867355,0.01095414999872446,0.020231636241078377,0.01283289771527052,0.02224389649927616,0.016520334407687187,-0.06634938716888428,,,,,,0.006637779995799065,0.022190893068909645,,0.02224389649927616,,0.005716824438422918,0.02224389649927616,0.038053739815950394,0.04388078674674034,,0.09233750402927399,0.020231636241078377
2014-03-01,0.0051878937520086765,0.0052283457480371,0.023949261754751205,0.02534886822104454,0.027807312086224556,0.03749025985598564,0.025578096508979797,0.012626240029931068,0.01182284764945507,0.0059827459044754505,0.01974974013864994,,,,,0.012626240029931068,0.007616330403834581,0.0158721674233675,0.06671236455440521,0.026273362338542938,0.02534886822104454,0.0059912861324846745,,,0.022925706580281258,0.03565950691699982,0.004999874159693718,,0.026503073051571846,0.040727291256189346,0.0051878937520086765,0.02886204421520233,0.055896881967782974,0.0051878937520086765,0.015613552182912827,0.013451679609715939,0.024319235235452652,0.018875472247600555,0.039259642362594604,,,,,,0.035229139029979706,0.02297019399702549,,0.021201524883508682,,0.021601827815175056,0.02200491912662983,0.03818753361701965,0.028256868943572044,,-0.03422856330871582,0.015369962900876999
2014-06-01,0.012501301243901253,-0.004275144077837467,0.02786923572421074,0.0314142145216465,0.02797195315361023,0.01602899096906185,0.023929402232170105,0.012604020535945892,0.012501301243901253,0.02680465392768383,-0.011569894850254059,,,,,0.012604020535945892,0.0264753308147192,0.05064181983470917,0.030076589435338974,0.03214547410607338,0.02786923572421074,0.012604020535945892,,,0.02432146482169628,0.03412196785211563,0.0009188324329443276,,0.020967606455087662,0.02432146482169628,0.012501301243901253,0.033208344131708145,-0.037252556532621384,0.012501301243901253,0.02680465392768383,0.012965170666575432,0.02888559363782406,0.03286079317331314,-0.0346912257373333,,,,,,0.021741898730397224,0.005347023252397776,,0.02690737135708332,,0.02595970593392849,0.029600635170936584,-0.009828814305365086,0.02840290777385235,,0.11457741260528564,0.025595560669898987
2014-09-01,0.01366825308650732,0.007487559225410223,0.025600522756576538,0.025600522756576538,0.026182513684034348,0.04045967757701874,0.025600522756576538,0.01366825308650732,0.01366825308650732,0.025600522756576538,0.01366825308650732,,,,,0.014250241219997406,0.025600522756576538,0.027666734531521797,0.037278544157743454,0.03117932565510273,0.025600522756576538,0.014250241219997406,,,0.025600522756576538,0.025600522756576538,-0.020257659256458282,,0.026182513684034348,0.025600522756576538,0.01366825308650732,0.025600522756576538,-0.01605263166129589,0.01366825308650732,0.025600522756576538,0.014250241219997406,0.025600522756576538,0.03117932565510273,0.005378605332225561,,,,,,0.030506256967782974,0.025600522756576538,,0.026182513684034348,,0.025018300861120224,0.026182513684034348,0.02597207762300968,0.025018300861120224,,0.005378605332225561,0.014039806090295315
2014-12-01,0.020341815426945686,0.022253546863794327,0.0270362738519907,0.027183350175619125,0.022109761834144592,-0.0031557511538267136,0.018269000574946404,0.022474614903330803,0.018579116091132164,0.0270362738519907,0.024612419307231903,,,,0.03096483275294304,0.023247001692652702,0.02686210535466671,0.024982618167996407,0.049562107771635056,0.03818821161985397,0.026385487988591194,0.024612419307231903,,,0.027064690366387367,0.028059838339686394,-0.07095974683761597,,0.025446096435189247,0.0270362738519907,0.018579116091132164,0.035533081740140915,-0.09362728893756866,0.019602680578827858,0.030880417674779892,-0.08432810753583908,0.029566355049610138,0.027798548340797424,0.05068250000476837,,,,,,0.017974955961108208,0.008320635184645653,,0.028260407969355583,,0.019976597279310226,0.031734269112348557,0.04353093355894089,0.023244382813572884,,0.052750397473573685,0.024864906445145607
2015-03-01,0.0210831630975008,0.02448488213121891,0.024666976183652878,0.036815982311964035,0.026899829506874084,0.14325614273548126,0.03893069177865982,0.03403500095009804,0.0210831630975008,0.024666976183652878,0.032276641577482224,,,,0.03190033510327339,0.03340790793299675,0.02703024446964264,0.053909074515104294,0.056803733110427856,0.05330042913556099,0.019894134253263474,-0.046666476875543594,,,0.024666976183652878,0.03893069177865982,-0.007751061115413904,,0.026473848149180412,0.041293978691101074,0.0210831630975008,0.032300934195518494,0.05107564106583595,0.0210831630975008,0.026899829506874084,0.03374008461833,0.020034369081258774,0.03893069177865982,0.04523656517267227,,,,,,0.016241734847426414,0.019366661086678505,,0.03893069177865982,,0.02092343010008335,0.029119661077857018,0.06657330691814423,0.030094094574451447,,0.03040839545428753,0.04572916775941849
2015-06-01,0.01563596911728382,0.032455313950777054,0.023321213200688362,0.023321213200688362,0.023321213200688362,0.05991677567362785,0.026475928723812103,0.023880664259195328,0.02282327227294445,0.023321213200688362,0.029652277007699013,,,,0.031088028103113174,0.029763562604784966,0.023321213200688362,0.03632129728794098,0.03355015441775322,0.029407091438770294,0.02712411619722843,0.024350250139832497,,,0.02150382660329342,-0.057746052742004395,-0.016126414760947227,,0.02146722376346588,0.023321213200688362,0.024350250139832497,0.03623794764280319,0.05801047384738922,0.024350250139832497,0.02484819106757641,-0.007230207324028015,0.023321213200688362,0.028002904728055,0.1756366342306137,,,,,,0.014403958804905415,0.006886640097945929,,0.026475928723812103,,0.015788719058036804,0.03167719393968582,0.0612250417470932,0.019542984664440155,,0.09220584481954575,0.03682216629385948
2015-09-01,0.02555069513618946,0.03328493982553482,0.02555069513618946,0.02555069513618946,0.02555069513618946,0.010376064106822014,0.02555069513618946,0.031428270041942596,0.02555069513618946,0.02555069513618946,0.031428270041942596,,,,0.027664892375469208,0.03328493982553482,0.02555069513618946,0.03902706876397133,0.01763172261416912,0.031694766134023666,0.02555069513618946,0.02555069513618946,,,0.015552176162600517,0.02555069513618946,-0.04653198644518852,,0.013483572751283646,,0.02555069513618946,0.035159721970558167,0.017649581655859947,0.02555069513618946,0.02555069513618946,-0.05009651556611061,0.02555069513618946,0.027951059862971306,0.06567960232496262,,,,,,0.023519078269600868,0.02555069513618946,,0.02555069513618946,,0.022555921226739883,0.03328493982553482,0.03786258026957512,0.020916366949677467,,0.05748302489519119,0.03786258026957512
2015-12-01,0.022414054721593857,0.027133343741297722,0.022414054721593857,0.022414054721593857,0.022414054721593857,-0.04613484442234039,0.022414054721593857,0.028969094157218933,0.022414054721593857,0.022414054721593857,0.028969094157218933,,,,0.027873670682311058,0.02928769774734974,0.0038377828896045685,0.030042018741369247,0.02864607237279415,0.03774077445268631,0.0211139228194952,0.022414054721593857,,,0.022414054721593857,0.022414054721593857,-0.0679563358426094,,0.02691175416111946,,0.022414054721593857,0.026600336655974388,0.03363633528351784,0.022414054721593857,0.022414054721593857,-0.08176498115062714,0.022414054721593857,0.022414054721593857,0.01460242085158825,,,,,,0.009819505736231804,0.015793228521943092,,0.022414054721593857,,0.01773967407643795,0.028969094157218933,0.028969094157218933,0.011255951598286629,,0.01460242085158825,0.02928769774734974
2016-03-01,0.021054286509752274,0.022405346855521202,0.020473437383770943,0.021461883559823036,0.021305959671735764,0.008966420777142048,0.021305959671735764,0.022986195981502533,0.020473437383770943,0.020473437383770943,0.022405346855521202,,,,0.15062382817268372,0.020473437383770943,0.021210210397839546,0.036764927208423615,0.007888196036219597,0.024094315245747566,0.03615456447005272,0.020473437383770943,,,0.021054286509752274,0.022476496174931526,,,0.02361627109348774,,0.021054286509752274,0.029250893741846085,0.00463168416172266,0.021054286509752274,0.021305959671735764,0.02065678872168064,0.020473437383770943,0.02113434672355652,-0.022353248670697212,,,,,,0.018819469958543777,0.011357625015079975,,0.021305959671735764,,0.025163207203149796,0.022405346855521202,0.021305959671735764,0.014550607651472092,,-0.022353248670697212,0.023237869143486023
2016-06-01,0.02059684321284294,0.0240014735609293,0.020111916586756706,0.014122975058853626,0.02293989062309265,0.021197792142629623,0.02680961787700653,0.02016022615134716,0.020111916586756706,0.020111916586756706,0.023944679647684097,,,,0.0763428807258606,0.021116705611348152,0.02293989062309265,0.02821846678853035,0.021742887794971466,0.024966593831777573,0.03686704859137535,0.020111916586756706,,,0.021553322672843933,0.02680961787700653,,,0.023944679647684097,,0.02198341116309166,0.019808387383818626,0.03686704859137535,0.021553322672843933,0.02247581258416176,0.039259087294340134,0.011821849271655083,0.026423081755638123,-0.0023823075462132692,,,,,,0.02288573421537876,0.015291874296963215,,0.023961804807186127,,0.016806723549962044,0.019630713388323784,0.027881192043423653,0.02169143036007881,,0.09721709787845612,0.023480601608753204
2016-09-01,0.02070004865527153,0.025021633133292198,0.02070004865527153,0.025021633133292198,0.02070004865527153,0.030513053759932518,0.02070004865527153,0.025021633133292198,0.02070004865527153,0.02070004865527153,0.025021633133292198,,,,0.007618498522788286,0.025021633133292198,0.02070004865527153,0.025021633133292198,0.019301604479551315,0.025021633133292198,0.02070004865527153,0.025021633133292198,,,0.02070004865527153,0.02070004865527153,,,0.02070004865527153,,,0.025286328047513962,0.02070004865527153,0.02070004865527153,0.02070004865527153,0.019301604479551315,0.02070004865527153,0.02070004865527153,0.03670711815357208,,,,,,0.019301604479551315,0.02070004865527153,,0.025021633133292198,,0.019301604479551315,0.025021633133292198,0.025021633133292198,0.01696045510470867,,0.019878696650266647,0.025021633133292198
2016-12-01,0.02071198634803295,0.01951557956635952,0.014122413471341133,0.014122413471341133,0.014122413471341133,-0.034896109253168106,0.014122413471341133,0.02071198634803295,0.014122413471341133,0.014122413471341133,0.02071198634803295,,,,0.019991254433989525,0.02071198634803295,0.02071198634803295,0.02628217823803425,0.01156978402286768,0.020342791453003883,0.0235437098890543,0.012926001101732254,,,0.014122413471341133,0.014122413471341133,,,0.013753220438957214,,,0.03284665569663048,0.02512398734688759,0.014122413471341133,0.014122413471341133,-0.006890535354614258,0.014122413471341133,0.012926001101732254,-0.034896109253168106,,,,,,0.01156978402286768,0.010749864391982555,,0.02071198634803295,,0.010652214288711548,0.02071198634803295,0.024082301184535027,0.013352559879422188,,-0.034896109253168106,0.02071198634803295
2017-03-01,0.015149202197790146,0.016836825758218765,0.015149202197790146,0.016117040067911148,0.015149202197790146,0.040010545402765274,0.015149202197790146,0.017278026789426804,0.015149202197790146,0.015149202197790146,0.015149202197790146,,,,0.017959976568818092,0.003312139306217432,0.015149202197790146,0.008043922483921051,0.010681952349841595,0.016030430793762207,0.02106589265167713,0.019334249198436737,,,0.015149202197790146,0.015149202197790146,,,0.01637599803507328,,,0.017702825367450714,0.03232620283961296,0.015149202197790146,0.015149202197790146,0.003960934467613697,0.018858881667256355,0.015149202197790146,0.027982257306575775,,,,,,0.007791935931891203,0.015149202197790146,,0.019334249198436737,,0.007791935931891203,0.018858881667256355,0.02116876095533371,0.007594934199005365,,0.03702020272612572,0.018858881667256355
2017-06-01,0.018184274435043335,0.018184274435043335,0.014478670433163643,0.015324459411203861,0.014478670433163643,-0.044900327920913696,0.014478670433163643,0.0009781005792319775,0.014478670433163643,0.014478670433163643,0.014478670433163643,,,,0.002366264583542943,0.014478670433163643,0.014478670433163643,0.013675680384039879,0.010242663323879242,0.018184274435043335,0.015558268874883652,0.014478670433163643,,,-0.07103630900382996,0.011897972784936428,,,0.018184274435043335,,,0.032951291650533676,0.02436252124607563,0.014478670433163643,0.014478670433163643,0.00035296595888212323,0.018184274435043335,0.014478670433163643,-0.0017065186984837055,,,,,,0.006265978794544935,0.005799283739179373,,0.014478670433163643,,0.009514551609754562,0.018184274435043335,0.021929902955889702,0.005799283739179373,,0.019112255424261093,0.018184274435043335
2017-09-01,0.01639723964035511,0.01639723964035511,0.01639723964035511,0.01639723964035511,0.01639723964035511,0.03901544585824013,0.01639723964035511,0.009145960211753845,0.01639723964035511,0.01639723964035511,0.01639723964035511,,,,0.011961124837398529,0.01639723964035511,0.01639723964035511,0.018290596082806587,0.018290596082806587,0.01639723964035511,0.016985703259706497,0.01639723964035511,,,-0.006449516862630844,0.01639723964035511,,,0.01639723964035511,,,0.02681763470172882,0.018867600709199905,0.01639723964035511,0.01639723964035511,0.006342929322272539,0.01639723964035511,0.01639723964035511,-0.0026345932856202126,,,,,,0.01639723964035511,0.01639723964035511,,0.01639723964035511,,0.012114563025534153,0.01639723964035511,0.021161329001188278,0.012114563025534153,,-0.005962170194834471,0.01639723964035511
2017-12-01,0.01741352304816246,0.016096357256174088,0.01741352304816246,0.01741352304816246,0.01741352304816246,0.01667690835893154,0.01741352304816246,-0.004469501320272684,0.01741352304816246,0.01741352304816246,0.01741352304816246,,,,0.011395006440579891,0.01741352304816246,0.01741352304816246,0.018849043175578117,0.018893586471676826,0.01741352304816246,0.018846794962882996,0.01741352304816246,,,0.01741352304816246,0.01741352304816246,,,0.01741352304816246,,,0.02935468778014183,0.02175198122859001,0.01741352304816246,0.01741352304816246,0.008153555914759636,0.01741352304816246,0.01741352304816246,0.018130045384168625,,,,,,0.01741352304816246,0.011443194933235645,,0.01741352304816246,,0.011395006440579891,0.01741352304816246,0.02043481543660164,0.018846794962882996,,0.018130045384168625,0.01741352304816246
2018-03-01,0.014787056483328342,0.012009277939796448,0.012009277939796448,0.016406740993261337,0.012009277939796448,0.02527862973511219,0.012009277939796448,0.012009277939796448,0.014787056483328342,0.012009277939796448,0.012009277939796448,,,,0.009812329895794392,0.012009277939796448,0.014787056483328342,0.022895365953445435,0.017812008038163185,0.014787056483328342,0.012009277939796448,0.014787056483328342,,,0.014787056483328342,0.014787056483328342,,,0.014787056483328342,,,0.022895365953445435,0.022895365953445435,0.014787056483328342,0.014787056483328342,0.014787056483328342,0.012009277939796448,0.014787056483328342,0.06146225705742836,,,,,,0.014787056483328342,0.014787056483328342,,0.014787056483328342,,0.012009277939796448,0.014787056483328342,0.014787056483328342,0.022895365953445435,0.027338573709130287,0.008629197254776955,0.014787056483328342
2018-06-01,-0.0044575161300599575,0.012791869230568409,0.012791869230568409,0.012791869230568409,0.012791869230568409,0.03712233155965805,0.012791869230568409,0.0065256040543317795,0.012791869230568409,0.013615483418107033,0.012791869230568409,,,,0.0004181445692665875,0.013615483418107033,0.013615483418107033,0.01678348332643509,0.012791869230568409,0.012791869230568409,0.017140895128250122,0.012791869230568409,,,0.004921110812574625,0.013615483418107033,,,0.012791869230568409,,,0.024540456011891365,0.014033704064786434,0.013615483418107033,0.013615483418107033,-0.0044575161300599575,0.012791869230568409,0.013615483418107033,-0.004169071558862925,,,,,,0.013615483418107033,-0.0007609539898112416,,0.012791869230568409,,0.014145703986287117,0.013615483418107033,0.01678348332643509,0.018948426470160484,-0.0027521622832864523,0.12500955164432526,0.013615483418107033
2018-09-01,0.01145774032920599,0.01145774032920599,0.01145774032920599,0.01418394222855568,0.01145774032920599,0.0403885543346405,0.01145774032920599,0.00018535464187152684,0.01145774032920599,0.01145774032920599,0.01145774032920599,,,,0.04000905156135559,0.01145774032920599,0.01145774032920599,0.014800052158534527,0.01418394222855568,0.01145774032920599,0.014800052158534527,0.01145774032920599,,,-0.002983483485877514,0.01145774032920599,,,0.01145774032920599,,,0.014800052158534527,0.01418394222855568,0.01145774032920599,0.01145774032920599,0.02688204124569893,0.01145774032920599,0.01145774032920599,0.015247901901602745,,,,,,0.01145774032920599,0.0111636808142066,,0.01145774032920599,,0.01418394222855568,0.01145774032920599,0.01145774032920599,0.01418394222855568,0.013049894012510777,-0.0034236463252454996,0.01145774032920599
2018-12-01,0.011430103331804276,0.011430103331804276,0.011430103331804276,0.009162869304418564,0.011430103331804276,0.034589868038892746,0.011430103331804276,0.005714911501854658,0.011430103331804276,0.011430103331804276,0.009162869304418564,,,,0.025668872520327568,0.011430103331804276,0.011430103331804276,0.012189383618533611,0.0099221495911479,0.011430103331804276,0.012189383618533611,0.011430103331804276,,,0.0041585443541407585,0.011430103331804276,,,0.011430103331804276,,,0.025668872520327568,0.012189383618533611,0.011430103331804276,0.011430103331804276,0.01650843396782875,0.011430103331804276,0.011430103331804276,0.011392377316951752,,,,,,,0.0041585443541407585,,0.011430103331804276,,0.0099221495911479,0.011430103331804276,0.009162869304418564,0.012189383618533611,0.0041585443541407585,0.015072471462190151,0.011430103331804276
2019-03-01,-0.032698363065719604,-0.007968028075993061,0.013366399332880974,0.013366399332880974,0.013366399332880974,0.021991537883877754,0.013366399332880974,0.016694722697138786,0.013366399332880974,0.013366399332880974,0.013366399332880974,,,,-0.005872038193047047,0.014426308684051037,0.0169228482991457,0.025279639288783073,0.020821169018745422,0.010940911248326302,0.004258965607732534,0.013366399332880974,,,0.00016221439000219107,0.013366399332880974,,,0.013366399332880974,,,0.03779478371143341,0.019555728882551193,0.011653900146484375,0.013366399332880974,0.009793512523174286,0.013366399332880974,0.019555728882551193,0.035998910665512085,,,,,,,0.019555728882551193,,0.014426308684051037,,0.019555728882551193,0.013366399332880974,0.013764044269919395,0.016677552834153175,0.031128665432333946,0.013969212770462036,0.013366399332880974
2019-06-01,0.011100700125098228,0.011100700125098228,0.011100700125098228,0.011100700125098228,0.011100700125098228,0.045114994049072266,0.011100700125098228,0.011100700125098228,0.011100700125098228,0.011100700125098228,0.011100700125098228,,,,-0.01113115530461073,0.011100700125098228,0.011100700125098228,0.015290174633264542,0.014021193608641624,0.011100700125098228,0.016264162957668304,0.011100700125098228,,,0.006609595380723476,0.011100700125098228,,,0.011100700125098228,,,0.04404114559292793,0.01521537359803915,0.011100700125098228,0.011100700125098228,-0.014023292809724808,0.011100700125098228,0.011100700125098228,-0.00024749006843194366,0.011100700125098228,,,,,,0.006609595380723476,,0.011100700125098228,,0.01521537359803915,0.011100700125098228,0.011100700125098228,0.019854428246617317,0.006609595380723476,0.0028789201751351357,0.011100700125098228
2019-09-01,0.01326051540672779,0.011174512095749378,0.011174512095749378,0.011174512095749378,,0.0021219549234956503,0.011174512095749378,0.011126860044896603,0.011174512095749378,0.011174512095749378,0.011174512095749378,,,,0.04463324695825577,0.011174512095749378,0.011174512095749378,0.01232872810214758,0.011174512095749378,0.011174512095749378,0.01109930407255888,0.011174512095749378,,,0.012231486849486828,0.011174512095749378,,,0.011174512095749378,,,0.011226759292185307,0.01109930407255888,0.011174512095749378,0.011174512095749378,0.01326051540672779,0.011174512095749378,0.01109930407255888,0.012558254413306713,0.011174512095749378,0.01232872810214758,,,,,0.012763360515236855,,0.011174512095749378,,0.010441876016557217,0.011174512095749378,0.011174512095749378,0.01109930407255888,0.01878000795841217,0.02101297117769718,0.011174512095749378
2019-12-01,0.015255710110068321,0.018230751156806946,0.018230751156806946,0.018230751156806946,,0.02792651578783989,0.018230751156806946,0.018230751156806946,0.018230751156806946,0.018230751156806946,0.018230751156806946,,,,0.038201380521059036,0.018230751156806946,0.018230751156806946,0.02008662559092045,0.01907319948077202,0.018230751156806946,-0.00390823557972908,0.018230751156806946,,,0.014490027911961079,0.018230751156806946,,,0.018230751156806946,,,0.05117305740714073,0.04939410462975502,0.018230751156806946,0.018230751156806946,-0.005423332564532757,0.018230751156806946,0.01907319948077202,0.028871377930045128,0.018230751156806946,0.044123273342847824,,,,,0.038201380521059036,,0.018230751156806946,,0.043110594153404236,0.018230751156806946,0.018230751156806946,0.03922272473573685,0.018560638651251793,-0.0016313263913616538,0.018230751156806946
2020-03-01,0.02342512458562851,0.022394325584173203,0.0229838564991951,0.0229838564991951,,0.02760533057153225,0.0229838564991951,0.022394325584173203,0.0229838564991951,0.0229838564991951,0.012411213479936123,,,,0.025896243751049042,0.0229838564991951,0.0229838564991951,0.021356850862503052,0.0229838564991951,0.0229838564991951,0.04896434023976326,0.0229838564991951,,,0.0229838564991951,0.0229838564991951,,,0.0229838564991951,,,0.02760533057153225,-0.009710554033517838,0.02342512458562851,0.0229838564991951,0.02342512458562851,0.0229838564991951,0.022394325584173203,0.004144576843827963,0.019594339653849602,0.019594339653849602,,,,,0.025896243751049042,,0.0229838564991951,,-0.010005536489188671,0.0229838564991951,0.0229838564991951,0.02760533057153225,0.019092168658971786,0.045722365379333496,0.0229838564991951
2020-06-01,0.027496855705976486,0.0254855714738369,0.027496855705976486,0.025823086500167847,,0.04428188130259514,0.007517009042203426,0.029787130653858185,0.023280255496501923,0.027496855705976486,0.02474159561097622,,,,0.09054410457611084,0.024016454815864563,0.019850514829158783,0.03326999396085739,0.013669132255017757,0.023102564737200737,0.00229376507923007,0.024016454815864563,,,0.029204607009887695,0.026583196595311165,,,0.02091359533369541,,,0.019449658691883087,0.02070612832903862,0.023280255496501923,0.0357232540845871,0.02091359533369541,0.024016454815864563,0.0294339656829834,,0.019850514829158783,0.05084514990448952,,,,,0.06172235310077667,,0.02565700374543667,,-0.0005021721590310335,0.027496855705976486,0.03332730755209923,0.051157716661691666,0.04790346696972847,0.05855783820152283,0.01979389414191246
2020-09-01,0.01988350600004196,0.019108019769191742,0.021095143631100655,0.019108019769191742,,0.026824425905942917,0.021095143631100655,0.016916273161768913,0.018913356587290764,0.021095143631100655,0.016916273161768913,,,,0.030558697879314423,0.020900480449199677,0.019108019769191742,0.019620653241872787,0.018913356587290764,0.018913356587290764,0.00855720043182373,0.019108019769191742,,,0.00022449919197242707,0.021095143631100655,,,0.020900480449199677,,,0.019620653241872787,0.020385978743433952,0.01988350600004196,0.020900480449199677,0.020900480449199677,0.021095143631100655,0.021095143631100655,,0.018287289887666702,0.020385978743433952,0.01975991204380989,,,,0.019108019769191742,,0.020900480449199677,,0.019108019769191742,0.021095143631100655,0.020385978743433952,0.019620653241872787,0.02224920503795147,0.04330470412969589,0.018913356587290764
2020-12-01,0.008165466599166393,0.010065081529319286,0.012847521342337132,0.010418763384222984,,0.010418763384222984,0.012847521342337132,0.010065081529319286,0.010065081529319286,0.012847521342337132,0.010492186062037945,,,,0.03511496260762215,0.012847521342337132,0.009895999915897846,0.012297118082642555,0.00922196451574564,0.010492186062037945,0.0048677087761461735,0.012847521342337132,,,0.016450300812721252,0.019623206928372383,,,0.012847521342337132,,,0.010492186062037945,0.0116535359993577,0.019623206928372383,0.012847521342337132,0.001749127870425582,0.012847521342337132,0.009991658851504326,,0.010492186062037945,0.010492186062037945,0.010492186062037945,,,,0.010418763384222984,,0.012847521342337132,,0.010418763384222984,0.012847521342337132,0.010492186062037945,0.010492186062037945,0.009007272310554981,0.016031915321946144,0.012847521342337132
2021-03-01,0.019582552835345268,0.01050641667097807,0.012801704928278923,0.012828340753912926,,-0.010867981240153313,0.012801704928278923,0.01151575893163681,0.01151575893163681,0.012767747044563293,0.01050641667097807,,,,0.006843604613095522,0.012828340753912926,-0.010625439696013927,0.013501232489943504,0.009689985774457455,0.01278637908399105,-0.016802245751023293,0.012828340753912926,,,0.0019981993827968836,0.012158386409282684,,,0.012828340753912926,,,0.01050641667097807,0.0007502537337131798,0.012158386409282684,0.012801704928278923,0.012158386409282684,0.012828340753912926,0.010515089146792889,,0.012848276644945145,0.01050641667097807,0.008066943846642971,,,,0.010515089146792889,,0.012828340753912926,,0.016856662929058075,0.012828340753912926,0.010347331874072552,0.022830333560705185,-0.01734454557299614,0.006312072742730379,0.012848276644945145
2021-06-01,-0.00759437819942832,0.00016086389950942248,0.001274656504392624,-0.002171749947592616,,-0.000716725888196379,0.002622151281684637,0.0018402345012873411,-0.017859265208244324,-0.000168206897797063,-0.000716725888196379,,,,-0.007895354181528091,-0.009970800951123238,-0.00201445072889328,0.0021006385795772076,-0.004409243352711201,0.0021006385795772076,-0.010562979616224766,0.0010841598268598318,,,-0.00201445072889328,-0.028518689796328545,,,0.0005335642490535975,,,0.0020257621072232723,-0.00201445072889328,-0.036973848938941956,4.0707796870265156e-05,-0.025058144703507423,0.0006667533307336271,-0.00201445072889328,,0.004996080417186022,-0.0012541888281702995,0.0020257621072232723,,,,-0.002731163753196597,,4.0707796870265156e-05,,0.0015436416724696755,-0.0001497891207691282,-0.0011292913695797324,0.004709739703685045,-0.013167096301913261,0.034318603575229645,0.00255224434658885
2021-09-01,0.004688645713031292,0.008888857439160347,-0.005601214244961739,0.009621490724384785,,0.010228808969259262,0.009822402149438858,0.008888857439160347,0.008888857439160347,0.008888857439160347,0.008888857439160347,,,,-0.03634794428944588,0.008888857439160347,0.009822402149438858,0.009822402149438858,0.008888857439160347,0.009822402149438858,0.010228808969259262,0.008888857439160347,,,0.009822402149438858,-0.011248941533267498,,,0.008888857439160347,,,0.009295264258980751,0.010228808969259262,-0.008551028557121754,0.009822402149438858,0.004688645713031292,0.008888857439160347,0.009822402149438858,,0.009822402149438858,0.009822402149438858,0.00310358009301126,,,,0.010228808969259262,,0.009822402149438858,,0.010228808969259262,0.009621490724384785,0.009822402149438858,0.009822402149438858,-0.019638780504465103,0.0009558856836520135,0.009822402149438858
2021-12-01,0.007655985653400421,0.009529811330139637,0.009529811330139637,0.009529811330139637,,0.010734803974628448,0.009529811330139637,0.009529811330139637,0.009529811330139637,0.009529811330139637,,,,,-0.00012559298193082213,0.009529811330139637,0.009529811330139637,0.009529811330139637,0.006652639713138342,0.009529811330139637,0.008999691344797611,0.009529811330139637,,,0.008999691344797611,0.020452994853258133,,,0.009529811330139637,,,0.009529811330139637,-0.00012559298193082213,-0.011343004181981087,0.009529811330139637,0.020452994853258133,-0.04618029668927193,0.009529811330139637,,0.009529811330139637,0.009529811330139637,0.017129473388195038,0.014572353102266788,,,0.008999691344797611,,0.009529811330139637,,0.009529811330139637,0.009529811330139637,0.006652639713138342,0.009529811330139637,0.015011084266006947,0.0036334306932985783,0.009529811330139637
2022-03-01,0.011677127331495285,0.011618521995842457,0.011677127331495285,0.011618521995842457,,0.011618521995842457,0.007027069106698036,0.011618521995842457,0.011677127331495285,0.011618521995842457,,,,,-0.002715317066758871,0.011618521995842457,0.011618521995842457,0.010751876048743725,0.007027069106698036,0.011618521995842457,0.025314820930361748,0.011618521995842457,,,0.011618521995842457,-0.009343989193439484,,,-0.044370558112859726,,,0.010751876048743725,0.02203252539038658,0.011677127331495285,0.011618521995842457,0.011677127331495285,-0.044370558112859726,0.011618521995842457,,0.011618521995842457,0.011618521995842457,0.007787120062857866,0.02146891877055168,,,0.011618521995842457,,0.011618521995842457,,0.011618521995842457,0.011618521995842457,0.011618521995842457,0.011618521995842457,-0.017409006133675575,0.004980878438800573,0.011618521995842457
2022-06-01,0.005973557010293007,0.013254933059215546,0.013254933059215546,0.013254933059215546,,0.013254933059215546,0.013254933059215546,0.013254933059215546,0.013254933059215546,0.013254933059215546,,,,,0.009539887309074402,0.013254933059215546,0.013254933059215546,0.013254933059215546,0.013254933059215546,0.013254933059215546,0.013254933059215546,0.013254933059215546,,,0.013254933059215546,0.005973557010293007,,,0.013254933059215546,,,0.013254933059215546,0.013254933059215546,0.005973557010293007,0.013254933059215546,0.005973557010293007,-0.015832610428333282,0.013254933059215546,,0.013254933059215546,0.013254933059215546,0.013254933059215546,0.024658294394612312,,,0.013254933059215546,,0.013254933059215546,,0.013254933059215546,0.013254933059215546,0.013254933059215546,0.013254933059215546,-0.00817128736525774,,0.013254933059215546
2022-09-01,0.012483300641179085,0.014935811050236225,0.014935811050236225,0.010364394634962082,,0.014906446449458599,0.014536323957145214,0.014935811050236225,0.014935811050236225,0.014935811050236225,,,,,0.0043530394323170185,0.014935811050236225,0.014536323957145214,0.014536323957145214,0.014935811050236225,0.024707375094294548,0.02320421300828457,0.014935811050236225,,,0.014935811050236225,0.007274686824530363,,,0.014935811050236225,,,0.014536323957145214,0.0043530394323170185,0.012483300641179085,0.014536323957145214,0.012483300641179085,0.014935811050236225,0.012261210940778255,,0.014536323957145214,0.014536323957145214,-0.022845232859253883,0.021986687555909157,,,0.014935811050236225,,0.014536323957145214,,0.014536323957145214,0.014536323957145214,0.014536323957145214,0.022506151348352432,-0.02610790729522705,,0.014536323957145214
2022-12-01,0.020730143412947655,0.024609291926026344,0.022073810920119286,0.022073810920119286,,0.021757271140813828,0.022073810920119286,0.017383838072419167,0.022073810920119286,0.021940957754850388,,,,,0.036703288555145264,0.021315228193998337,0.022073810920119286,0.024609291926026344,0.024609291926026344,0.024609291926026344,0.022073810920119286,0.021940957754850388,,,0.022073810920119286,0.022073810920119286,,,0.021940957754850388,,,0.024609291926026344,0.04280855506658554,-0.004550963640213013,0.022073810920119286,0.020730143412947655,-0.004242210648953915,0.021940957754850388,,0.021940957754850388,0.017567524686455727,0.021713659167289734,0.03336454927921295,,,0.022073810920119286,,0.020730143412947655,,0.019490685313940048,0.024609291926026344,0.024609291926026344,0.04411087930202484,-0.019657323136925697,,0.027281098067760468
2023-03-01,0.01977117918431759,0.022205503657460213,0.019850868731737137,0.019850868731737137,,0.019850868731737137,0.019850868731737137,0.022205503657460213,0.019850868731737137,0.019850868731737137,,,,,0.008628198876976967,0.022374380379915237,0.019850868731737137,0.022205503657460213,0.022205503657460213,0.01977117918431759,0.015634551644325256,0.019850868731737137,,,0.019850868731737137,0.019850868731737137,,,0.01977117918431759,,,0.022205503657460213,0.04437243565917015,0.017546631395816803,0.019850868731737137,0.01977117918431759,0.01977117918431759,0.019850868731737137,,0.022205503657460213,0.017546631395816803,0.0090396199375391,0.027545372024178505,,,0.019850868731737137,,0.01977117918431759,,0.017546631395816803,0.019850868731737137,0.022205503657460213,0.04437243565917015,0.01208171620965004,,-0.0001404860377078876
2023-06-01,0.017934836447238922,0.020230529829859734,0.017945440486073494,0.017801063135266304,,0.02721947431564331,0.017945440486073494,0.020230529829859734,0.017945440486073494,0.017945440486073494,,,,,0.04981156811118126,0.017945440486073494,0.020230529829859734,0.020230529829859734,0.020230529829859734,0.0180660430341959,0.017945440486073494,0.0180660430341959,,,0.017945440486073494,0.017814233899116516,,,0.0180660430341959,,,0.020230529829859734,0.033649373799562454,0.017814233899116516,0.017945440486073494,0.017934836447238922,0.00840257853269577,0.022285398095846176,,0.020230529829859734,0.009598738513886929,0.017945440486073494,-0.012207677587866783,,,0.017945440486073494,,0.0180660430341959,,0.008762176148593426,0.017945440486073494,0.020230529829859734,-0.010869329795241356,-0.022037141025066376,,0.016880493611097336
2023-09-01,0.013261227868497372,0.016208229586482048,0.013261227868497372,0.013310885988175869,,0.014372452162206173,0.014372452162206173,0.016208229586482048,0.013261227868497372,0.014372452162206173,,,,,0.014372452162206173,0.009501862339675426,0.016208229586482048,0.00761939212679863,0.016208229586482048,0.012019648216664791,0.014372452162206173,0.013261227868497372,,,0.009797108359634876,0.013261227868497372,,,0.012019648216664791,,,0.016208229586482048,0.03764938935637474,0.013261227868497372,0.014372452162206173,0.012019648216664791,0.013261227868497372,0.023027736693620682,,0.016208229586482048,0.016208229586482048,0.014372452162206173,0.024522891268134117,,,0.014372452162206173,,0.012019648216664791,,0.01038222573697567,0.014372452162206173,0.016208229586482048,0.024808714166283607,-0.04340355843305588,,0.014372452162206173
2023-12-01,0.009904813952744007,0.013131378218531609,0.010421810671687126,0.010421810671687126,,0.010421810671687126,0.010421810671687126,0.013131378218531609,0.010421810671687126,-0.0022099963389337063,,,,,0.010421810671687126,0.004099993035197258,0.013131378218531609,0.013131378218531609,0.013131378218531609,0.009904813952744007,0.010421810671687126,0.010421810671687126,,,0.010421810671687126,0.010421810671687126,,,0.009904813952744007,,,0.013131378218531609,-0.006884567439556122,0.010421810671687126,0.010421810671687126,0.009904813952744007,0.010421810671687126,-0.012734778225421906,,0.013131378218531609,0.010421810671687126,,0.052327096462249756,,,0.011485264636576176,,0.009904813952744007,,0.010421810671687126,0.010421810671687126,0.013131378218531609,-0.006884567439556122,0.011134505271911621,,0.010421810671687126
2024-03-01,0.01144164614379406,0.013370152562856674,0.010998152196407318,0.010998152196407318,,0.010998152196407318,0.005761147476732731,0.013370152562856674,0.010998152196407318,0.010998152196407318,,,,,0.010774586349725723,0.014546048827469349,0.013370152562856674,0.013370152562856674,-0.008963676169514656,0.01144164614379406,-0.006637971848249435,-0.004496620502322912,,,0.010998152196407318,0.010998152196407318,,,0.01144164614379406,,,0.013370152562856674,0.013370152562856674,0.010998152196407318,0.010998152196407318,0.01144164614379406,0.010998152196407318,0.012866969220340252,,0.013370152562856674,0.010998152196407318,,0.04308288171887398,,,0.010998152196407318,,0.01144164614379406,,0.010998152196407318,0.010998152196407318,0.013370152562856674,-0.0006837535765953362,-0.0006837535765953362,,0.013370152562856674
2024-06-01,0.013596845790743828,0.013596845790743828,0.012064263224601746,-0.006280945613980293,,0.012064263224601746,0.012064263224601746,0.013596845790743828,0.012064263224601746,-0.006280945613980293,,,,,0.012064263224601746,-0.006280945613980293,0.013596845790743828,0.013596845790743828,0.012064263224601746,0.013596845790743828,0.012064263224601746,0.012064263224601746,,,0.012064263224601746,0.012064263224601746,,,0.013270029798150063,,,0.013596845790743828,0.013596845790743828,0.012064263224601746,0.012064263224601746,0.013596845790743828,0.013596845790743828,0.006680456455796957,,0.013596845790743828,0.012064263224601746,,0.04694719612598419,,,0.01426122710108757,,0.013596845790743828,,0.012064263224601746,0.012064263224601746,0.013596845790743828,-0.004300275351852179,0.013151963241398335,,0.013596845790743828
2024-09-01,0.01475351583212614,0.0151290874928236,0.01475351583212614,0.01475351583212614,,0.010514735244214535,0.01475351583212614,0.0151290874928236,0.010514735244214535,0.010514735244214535,,,,,0.010514735244214535,0.010514735244214535,0.0151290874928236,0.0151290874928236,0.010514735244214535,0.0151290874928236,0.01475351583212614,0.010514735244214535,,,0.01475351583212614,0.01475351583212614,,,0.0151290874928236,,,0.0151290874928236,0.0151290874928236,0.01475351583212614,0.01475351583212614,0.010514735244214535,0.0151290874928236,,,0.0151290874928236,0.0151290874928236,,0.04617060348391533,,,0.01475351583212614,,0.0151290874928236,,0.023938724771142006,0.01475351583212614,0.0151290874928236,0.036086905747652054,0.0151290874928236,,0.0151290874928236
2024-12-01,0.010961327701807022,0.011490333825349808,0.00960566382855177,0.00960566382855177,,0.00960566382855177,0.00960566382855177,0.011490333825349808,0.00960566382855177,0.00960566382855177,,,,,0.00960566382855177,0.020967965945601463,0.011490333825349808,0.011490333825349808,-0.013410789892077446,0.010961327701807022,0.00960566382855177,0.00960566382855177,,,0.00960566382855177,0.00960566382855177,,,0.010961327701807022,,,0.011490333825349808,0.00960566382855177,0.00960566382855177,0.00960566382855177,0.00960566382855177,0.011490333825349808,,,0.00960566382855177,0.00960566382855177,,0.02462667040526867,,,0.00960566382855177,,0.010961327701807022,,0.00960566382855177,0.00960566382855177,0.011490333825349808,0.006065098103135824,0.011490333825349808,,0.011490333825349808
2025-03-01,0.008967164903879166,0.0111227510496974,0.008967164903879166,0.008967164903879166,,0.006071062292903662,0.008967164903879166,0.008967164903879166,0.008967164903879166,-0.002678303048014641,,,,,0.008967164903879166,0.008967164903879166,0.0111227510496974,0.0111227510496974,0.0059861778281629086,0.0111227510496974,0.008967164903879166,-0.014932932332158089,,,0.008967164903879166,0.008967164903879166,,,0.0111227510496974,,,0.0111227510496974,0.008967164903879166,0.008967164903879166,0.008967164903879166,0.0111227510496974,0.0111227510496974,,,0.008967164903879166,0.008967164903879166,,0.01573435589671135,,,0.008967164903879166,,0.0111227510496974,,0.008967164903879166,0.006071062292903662,0.0111227510496974,0.05173930525779724,0.0111227510496974,,0.0111227510496974
2025-06-01,0.010178616270422935,0.008046434260904789,0.010860673151910305,0.010860673151910305,,0.04874983802437782,0.010860673151910305,0.010178616270422935,0.010860673151910305,0.007653757929801941,,,,,0.005538645200431347,0.006971699185669422,0.010860673151910305,0.01158576924353838,0.01158576924353838,0.01158576924353838,0.010860673151910305,0.010860673151910305,,,0.010860673151910305,0.010860673151910305,,,0.01158576924353838,,,0.01158576924353838,0.007653757929801941,0.010860673151910305,0.007653757929801941,0.007653757929801941,0.01158576924353838,,,0.007653757929801941,0.007653757929801941,,0.015346144326031208,,,0.009804191999137402,,0.01158576924353838,,0.010860673151910305,0.01158576924353838,0.01158576924353838,0.023285944014787674,0.04971178248524666,,0.0026980822440236807
2025-09-01,0.009283135645091534,0.006869577337056398,0.006683508865535259,0.006683508865535259,,0.029239986091852188,0.006683508865535259,0.009283135645091534,0.008428014814853668,0.009283135645091534,,,,,0.0013604214182123542,0.009283135645091534,-0.0009196041501127183,0.008428014814853668,0.008428014814853668,0.008428014814853668,0.006034159101545811,0.006683508865535259,,,0.006683508865535259,0.006683508865535259,,,0.008428014814853668,,,0.008428014814853668,,0.006683508865535259,0.006683508865535259,0.008428014814853668,0.005932479631155729,,,0.004937854595482349,0.001119823195040226,,-0.014251030050218105,,,0.006034159101545811,,0.008428014814853668,,0.006683508865535259,0.008428014814853668,0.008428014814853668,0.00790632888674736,0.009783586487174034,,0.006683508865535259
2025-12-01,0.003315627807751298,0.01612783595919609,0.01056737545877695,0.01056737545877695,,0.005008677951991558,0.01056737545877695,0.01612783595919609,0.010833133943378925,0.006410437170416117,,,,,0.005008677951991558,0.004056063015013933,0.006789826322346926,0.005721304565668106,0.010833133943378925,0.010833133943378925,0.015862077474594116,0.009986205957829952,,,0.01056737545877695,0.01056737545877695,,,0.010833133943378925,,,0.010833133943378925,,0.01056737545877695,0.009986205957829952,0.007035273592919111,0.005070163868367672,,,0.02324635721743107,0.003023257479071617,,-0.03162505850195885,,,0.007077094633132219,,0.010833133943378925,,0.01056737545877695,0.011661221273243427,0.010833133943378925,0.013830510899424553,,,0.004629288800060749
