,1722,2435,2663,2710,3026,3121,3144,3170,3362,3505,3813,4016,5071,5568,5597,5709,6375,6435,6502,7146,8479,8543,8762,9777,10247,10793,11259,24316,28790,28877,29028,31587,41897,61567,142953,144435,179621
2001-03-01,0.049749583213049994,0.03953527989914947,0.041455415606366654,0.04205032117378545,0.059068136116285155,0.033731874805366345,0.0004563357005957369,0.006281717870942874,0.05345719747112363,0.018759018182047102,0.04212340151804519,0.04145829263798407,0.023428091755243394,-0.0026352226821482207,0.04186664523751239,0.04491300167876051,0.02031433400707878,0.015154759856628319,0.09281313995154586,0.04689173871708598,-0.005834549455534257,0.02034925236868708,0.04182086172685419,0.005173451717328203,0.014105873570673992,0.07306886273969981,0.06965789097722008,0.029500837464029844,,0.028210942727266906,0.05505804783181189,0.06974354882845896,,0.0548927565844793,,,
2001-06-01,0.06905312694148145,0.03363689177240077,0.02827716685072384,0.02920329236409687,0.02814076961228505,0.03174510036882529,0.004229478431398762,0.006325404621729163,0.0576860274987775,0.027232304892032797,0.023233636985785563,0.02863535853948231,0.0124866648384924,0.016073567351665687,0.021326762009276797,0.028408725584336852,0.022968327140957392,-0.006580681237294591,0.09382248530226828,0.03856715965691822,-0.02113755085534657,0.0018062386938701535,0.04596492765131717,0.009724686411856042,0.004905352226383249,0.09488509242109129,0.056197019421202275,0.0579840742892626,,0.03470140175116707,0.03005363391066538,0.036418237098361214,,0.02924488869503621,,,
2001-09-01,0.046815393587386046,0.033232205061894504,-0.00547487067533582,0.043346241521707164,0.03829971128771581,0.03493377005879904,0.02393854583210713,0.015303533907715015,0.038954027324234565,0.05397614801927761,0.011705996560779816,0.03279745977591485,0.02045518676048368,-0.020798088779211785,0.01000136313147003,0.02283195992935164,0.017121363191063478,0.00019396624304623614,0.06539974747933087,0.0454222242438382,0.0032658955796900937,0.00262783351361429,0.054240130683086626,-0.003300848819253353,0.025636526437299613,0.052304710476106624,0.05709284106318279,0.1103236987922461,,0.019728258350371133,0.0680821208522171,0.05893704610845765,,0.014387441713877527,0.017689322319394605,,
2001-12-01,0.07144676030888104,0.06468729882755281,0.029780545058893482,0.06081240927189759,0.04945210610216092,0.0455858661386151,0.011047038828465684,-0.005830274316628978,0.04640294889861281,0.06312777379583344,0.006214735964763911,0.028821966972055402,0.04782050396829948,-0.010606137557350863,0.04438434579578074,0.046401729601191086,0.004254508395060664,0.011716376167698224,0.04926940030889692,0.055077003131787344,-0.045936970041823226,0.012530242181888349,0.044691231195947353,0.0028908943081006003,0.026325028156890154,0.0802123271666408,0.05187906811336879,0.10454638985328839,,0.030767960268443095,0.02888375295917736,0.048587524497456076,,0.05282354773921059,0.010099928619846424,0.09695045032805437,
2002-03-01,0.06159263504289566,0.04724984142914104,0.045049462243787,0.023357244085883345,0.024557686139757364,-0.002856219337935217,0.008154770675796601,0.015991209376119437,0.044216920400763665,0.048047569610413836,0.022893784743127896,0.06749564831964594,0.033669384794094606,0.004076586068561296,0.0450718022573558,0.0487125457897684,0.019306228426294883,0.009044214459337296,0.09502001447613695,0.05989659182452076,-0.023557244932334496,0.025997020140904468,0.030464891692789337,0.011224674894538591,0.05649364089091144,0.09431397684444134,0.06838942272586053,0.05091462849995092,,0.050731862440979325,0.04182453940811096,0.06577176246625975,,0.031300776784056544,0.017401691264287363,0.09486311733702094,
2002-06-01,0.05022899294718894,0.01651272649841737,0.003028334629117345,0.014360084691744974,0.040959903735246994,-0.010297575652463815,0.0007163947569555512,-0.004153647047207712,0.047848271522031624,0.029712640306873202,0.0019076458422984195,0.056180224873139784,0.0251510062597518,0.03445597486059673,0.01826193958034935,0.030387069481290028,-0.007129486634387326,0.016288978476950683,0.08858260808027778,0.055686612144388026,-0.04563929265972662,0.024250743715696563,-0.019929759677269707,0.007180284735367636,-0.00029358701981842315,0.06550183613180045,0.057810807625089035,0.048595939757691574,,0.045979632558869166,0.008260764903817473,0.04016215007447775,,0.0073857469052150335,-0.004042805421017029,0.09834290531686962,
2002-09-01,0.05658354185230299,0.01877322974907602,0.02570699695801905,0.059860928636889216,0.0502735327388631,0.039231085246915494,0.015467872153153477,0.018156655169098816,0.02609091292982382,0.06320505101770195,0.025786163442938426,0.036198825268651216,0.04061158068927041,0.043830115448085155,0.008118118177930145,0.041624319887428624,0.0032960742192312616,-0.001840182761264042,0.09104667436228163,0.05475387843029297,-0.01647232332889787,0.05547183214034835,-0.04545834361761656,0.014053977184093203,0.05414432016215556,0.0858765190559442,0.06825485771324659,0.10694122541083874,,0.05167416213644184,0.07426346650198892,0.028052144109964476,,0.08148127415491672,0.00593441754292679,0.10230427790168439,
2002-12-01,0.07654568951993919,0.04995267124635717,0.028294329228548278,0.047257124131356895,0.046802220044497765,0.04060649045780964,0.007334236129399312,0.01751446046717692,0.022856191656798516,0.06284852074204256,0.029309254521765978,0.04599579702756933,0.05267060384666061,0.04163235291553698,0.044112792657808236,0.05052494272763238,0.014257995053484549,0.022377620978183795,0.09516629157616481,0.06638632886950585,0.018927772482334033,0.03890478009843243,-0.0032494889596997754,0.01980931448143484,0.03785577049134639,0.08023174646098451,0.050969911729155416,0.08532746960818255,,0.05292039894710374,0.06159615366855839,0.01783840396810025,,0.030469663816513493,0.014926371376896614,0.09474784939379002,
2003-03-01,0.08867684619574151,0.053525929186567886,0.029735546205445173,0.05724186514267521,0.05622823959345641,0.01075333288790344,0.005323152777783665,0.010850906955797344,0.050367210272806925,0.032663301520306706,0.0729802314696155,0.06152779623744836,0.056462696235327764,0.0394530646627063,0.041211429940445535,0.04026789631968814,0.005632261034822434,0.025584128062445855,0.09821283178232815,0.05034179091127751,-0.0017019118445000892,0.031906534219925974,0.009487187854677675,0.0158195925259619,0.018742959963510362,0.06956573946380976,0.06474701718347452,0.044375632294809966,,0.06948803621232003,0.06459027037510343,0.05575672697869458,,0.04841275077551406,0.02155939314455478,0.0993234911212946,
2003-06-01,0.07034134698597995,0.04059831664125313,0.017969327554838207,0.048779494252485955,0.06055467586369292,0.01513776097276249,0.016215532525926578,0.0077417676622203516,0.042280474629207074,0.02184263047446804,0.033613025009078236,0.04515999530492732,0.04542209453817178,0.03521681391191292,0.035487406470534506,0.03978176054221993,0.010833598887635614,0.028238525982414733,0.08808961985081169,0.046773230863693886,0.015173184726076745,0.056447244763006485,0.01777704746354294,0.02203205732189725,0.045354204218249504,0.08550805118622544,0.034762675389379785,0.05488383713926112,,0.04694869538006613,0.029314376967583575,0.040713003828387766,,0.03797235467776891,0.04721763817724067,0.07093365394925516,
2003-09-01,0.057842232253684976,0.026845479547809047,0.0036035989411648175,0.03586742151582189,0.07378394317334967,0.0280240256114294,0.00960032265904865,0.0011560152906186418,0.037244047163958995,0.07728997130434614,0.0056547601756249885,0.038009238370304545,0.048657366635553596,0.012875185748308423,0.004430941132971336,0.03637925276438863,0.009719236144736805,0.024016196591975684,0.07425652769991616,0.055567679819753364,-0.006554195446326532,0.024636143798575556,-0.0012448592621358374,0.005041089295013009,0.01874375879229052,0.08555930602185907,0.0524639591725359,0.09268808451707476,,0.03486233492324685,0.07132354805681546,0.030176279787530055,,0.028576432968277842,0.03999558728067935,0.08288555175548552,
2003-12-01,0.073219777087993,0.05749000712908046,0.013413151463443544,0.049895694486493766,0.0545430409911579,-0.008420353169737412,0.013175118609195506,0.0022318710353353686,0.023534774374441583,0.052019774192599816,-0.004984264368199434,0.01663337878364059,0.049440306059889444,-0.00029422828835885616,0.021359151888115532,0.05904190817367538,0.01970392105827136,0.011536203569697544,0.0547122330743935,0.05645157784355992,-0.008302206022865135,0.016559110616729697,0.011401114197265647,0.008806662086325183,0.01351746065311981,0.06219191235334546,0.04155051350996466,0.06411837471474877,,0.02840190560059392,0.028321064009865532,0.03227839029495385,,0.029714727978185397,0.0408250230830887,0.07496676615363734,
2004-03-01,0.07201737265241905,0.022603710000077635,0.025709494064972485,0.04351259828628544,0.04123168886090489,-0.012045418681846805,-0.01932975368109475,0.008321517324085276,0.01178030829119964,0.04443327905044589,0.030631248797551542,0.002798442446599263,0.03403446191796421,0.015484184515228303,0.02278154358415786,0.041373702464250935,0.004950071139990765,0.00914374320809864,0.06317043034188635,0.034969878720295985,-0.006299346842702838,0.016928395128930986,-0.0003841346860576142,0.012565134047131464,-0.007327398821011215,0.05179885696280683,0.048616899336704794,0.043390050452264954,,0.05159749577194456,0.020318219501380116,0.039123483040554234,,0.04318110040780998,0.04439112198028783,0.06729476136237951,
2004-06-01,0.05719684528223417,0.012032165999204914,0.011616143559733682,0.018014593226430817,0.047654871778450285,0.006704719055257442,0.011364290889494408,0.010601430341410716,0.01980629611778932,-0.008020955762672538,-0.007185241400618989,0.041980952703112306,0.04484111207374609,0.006659390737758353,-0.004843771221173126,0.021324645652424208,-0.012043150716270797,-0.005536736572482595,0.054325886933329244,0.026693359732548654,-0.00035658559854180057,0.007022536482698888,0.005221514107931437,-0.013743588237804716,-0.027197983390884164,0.046242797163500333,0.04640713128005243,0.03782364164916038,,0.03641810356338434,0.01202866207839489,0.024425841132799983,,0.0322565441961516,0.01325039854662045,0.03203170094705041,
2004-09-01,0.07479439850707442,0.020671780466252457,-0.003988742633645552,0.04854460238813665,0.03733283207162623,-0.0006595118324829158,0.00872298974837006,0.0013435112938310987,0.020814432700835397,0.03893622885064295,5.023591598930628e-05,0.044303314276801065,0.037187891750980036,0.01016277412906251,-0.021922540466324362,0.03006938957407591,-0.004556139589031395,0.0006964332144021968,0.0516565966938179,0.035267440562022745,-0.007584344272404699,0.017226329460824787,-0.01803961233778217,0.0065235219700210964,4.1594324762682135e-05,0.06291430544149336,0.05613814134594935,0.04865266338720346,,0.05025830777444568,0.025668288584688333,0.03460156000539488,,0.016421259916917823,0.02294414537055543,0.04154076041141363,
2004-12-01,0.06727129246198606,0.024383993621506447,0.02984472050329866,0.05204897198956711,0.04070299578779315,-0.00841403987551812,0.02415313066706505,0.02182710092358126,0.03022626046353391,0.052083652543130105,-0.008332852891842425,0.038815327248758365,0.0567639188964807,0.009699495160561723,-0.024450793414927726,0.04884986920513973,-0.010021546142067525,0.0012040689943294445,0.04485248392888479,0.06121765248139292,0.002133559896235499,0.023589633910000504,-0.008352040158565648,0.0146943457709962,0.0375184101895468,0.0357599972109889,0.0563204528883981,0.06555634128614807,,0.05187876982468526,-0.005335510615744567,0.05195067722716982,,0.04565385852623796,0.03169953994646948,0.039487907869137785,
2005-03-01,0.06083947071668438,0.031300352585397685,0.023330080400739476,0.03043872240309728,0.021998529100205628,0.002747601374087364,0.02007757206759166,0.0103255672270292,0.018865422100243858,0.031096406885753106,0.02810542008622994,0.0291487140007264,0.03964390405716536,0.015350806066511331,-0.015256129179593871,0.043958543634903854,6.827684924985429e-05,0.013127107633491184,0.07280017430269155,0.03139113824455461,0.0029689975627946847,0.017836730903158744,0.0071451615551701535,0.011984869468163184,-0.003068144816284984,0.037072742874635356,0.054472835941288274,0.050548112540382356,,0.06234498398784944,0.011110272474593043,0.06040364218702788,,0.04696598457718614,0.010409370535245568,0.031358047044098496,
2005-06-01,0.04755951460003882,0.023750066229910848,0.016958401209707954,0.040472288561058625,0.04863365781057221,0.014596721871274683,0.032191178907303775,0.011206559200533348,0.009387994036390538,0.045871473672149485,0.020684863218869975,0.03069888370363803,0.058420213490216685,0.025899730934000255,-0.04204326893973407,0.04259953564683993,0.018631919494586643,0.013632484573842842,0.06894793047174717,0.0487208551736228,0.0025451437063323977,0.01770994703918454,0.00800207033770216,0.023470764933941964,0.013477710375730175,0.05649123184659776,0.048702660752300224,0.01763671343784648,,0.05388123707160432,0.010311299331238475,0.05993644182749985,,0.05199617666969543,0.02255292009683635,0.03455843978939304,
2005-09-01,0.056884131884967964,0.043282591972429015,-0.010073960005668599,0.032789308392115905,0.051924207563820365,0.018293313547551697,0.03612255409303257,0.01878536104450705,0.05251682928248371,0.04621387852834775,0.014269474792439105,0.03003958070104827,0.04336579795613944,0.021068038005413597,-0.035633971911734307,0.04345481259932958,0.013422712769946658,0.012862884973404504,0.050317429708652064,0.03620661512751986,0.00650750597540599,0.015899807833232315,0.011530904622015017,0.008714156513881756,0.009686931566430688,0.05428739876663533,0.051239365332185226,0.024605042783814403,,0.03879018126345608,0.03378950350282746,0.051862746649062756,,0.030681108904178234,0.024575430623322108,0.03294298991829286,
2005-12-01,0.041363475534898636,0.024479379023494202,0.027400551871728317,0.048742908445859164,0.04177452424170461,0.016833116691884767,0.02235998361801384,0.008279629570502699,0.03537589000543596,0.047975929638403955,0.005531474052109831,0.0429853147064519,0.05391344303166994,0.022696411021737813,-0.02612852624059306,0.06882080715481169,0.016100835628090625,0.011642359697844036,0.03970087083843531,0.05817331981414047,-0.00190174146903151,0.018403684235774317,-0.006720011081796778,0.03202545630632333,0.030832513735282074,0.06385375602594036,0.043851246870949205,0.02749512456875042,,0.03570651501311286,0.014779760274518362,0.05303592083687326,,0.03195688411084181,0.0179205534257345,0.04365881439653561,
2006-03-01,0.060490242456998605,0.022171571202498984,0.0428465883837538,0.020941994449737038,0.028628141754203668,0.0132598238114478,0.015449827279359578,0.014957900462993081,0.026795210797886673,0.012026101926189707,0.03719404437409776,0.06476726719825428,0.04661156656964163,0.02450342173441745,-0.006250611966942435,0.04326463301432178,0.008902511025921506,0.015259512393107313,0.05925443711901101,0.029326636438153583,0.015604018637909394,0.021725227883260825,0.013044726132746981,0.022817551696911905,0.04178713097590116,0.03997308367505249,0.05516293555690701,0.021886381212192784,,0.05056551572367104,0.022876572122749336,0.07371394532814253,,0.056503816691411336,0.03981501977591083,0.058244581912068105,
2006-06-01,0.044809740341275495,0.018395756495952396,0.038386798202043514,0.039984839817183204,0.052167078467644165,0.017268964730080747,0.02412571068127603,0.011043661597305432,0.013571680529839219,0.03965264886267481,0.012480760060829923,0.04529130388218414,0.04019165611242319,0.02950351773461113,-0.01101092477751996,0.03930961342525226,0.006157314448868075,0.01065990209974512,0.061011053968824,0.043049837124747956,0.0008090976617629296,0.014129908481454153,0.0075852796254837805,0.030856832197956974,0.031162686778417156,0.07396441859060658,0.04185611738007196,0.0018159252926944777,,0.03603478697221596,0.015133614328904794,0.048276296241053715,,0.03083781537512807,0.03385122270609963,0.020237789227659224,
2006-09-01,0.029614219090255318,0.030559804992165783,-0.018208637999529275,0.032141381380403206,0.05155663356665733,0.015609148518642209,0.028671773614549253,0.0036871165493532676,0.022698782556362908,0.03509037613743902,0.026741341963707747,0.04710183073324184,0.035164587576757125,0.018589841023396007,-0.026534410416542843,0.04425063279226237,0.005391749162220555,0.014333270913210098,0.0620813592066879,0.03889636005169099,0.014842013570034262,0.011047882938036204,0.012071082842326684,0.021016234985719938,0.04338094255968062,0.08089811470209153,0.06806066724947278,0.0012752751652999083,,0.024294803363884555,0.03906027308590548,0.04674179627180872,,0.024318022442838306,0.024311548804208133,0.007480103717362688,
2006-12-01,0.02976943579335484,0.04452196635588597,0.0001810188690939693,0.03883957072248925,0.047025916257755734,0.010068785908404035,0.03365648379524494,0.017111251261620327,0.021557668688606157,0.024873150416252102,0.014012568246563963,0.06053641343627962,0.034552790459613396,0.015885271917121066,-0.006132844438137472,0.04657694383981396,0.0036219422935863665,0.006945993992429521,0.048146970990065756,0.045979324930946266,0.014295549455406377,0.004111161677914311,0.008653178830377584,0.018712671497833996,0.03739780486566273,0.07347403926322015,0.05967089403486914,0.0294317713331633,,0.02195403618204061,0.028756788610669666,0.044084027383124266,,0.027078361158094387,0.012101325647522494,0.04479157873425051,
2007-03-01,0.053405472213122716,0.03566275144477385,0.006232949143815831,0.028274422710510193,0.035287275183706,0.008972629808696467,-0.004787060296526237,0.005552276073243088,0.030002835757157092,0.026387998598982665,0.030204477517207593,0.027355545811060544,0.034965213201363324,0.017604114118905435,0.0023891355214786868,0.05430420995245016,-0.006498346915199457,0.020983847373922112,0.06462565155004996,0.038852870627392344,0.03328146217549148,0.012476388374600536,0.011554331938204628,0.028024535475219506,0.017128896321120704,0.04243790289936543,0.06745493395392312,0.012800389665306581,,0.04002774934764115,0.01688315904764394,0.06941875423037479,,0.05902174755841667,0.0033641913879268385,0.046456292657943085,
2007-06-01,0.04008790543317203,0.021796517672881335,0.012135868509427187,0.014416296100246227,0.04758605777173967,0.010011337796927795,0.022745555013214517,0.013749165783185437,0.03486720713867033,-0.0013151054883786548,0.014082199947892915,0.004332365897044338,0.030809935300196635,0.00940146951361198,-0.02173526656391778,0.038107706302673204,0.006500700884151846,0.0168771586833423,0.05880197266994732,0.030706950817841968,0.006238956373451089,-0.03089581588053207,0.004887582570881893,0.02284739296079856,0.02767996134370032,0.031899693658117394,0.0512399549445035,0.030848021879736294,,0.027652607085326533,0.015219031956949281,0.034487902457105916,,0.023327285533695938,0.018658025090119407,0.011211145366554121,
2007-09-01,0.05640807878089637,0.029119178973815347,-0.025997063834404966,0.035486364102654655,0.052133897721842785,0.008616376698248973,0.022471667660384016,0.013145191900251058,0.02245972953156788,0.023290969031706233,0.013424317019260475,0.03042173862472743,0.02665183255755183,0.015067934718362397,-0.023361136015888753,0.0452820270479734,0.005504755891980671,0.01631574714896654,0.05530592792986876,0.044357152380986406,0.022859598252939577,-0.028186935863121328,0.008876491658378517,0.016895139964634934,0.038382966684126246,0.026981645697461056,0.056973084513382455,0.0641206544572177,,0.0261081116681159,0.030927374798619563,0.04579255008537105,,0.05694074304575337,0.00029735541524791116,0.028543856574886072,
2007-12-01,0.04943158641376329,0.030930236058501426,0.005057839793809322,0.04513917577315716,0.05170235419218429,0.01562136113537318,0.015642005072804988,0.0043124584132892855,0.021681769100547945,0.02391486923647712,0.017179695353714088,,0.03917529819874405,0.01970417701373304,-0.013534053019665053,0.05172899448775203,0.007751467501594393,0.022234566694721288,0.038793396445024324,0.043343732829282555,0.01679664767645505,-0.02117504362647251,0.015953459416957742,0.031662404941886775,0.02523036594046928,0.005947205030478311,0.055737035493523476,0.04151401538744511,,0.018436293243244164,0.02836513570907911,0.048412458640780934,,0.02331827784688615,0.014263694710083864,0.03781591559754422,
2008-03-01,0.04179452193939446,0.048681420723947384,0.031011731610669672,0.058206296249280136,0.039318028205412386,0.006078417655788294,0.004785747823330241,0.010583533261373812,0.03468161449411644,0.022396713364223674,0.03726328848459982,,0.040024270015470736,0.02827754706621678,-0.008935843460106794,0.048449074388061716,0.008501833587113235,0.027473420090563104,0.06067805802757486,0.03369715697389487,0.02372606691015919,-0.025260510565552036,0.014294504731990964,0.03000908475712268,0.04267564978548171,0.02614027019572513,0.06187726977073105,0.06271185441484917,,0.03288933164411716,0.024156716915864265,0.06671577561902564,,0.05431105689355278,0.018030904820493607,0.0386205106387706,
2008-06-01,0.053358355254105864,0.03064297055037339,-0.012149245707279053,0.03798390309457854,0.061480074660081103,0.020039390118498226,0.031118320753694792,0.006770638610437273,0.01679063356947631,-0.007721506343497463,0.026047443834645922,,0.03201003243591595,0.02267434688272051,-0.01457973827926696,0.05006753032019586,0.012500635400853085,0.02217023518825815,0.0531374283759738,0.03298309778004849,0.01151354659788562,0.019295048911576206,0.01840662710753744,0.038083531735069745,0.04409675631584934,0.0207881636842575,0.052705151300746815,0.07118121803120989,,0.03405740826067009,0.024903070892411075,0.06087531454070545,,0.06649414450090113,0.021278477188611165,0.04858417080304582,0.025262269274628723
2008-09-01,0.047445543608900784,0.02426404342536653,-0.0167951951364697,0.06474434904601373,0.034679612367724155,0.03677945820211219,0.012621348668109898,0.008974378633648042,0.030230461740568728,0.013307554319721814,0.04051712229942507,,0.01739134826064205,0.01782086555976773,-0.023425383227844435,0.03677158807011225,0.02870556549571842,0.03336373538476654,0.04399301528084198,0.02448485710302185,0.019769070132664067,0.009071658340851309,0.02418072533421786,0.024874946455964685,0.054186267175078545,0.051399305802125886,0.0443045049157978,0.07636633473785748,,0.015046698824805551,0.026069237953757637,0.060069118077462604,,0.062011760936994585,0.03652782125886406,0.0465116737352553,0.029131331621842164
2008-12-01,0.05349498361870033,0.04759886138855793,0.008261858235479064,0.07260591181208151,0.037256876911530144,0.018573703416483667,0.023756842431418197,0.012425321584522699,0.052020146104416624,0.02486921864147653,0.020216105629695544,,0.03722452042737061,0.014324826824175473,0.007269176696007372,0.05528636982002024,0.014759873107377575,0.023602893407024022,0.043786703393267,0.04882364280871444,0.02357600263880568,0.020393991374899417,0.022676647713288794,0.03601458759269545,0.045971496319030726,0.043134393236619155,0.041434707812270447,0.07964897046833669,,0.025048306589463127,0.024061693910170434,0.06329774061368788,,0.029140438030065097,0.021648642514212998,0.045206827868309186,0.006644194794549566
2009-03-01,0.05319892240082101,0.04582720727901941,0.017117140837639145,0.052219501473678674,0.04157556808831515,-0.0002148298707086195,0.020605915659077708,0.0097356466384281,0.039796435487729084,0.009791672496773285,0.05553313850917521,,0.04033618944583313,0.014442202561779973,-0.011409336194940502,0.04946572479819739,-0.0007503708882153446,0.02151537774823139,0.04817110809344234,0.037532323179022754,0.029509031850949843,0.03891367357278331,0.022162700339736125,0.03174590396745962,0.047494060173649155,0.04303297314633103,0.05604469485294759,0.07514511900721789,,0.06813277805406902,0.025313800055771826,0.07441280412566202,,0.06673974608229089,0.0054430964974264365,0.041873373673530424,-0.0012963975895897233
2009-06-01,0.05031091550473418,0.023630274054611995,0.016664491015540236,0.025778420437384875,0.044845227552855,0.019977636893568296,0.03892454595359742,0.015373559523276457,0.04256344301111162,0.020886720522400343,0.03135836670265264,,0.041497771729837554,0.006756409031900013,-0.007807176456899735,0.047646841152964414,0.010615747634068005,0.023079493668754933,0.046294612623971346,0.021470816854246785,0.01936410546119509,0.02245966755416672,0.02860995515502293,0.038841906910950234,0.0446201276042483,0.05855922078010984,0.04366562271898091,0.06558533418881408,,0.042975151558020286,0.01844837689268365,0.06777623055856964,,0.034946840046603,0.04136090431201187,0.035574672882689694,-0.005825004891566957
2009-09-01,0.012683174031563089,0.035077635327986606,-0.03004009558606723,0.0575800018324592,0.04623357543802332,0.02274987474581411,0.023197458639095187,-0.004435400141422352,0.042289331887435395,0.028010217311421826,0.033517793505220515,,0.0401440952690954,0.029966044073642853,-0.021041701716792118,0.039089179364227726,0.0035353343661757106,0.024868129811064482,0.04023028144345502,0.034826863191565416,0.027103651095034518,0.01959748241541697,0.023465056972703974,0.016285777864457292,0.050479468587485844,0.060403047727853085,0.0520810275498665,0.07273361709512524,,-0.030580156695693857,0.032885453550006404,0.06293790505841561,,0.06724637182960265,0.03780183570650437,0.02992551458323056,-0.011877479250246894
2009-12-01,0.041006417919170604,0.03756944074829246,0.013479676205980628,0.02804320461001469,0.043402863418383925,0.01597437660371527,0.02137975768180699,0.00744444288442411,0.03149330618745966,0.017061664586486353,0.006208746803487776,,0.030881630238570844,0.028376869923770337,0.002426246898533841,0.04218911923419876,0.003992721257878033,0.021576737529549805,0.04800486065069359,0.037476389744957664,0.02966313961016358,0.02151169356741278,0.017277444547398876,0.022702519880102908,0.05316897005405544,0.0547245363577229,0.035515317304840026,0.07578893456722435,,0.019795716342023137,0.006032577854103537,0.05526687846516019,,0.059847344692905084,0.03521448832475499,0.01980259135774167,-0.006056373979240749
2010-03-01,0.034585163257808076,0.02379052478298376,0.005348870058785742,0.043896549256872246,0.026065324987046133,-0.015416206516890095,0.003584825236075228,-0.009545356325162388,0.025762424805773527,0.01928014676989171,0.017191822783089606,0.01151836688671605,0.0032382052311593417,0.015953756508261682,-0.006986002519209895,0.0454610733004988,-0.01867110763094362,0.009959740918584748,0.03628384988102406,0.01778816207104529,0.02410114780676393,0.0013824587940925199,0.008823361219728857,0.02489513899851152,0.035199114295627255,0.0434898782450475,0.02604668417290383,0.06616489660257954,,0.032127600241720275,-0.0013125657471308645,0.06830747364345684,,0.03761007031749117,0.02146905224478517,0.015744117632424778,-0.017646031949451267
2010-06-01,0.04089625093777703,0.04174270907498139,-0.012005916690656454,0.039171616535997364,0.04277639625899192,-0.010100096160824185,0.026644267524557425,-0.013520189705832063,0.027389939942984044,0.009536828404719132,0.013474179509237133,0.03728575985883728,-0.0032690958064808223,0.004740894300802711,0.0002384819839711184,0.0519882298673018,-0.005468394730753458,-0.001982569296473667,0.032055714149807235,2.5582153080644213e-05,0.0035617983482670425,0.0037432122440235697,0.0001511856413638283,0.04116256686658244,0.03480475371772906,0.038551528944904094,0.017438974357919006,0.0657330648892279,,0.02962084223974428,0.008134725784342413,0.04871744297118564,,0.01649067310880728,-0.0031164627883226046,-0.009232065421558642,-0.011260291172286467
2010-09-01,0.04900007574103665,0.03592502923621506,-0.007457968192063024,0.05009574519550805,0.04479258167831586,-0.005391287156296228,0.016677987676522094,0.0006688967453502935,0.034058746490919646,0.030052968928689184,0.017637523209268167,0.026774702516442053,0.010844898098700838,0.010317753563225332,-0.014794106146898252,0.043109293203453115,0.002178255541104426,0.007254094429764109,0.032376996362197846,0.01021600168851272,0.0074470811179323275,0.010543104384134114,-0.008487155533092266,0.028325845047732563,0.03767671124552944,0.049039005958636916,0.026865749466170888,0.06926562554573054,,0.01480792488150793,0.009515470215361036,0.05274678525399385,,0.02820689251848058,0.023978516508353163,0.03317059919995963,-0.005777730792152688
2010-12-01,0.02912295192431007,0.039575131439306625,0.010721839912542634,0.03896688515231261,0.04733645196839445,-0.0025698552281834468,0.021477313302379567,0.006113183217121557,0.032990215649198164,0.04006836567960134,0.011976197727941914,0.025100812401996013,0.022792535786376418,0.010589374977082129,0.0005280463541534003,0.0463878348721937,-0.0002650263992207264,0.010293099338495223,0.030492609447755423,0.022930777154158956,0.01508705027111673,0.009645227344312153,0.003288308966625068,0.03704402171218865,0.03135115470697826,0.047090321886144156,0.021763151902766505,0.06336499178338474,,0.012775133659037761,0.016448093513569313,0.04488507823282157,,0.034299265409775216,0.012024072968263638,0.025275497116532666,-0.0029139467420905697
2011-03-01,0.04918283599399907,0.044976557286245306,0.01723181051662418,0.04904480957315674,0.04027283474575651,0.019789987610445713,0.0312848291917022,0.0033675279307907816,0.04944247443640968,0.03568047689506783,0.04118684989594489,0.0493932290908077,0.009676039282026238,0.021196448798459274,0.022245615714941307,0.06445906430272845,-0.0035007609397138466,0.0158179344397813,0.03509026280393577,0.012692421852023765,0.021722903882502042,0.0066500427119795865,0.01051512704893043,0.04496120759973263,0.03516373944224304,0.05658855925636374,0.03875890676101676,0.05877327257772133,,0.027990830485973887,0.011574926910081764,0.06675309848780672,,0.047735628285431576,0.006170212082932883,0.031996207348095836,-0.009541631096633895
2011-06-01,0.04549864289674517,0.051046692422714035,0.033541147947727876,0.03672937226680954,0.05474700513492027,0.0028279864171597254,0.025162351730301145,0.006162683696336625,0.059440421319299254,0.03348524764416369,0.026059069329130585,0.04275594113360823,0.007899020029606749,0.007346039759773801,0.016064179830672667,0.05786866190476877,0.017011081892759794,0.006652450952027268,0.04479622892210987,0.015529904912364834,0.006686251564440129,0.01917680166627425,0.011745988518280044,0.037971327000466515,0.04883270364003762,0.056462654083048874,0.03731561654783647,0.07363987550436722,,0.01297994917483263,0.004905533485307973,0.05733936592211495,,0.03790843846116992,0.0228552237179867,0.03205257073952854,0.0005655449828710925
2011-09-01,0.048688029556823935,0.027852351531348737,0.006173464513616509,0.057764365996874026,0.044939115182931366,0.011320619558408084,0.02694443275043067,0.001433043365176445,0.02810079046147459,0.05226252194112584,0.01400440971943705,0.014875293736141465,0.008373225381668386,0.00393253576587932,0.0024576605225929537,0.05800431055713754,0.008810989846588997,0.008800030648501555,0.034024402673674604,0.021457055017423357,0.006096733493698313,-0.004005277400081917,-0.0034435552729119236,0.0013042725247719392,0.03934470791030952,0.056290848286503894,0.0327371304945884,0.07219441487706495,,0.009291491687318918,0.00852076624572028,0.04963296905646898,,0.025761142933660646,0.012476954525665265,0.035895252937455616,-0.0025013590204618604
2011-12-01,0.0507114458794251,0.04163295714156958,0.03742632299623606,0.054482692993958824,0.04206923985934829,-0.0018420032143810425,0.025291411737067185,0.010387052855260188,0.036912609170989256,0.05376506336575435,0.011714988661963088,0.008581694541687607,0.010503214213553333,0.017718247605791722,0.014354901737144009,0.06083318091348995,0.01688917608838034,0.0121896747592491,0.027519316006846366,0.03192937922845112,0.019761910848587087,0.03579993461024327,0.007332120784348913,0.0293634492535463,0.043914719210848795,0.03426607421240351,0.024780112735602614,0.059370207392691096,,0.010138239444203865,0.00521791455899886,0.02188982003147418,,0.033132013425684906,0.017494506662106526,0.016583743149387663,0.012713018140834507
2012-03-01,0.013653377830755885,0.03080889429088788,0.023973012581282194,0.04204083155065936,0.03907621377576937,-0.002087963040444932,0.0155478070034887,0.005129125332150651,0.04990278247034708,0.053556252647275523,0.03170236112545154,0.020837709073551654,0.015449072132670525,0.019751670203121283,0.021572257923311973,0.06934742378760488,0.0017457018549749434,0.00010124640959841635,0.04417224358784753,0.013511837037517111,0.011077985527010841,0.009870979379756343,-0.007523161829272891,0.028377343115772634,0.023153417454331957,0.04288848720906779,0.03638501017763243,0.05495597232441978,,0.04047852829347007,0.011602525169390742,0.03618398396715523,,0.03535867084071828,0.0059159376205744196,0.03676325781448301,-0.008027130793482369
2012-06-01,0.03785698816218766,0.04085776258555602,0.021396378290831672,0.04799417831261715,0.04534066716003267,-0.004715218709435685,0.03208537183733938,0.014475324362677582,0.0380456893677849,0.044567977515987074,0.01592535060076471,0.012852934655755176,0.007934929458532986,0.023182549139051316,0.01954010309587182,0.06933102184339279,0.01326933923995401,0.011897095637328608,0.03903288870207639,0.012731481777628607,0.002046928580033216,0.028698371322137418,0.0003951125442642625,0.020309050898642343,0.024551267606070893,0.05697196762332754,0.024394076095651727,0.08067464189984146,,0.04483286270691631,0.020329491512950507,0.03180172973262368,,0.05272276816659938,-0.0002423356356427562,0.015316014658390836,0.0037563908818423674
2012-09-01,0.021590913143798584,0.05172314925223971,0.010898318601738425,0.05767141905398405,0.042423874388576366,0.008628142064291954,0.0348895711181616,0.014237994526280415,0.03774916548512017,0.017867768006765494,0.014745492003333738,0.028497448911377142,0.03461532341154228,0.01903567506772699,-0.0007218156155126428,0.06325357589436409,0.018689667676515778,0.010932945265974032,0.04690585723580458,0.013726171468543281,0.010631113577345197,0.02315575227152465,0.006855950946237317,0.03431065643426418,0.03631952081783616,0.03662080917452473,0.01786288984918966,0.0780794959756745,,0.06103639310183901,0.012053148671240015,0.05193252446965058,,0.05482846362340999,0.014712741381613726,0.034432699959965084,-0.002365356805077293
2012-12-01,,0.04681929512704964,0.023467569068537128,0.04495791499568947,0.04322943919632712,0.0038883434720547354,0.02347919357300495,0.012890741307292005,0.037838858442896056,0.03015202681368139,0.010045373537514588,0.024531168620354104,0.02491897711014139,0.01602031556488955,0.011112378866518972,0.05687465470372129,0.014070421731090228,0.013664952892250866,0.04407517544243316,0.016820858499112593,0.02389646820920961,0.010338222641072682,0.01026947168817272,0.031071770876093995,0.03602980758498371,0.05517687341941104,0.01580148057413285,0.06639567566555357,,0.04656707644752645,0.008882499155592154,0.04176757978366089,,0.052128678785293245,0.014300759451083044,0.02455450589685634,3.4006337112906606e-05
2013-03-01,,0.051731207291928503,0.010079081787695286,0.0593541014680218,0.024308002785187223,0.010920419565563513,0.022071988599948463,0.012849976744361087,0.010182567770284923,0.00794630075495603,0.026440179904197548,0.03651175759789475,0.010361223465765122,0.019113781230451373,0.014969102091075224,0.061875651039403665,0.023128745609004294,-0.0018498112408875823,0.04033542891517541,0.007174870177549587,0.029083722490763436,0.020534633002671575,0.02478763478544317,0.04339768266786082,0.03059585955635944,0.04710463226078975,0.031916922171017,0.06706666648686896,,0.05222235737566427,0.01647281295939381,0.05648290352729168,,0.05276666443618691,0.021354123576141703,0.030536264461231363,-0.008706469569609007
2013-06-01,0.020832970049107377,0.04177976072687631,0.023633905119581012,0.05153131575599347,0.02613045159070927,0.011653327662498974,0.03308314824318259,0.004783299449744223,0.013468018458277114,0.005690687532457452,0.0015545705872145542,0.03487716572540406,0.011305114864149564,0.009088225156452436,0.018914622461165643,0.04280314861480009,0.0041245831163898355,0.003945604384381891,0.03705575280930576,0.0034083171939893226,0.005095250933947634,0.024577276716444666,0.003068066826787356,0.02852019523503967,0.025732472612668304,0.03490944855851332,0.014009153044430152,0.07309792211926083,,0.06306917160606929,0.00947958121621974,0.05579918204739131,,0.03863314318489812,0.019392434830661685,0.020619573465582495,-0.006628244649434548
2013-09-01,0.030394444868552625,0.04729549751490697,0.0025054761891533904,0.026213892174271586,0.03629322411171588,0.019123381166714446,0.025310454168203437,0.008403894361475006,0.009140484279599409,0.024072997633286495,0.016729227424154083,0.020613820476808646,0.012829434150901412,0.021083180297639392,0.02973730270264345,0.04117332996506846,0.0074412202891778354,0.008523320938249817,0.026236489993860447,0.011258073404718736,0.02588026390490317,0.024623088215875805,0.00413884441213256,0.013543895941925323,0.027765496644512448,0.04171545511619477,0.024834336371735224,0.07177009545860427,,0.046650433454970566,0.017409570532676756,0.04308287762791024,,0.04069119751515867,0.018886988370061784,0.007274307016639357,0.0020723637793275546
2013-12-01,0.04190548754919234,0.04368509969094735,0.02002032742954923,0.023978975109553137,0.0411697152400451,0.011290225003375889,0.027396778641059712,0.010606356503117332,0.034384343541027415,0.01389672422245846,0.0059474874242052235,0.033668679601224986,0.02228835717346432,,0.036326629680396356,0.0522851270626691,0.016771216340499974,0.01085469658805447,0.021578258107224732,0.01551838287505547,0.028524107965952505,0.03853656356444371,0.004588278789504055,0.009199064746881543,0.033545302636498464,0.0434352582556516,0.02224929795457713,0.07770739219698504,,0.05800605063064576,0.014061739974893383,0.032453743420594185,,0.03945553492291287,0.03094509572093642,0.035442960531806,-0.0003696774128580855
2014-03-01,0.019361833127630255,0.046230756869495765,0.01749296330726286,0.009918248225074791,0.032865575176693106,0.012720207192719959,0.026471817629005245,0.006457023464253753,0.031378553611215186,-0.004098780182369963,0.035987537540236675,0.04127845613130827,0.007409113653552574,,0.042213516193977736,0.049933370204016225,0.0365777590637105,0.0029773277730343966,0.03928996147987987,0.013372980362467273,0.034506570199533335,0.018327631032696887,0.004741229617124692,0.022533241232286505,0.02847368827814306,0.04363092067776839,0.03219476899531505,0.09101244422116923,,0.055511907746824796,0.012939126080306554,0.052408186248134966,,0.042771734644500084,-0.007745673414449692,0.009966199182949383,-0.009241053435646436
2014-06-01,0.03151231965900369,0.052280079745472725,0.013871627876312275,0.02486558597046059,0.032901105818042994,0.014678046717269636,0.044089284728472296,0.0250411731700164,0.04487829822081756,0.019375331455580066,0.02282812838783137,0.03597036604698914,0.012974839947296745,,0.04699895924058043,0.04987307015842506,0.02190879413291695,0.013621907800126483,0.042737678883800215,0.014660265958167292,0.02905719325227027,0.03398725041573715,0.012339213136981933,0.014655558688073722,0.03362564853093243,0.036054820636484845,0.0236321889805804,0.07467499332578338,,0.043408351909533266,0.027053226126897822,0.05003679300198572,,0.04956466855594566,0.017405505851097534,0.04121226343905004,0.0028456518918924378
2014-09-01,0.04595865165686045,0.04688393339169289,0.03116130718059293,0.023778298688792155,0.0171609896615144,0.014958203291282824,0.023238932244417632,0.010870960105403222,0.0057914783859881035,0.021901362590931304,0.010568094876694911,0.03636279318107047,0.013984972819200829,,0.02303485478795669,0.056459571580946076,0.011111077417471214,0.011455125538403674,0.022021991015829516,0.015057725909507318,0.029593954795406194,0.018743008006841002,0.01021022468639213,0.006795728254949801,0.021794111306324457,0.039806923576021225,0.027887942270624726,0.0819123210419824,,0.0479780829659044,0.023082669905171452,0.048139940820336374,,0.04089473109445854,0.00882356097270004,0.033011609534423746,-0.0021630635823056605
2014-12-01,0.05767209627732321,0.0376291283933392,0.02145093989051011,0.02436592391423095,0.02211550325470367,0.012549744409745892,0.028910637415603103,0.014631262492833823,0.02879007060791933,0.030859761461989644,0.011427298177742304,0.030785351852423516,0.010087511427565676,,0.012648246096338779,0.03947612482759252,0.009348692429586108,0.01450071206820872,0.017899393940690136,0.0241959592977207,0.0319728503530057,0.02310815950628753,0.014065490263639631,0.013535804146437895,0.02789472454900242,0.01651552602499538,0.02347410910744171,0.06507544777390169,,0.035593947492316584,0.024465701716664144,0.04408604472501242,,0.046228977186934035,0.020615708759132403,0.038857762435233194,0.0049006296294269
2015-03-01,0.046560404418241184,0.04372790156693665,0.0165025974668078,0.03343070923656568,0.026513075998316427,0.023304419736731963,0.026862958081814003,0.014536853466253365,0.009981472839159905,0.006594400159722814,0.03289846192601825,0.04074867578733096,0.007595237964565095,,0.012076085071347957,0.04826429180395022,0.03290581110592528,0.03348718046534534,0.018267964458662692,0.011225133148520144,0.03787308408688215,0.023908604502027194,0.009798466193521344,0.021234630100445108,0.046986828601825,0.028022444660746056,0.026198759122670258,0.06587593565814569,,0.04714012222731273,0.012979273472902621,0.05384478107525704,,0.04867812725850287,0.0073972975329067514,0.0382536943846623,-0.0034011581733125436
2015-06-01,0.031121235108532957,0.031178665345289645,0.013697511692026196,0.020907687354334036,0.014355799022048593,0.012706957204210802,0.04137536192905991,0.007788739114501983,0.009154357143427251,-0.002459291654650905,0.008468354742620315,0.007653910784562689,0.007897584474819041,,0.009412803249756789,0.05637272137840627,0.006213078861121321,0.00824041663068189,0.02899075898972677,0.007876594522754138,0.016082040517984345,0.015461526904299179,0.012228724269909117,0.03795617361501553,0.050672958433682115,0.03341597350474905,0.016709747615688962,0.062383505630614434,,0.03901232795645022,0.013081297064875631,0.06271879173659252,,0.040187682756094675,0.007662418945024404,0.029901842772812083,-0.004432253433335976
2015-09-01,0.027147870052443984,0.05315425498434328,0.004894116397733192,0.02542647922433479,0.010436036680896215,0.014670352048711317,0.03661352923190787,0.010411552216057685,0.0035238407039529652,0.014997610376644172,0.0054591406567653855,0.00773200716617651,0.008322002762445001,,0.03503635292172142,0.017265651047274445,0.0011966948656394083,0.0359614068868016,0.009128158403775817,0.007029261427281881,0.025586895056529578,0.014648608083868624,0.010873339983517001,0.006921884131226162,0.025570314662397745,0.03736366911184635,0.01597232447191702,0.06044782780700169,,0.038063826134493516,0.013524384590688984,0.056401002404363076,,0.0459629164378174,0.006264067016182372,0.0027108573861463737,-0.004192877958679506
2015-12-01,0.026514145097875023,0.02171198599262711,0.0117467402769553,0.013349995350699142,0.017720863038681638,0.012459441082735197,0.029289527847862484,0.021041887697222917,0.005782080280811802,0.006835704192196466,0.004775199441255736,0.018833436346908313,0.015700300273371205,0.06174670968406493,0.006767913567947733,0.0192180628626869,0.0022263770446551436,0.008920125208895648,0.015374168688378714,0.0173759746496579,0.03436457995067005,0.017228345364126884,0.013580806140712168,0.010741320219067622,0.028197678586418102,0.019547944008776273,0.02835052639051249,0.07142574077919997,,0.04159150635646998,0.008523997083283955,0.0405710558841058,,0.045185366371073815,0.04065501383344694,0.03243953594204638,6.302521247470142e-05
2016-03-01,0.052272056055668176,0.026055067806496256,0.014215365416490043,0.006834488939674357,0.022343003207791923,0.013942177043427746,0.0295709191410651,0.01709839683296654,0.0012079083535029708,0.011707972230492143,0.03978760939408356,0.019408161731037273,0.011798510028227517,0.025140336212385702,0.011780106202136771,0.02919537364097592,0.03431077949020835,0.007668595163413623,0.01412388648884562,0.011929416343897598,0.05467227641601979,0.018181104413113606,0.027119006651953145,0.015075427226212907,0.02846107140914809,0.04119544587991768,0.046742627662632014,0.06789127576463719,,0.049414933113037914,0.013780418986335499,0.02971698125174013,,0.04641304439988369,0.03874685222321059,0.029396525943105267,-0.007595755479814868
2016-06-01,0.03039340954623141,0.04576670512972334,0.008093668934332627,0.009837361544665399,0.012996202296775682,0.013017841393336553,0.04080638790840435,-0.0003780369964605039,0.030413852134168588,0.04018036547248637,0.015120468543484448,0.01786782776897821,0.012626445989931573,0.02344449745955379,0.011033333410709502,0.03316614667333065,0.010765068820806287,0.01364931183133856,0.03404290892336701,0.012049391124104258,0.03728641627524922,0.023188456371251092,0.02230667775423299,0.01227225582345185,0.02365473079341635,0.0284754627793584,0.021321734487747494,0.05949338077342494,,0.020184286990657836,0.009871718438806378,0.03977400635857458,,0.03921754852123126,0.012305052716956805,0.031989333638270105,-0.004425329375437827
2016-09-01,0.02792051006557016,0.04894062306852185,0.029880159294428558,0.011431200424568527,0.011567666290451523,0.012377609389170343,0.04223093000165339,0.013268597297431083,0.01730722582661861,0.0434894617221633,0.016927430466775348,0.011940748860408962,0.010328579202465738,0.021556903044186084,0.008662641763318888,0.020920137052712097,0.010076175836573144,0.011941061974927537,0.015245266493476028,0.01231873211208322,0.03771290362545688,0.010522042809714909,0.024757486756222743,0.008367534877478966,0.0445703755136851,0.03089233936222622,0.027796199964515194,0.059264855286359275,,,0.012488202649548266,0.04438136445301416,,0.03595160292757102,0.015565556588557128,0.01181323319949995,-0.00301791747461461
2016-12-01,0.0308870435275412,0.037343368608267535,0.021737257523601065,0.004743922375952976,0.014765175592944588,0.011897447038759232,0.033436524907771416,0.013247118045236506,0.04378156702133912,0.04242996052827021,0.0164149265205414,0.005113765081049032,0.012774135458852738,0.005770214909619654,0.008446456679387563,0.027478574030277175,0.0062852986118370376,0.00953168162242523,0.012789203705401861,0.013632003729733423,,0.008375240368530795,0.021913875021363566,0.006953146014776008,0.01795026998967384,0.011050723295124526,0.010780370810381173,0.06353313446933952,0.02953328768835292,,0.0031709729250887077,0.04041302354768298,,0.03219093497982287,0.008499337964302793,0.00807383419992012,-0.003993408578317568
2017-03-01,0.03420910098861831,0.02029020264415262,0.009648548638203398,0.011055711239616621,0.015009701735680659,0.010046653362136487,0.0288219357530693,0.02319591163827463,0.04170484957927962,0.03339141522649884,0.03779307676584064,0.030465735973990396,0.011816358964452822,0.020717026766871777,0.006365237517680405,0.04070079861557457,0.030116757793530097,0.013852715543359357,0.026968935657876683,0.009188769891577478,0.04592802380509384,0.04377197040063142,0.025929945389946033,0.011257400277119148,0.02096109366861831,0.0382552745534976,0.0327205671587543,0.0654968798374832,0.011441053037640602,,0.014466628103726316,0.0431661353495667,,0.024195198733614257,0.014642820750926553,0.03765163325868954,-0.005322738806607325
2017-06-01,0.028811941998988268,0.02606190332793826,0.02495532560090339,0.013436345471976342,0.017714558365775082,0.013243897710932973,0.04168320447977905,0.005367798239889858,0.01732493193670589,0.013606000347509075,0.03630009149589909,0.01360136321820954,0.018301987104039647,0.013937673198705876,0.012062460286776351,0.044657135134905906,0.013357706869885624,0.01456195689964725,0.02238076924495229,0.014391356599455573,0.03218842734463536,0.02530498136299883,0.025851274946508754,0.011719686757525319,0.020204242869688502,0.02018296142599604,0.020054485196312238,0.05505351151945772,0.002752944120062325,,0.012604022906627939,0.03950841539536433,,0.03292568983827993,0.018068840408013452,0.010780767902092299,0.004127080238911174
2017-09-01,0.0340004722213494,0.029410822102181,0.029268464799094788,0.018586668683389665,0.016989250517034322,0.020170990290453047,0.03735408470942854,0.019830075806414712,0.022765284254704633,0.022493110911605253,0.04084539261227493,0.01812937926065052,0.02078445198506718,0.020133097785354347,0.01684892343317884,0.04434353584684444,0.020958053323292015,0.018649597117876546,0.026822679505153556,0.02008915790105939,0.03934779375101024,0.021077583364593276,0.032332828940695134,0.01914069488885144,0.022359960548143914,0.026994661385272907,0.021179164363693034,0.056888896361420783,-0.0011529629238167963,,0.031135464083133647,0.040274065761326756,,0.03998344504724299,0.018642386218340305,0.01667678505853165,-0.004451816416520122
2017-12-01,0.02497485579957178,0.028879219348064436,0.02287550109153348,0.010684182564438404,0.01320657128205062,0.015336083209023086,0.03035291627945674,0.01335273158154539,0.01771337964178181,0.021353274381097326,0.0159653588664054,0.0094400631799228,0.018924132333361262,0.009568569025937623,0.015707053716743923,0.03865936244693725,0.022379486715251754,0.015685025362778514,0.042263676236136354,0.017564172419675964,0.03925482416445562,0.021805928971799896,0.02321862902609508,0.017588524909435535,0.020371698370695256,0.015760022091627128,0.010675582274552507,0.05154210494113653,-0.012704603018186331,,0.006321574071831185,0.033605718181088734,,0.04254376572706083,0.02283981928886804,0.00833851204022254,-0.00535565321233785
2018-03-01,0.047821605585400134,0.01349064568488452,0.03503367605765382,0.02866808419129249,0.035382897526832775,0.016351619228865195,0.04536174095567516,0.0254368752975642,0.04204699494941491,0.030634526403630707,0.030910677048492676,0.0314683974517527,0.03588862711115238,0.029773914577523142,0.007033746710543473,0.027767175886678014,0.023410366406761786,0.014873381842676068,0.040415603055863676,0.031788118179745486,0.057072082650545475,0.029041817481863744,0.02467943838998386,0.03220441610820229,0.013983835458260423,0.03459574210202382,0.012447952769669996,0.05260965485191771,-0.004851082831693092,,0.007475939291746217,0.04232988110003024,,0.03744141738514788,0.015788932957945423,0.03201876707652812,-0.0035939977910290255
2018-06-01,0.027582321168020514,0.02689537232457054,0.008056762199226984,0.022299959881584727,0.01590490187737718,0.03208535908944229,0.02618043569253667,0.011251673852999994,0.007710981755716034,0.02042698002584409,0.01630397278103809,0.013836829812575443,0.016683759119529233,0.019966139543525285,0.022933910508101524,0.014088088971791474,0.01560811160885479,0.007679762458508065,0.0390665371421438,0.011711620469486077,0.03028538969619802,0.027631813814304015,0.029891311980568994,0.02135951233388714,0.01288394116376539,0.014079936725617302,0.013160666812261853,0.05211891119853835,-0.021247560782229676,,0.008594674443422297,0.029327627380113058,,0.031493694297422735,0.028553775461676156,0.028713374570954475,-0.017762332179026664
2018-09-01,0.0439593757601499,0.022750476452037652,0.00490118755359709,0.025220907520790984,0.0011239484534217212,0.01775797733903062,0.010020094487923726,-0.02369099316471374,0.011584517946224974,0.024142066064379474,0.015842559752966442,0.01676720334590974,0.012122108219666715,0.009303322776717514,0.01263726080048444,0.014435441516109586,0.006604833877592098,0.012876563734999959,0.03797222167101059,0.007184514129189058,0.030824152056196315,0.0260788083753188,0.002602799603646104,0.003754007635973207,0.012856144739518438,0.029854974033056626,0.030093054059722454,0.04176149327125666,-0.01699289645262915,,0.0057371234476798205,0.02462152262461349,,0.015678658536316226,0.0023920444640318003,0.01256026354273558,-0.011161488684109582
2018-12-01,0.042622026112246886,0.02787536696348431,-0.0048602602825309075,-0.0035850086370987698,0.005437283362804246,0.004668818726704381,-0.0057814279507027175,-0.029999576418539432,0.005578089065180825,0.03596111071108206,0.006695737308917537,0.006985726276226648,0.013045374841869883,0.005946506319420907,0.01927950760211144,0.02332846650950921,-0.015468174375373995,0.008216743451368445,0.017972752436358607,0.004569807823306074,0.02294180976995198,0.029880927118785414,0.009210796702155083,0.01649634138374293,0.007698320621378164,0.036898279974662794,-0.011778464265861606,0.040717310534644245,-0.030522612613133496,-0.0013008560014873022,-0.003132938624627526,0.034669365408725096,,0.008145213678384488,0.02990104913474659,0.007141002400709435,-0.014882488883229501
2019-03-01,0.02998458472136574,0.017095719090705022,0.00137358916253556,0.02349925235358397,-0.00025572353088159147,0.0009838358912804077,0.011586373902394585,0.022773277421279783,0.03965187120154731,0.007033122991891374,0.0238029615480096,0.023349025231511628,0.022238384637443237,0.02632387005074186,0.01537302200490399,0.010467476468526025,0.03392088836126671,-0.039941748534677676,0.021236885786808806,-0.004016800952849631,0.039593907658209374,0.023330905587001998,0.007158432257451476,-0.013202398951444703,0.01026534189790444,0.035398485719431896,-0.0018244421639030408,0.05087941816726783,-0.011464677699837588,-0.024815036024613542,0.004186594936300847,0.047658943549780834,,0.02025847492706226,0.012963199224569151,0.023808290703439053,-0.00981742496020395
2019-06-01,0.002969982117294029,0.03885368106024131,0.004965784298898073,0.015020524366554664,-0.0022027083027702497,-0.007396945820584831,0.003059080827617276,-0.020914254223522052,0.0021908565970868597,-0.005383996940464026,0.01151334707186354,0.0022625429498603538,0.02066417826991775,-0.008085470059852726,0.0023177493047384073,0.03341121276799521,0.015095332745191077,-0.03142792076532715,0.03333837590320322,-0.011052814916739788,-0.02174606753052669,0.007492024673051984,-0.009502675681876628,-0.02106463633788555,0.021199144593032942,0.020781516796173,0.003805338700044317,0.04521432039384266,-0.004555762387816307,-0.023688232696286095,-0.004003908594460915,-0.01799945576836816,,-0.019917240811882893,-4.0806986393239246e-05,-0.008232540464509594,-0.02662712690669809
2019-09-01,0.0034435338952832698,0.023304667711938995,0.024720512969337086,0.011965778894228275,0.0005373776493713303,0.0059275883376730355,0.012499655608196457,-0.008764777185099711,0.012311362417213806,0.00815078647178093,0.01565477704718642,0.009531717545636541,0.01625571790480815,0.0052788629372587685,0.0011067125376900725,0.03338205367771042,0.014041748907724598,-0.0014874127423985697,0.0302099099818544,-0.00936819008187017,0.000707385111803714,0.02221954751820383,0.005971602811411844,-0.0051646812666296844,0.019131894917744523,0.0177120830713976,0.01431194989654515,0.03215124610344499,0.01344529031028031,-0.00217138524216268,0.006613723645332749,-0.004324228637704716,,-0.001256458432770662,0.003687519556249767,0.01708519876186758,0.0025006284498231657
2019-12-01,0.028718995505101694,0.012570979939016624,0.008458301044243778,-0.0050623437572468784,0.00220371065837495,-0.0041637300727054675,0.0038522238566786743,0.0007977801781796404,0.035303620706768485,0.011175716552888258,0.012364435739625167,0.006328457480559508,0.017609196859247698,0.019924305703859665,0.0029542838472698526,0.03898587852742487,0.004756412796908067,0.00029322359663132833,0.03442246002869765,-0.006820830979817179,-0.0013672941848261535,0.02575476685283693,-0.01077010250489012,0.008985939931977839,0.014780790136584331,0.009676960420775585,0.010335193093050362,0.03546623006886863,0.01350099409534049,0.005215277825951327,0.005551934344537932,0.00525617638979195,,-0.007365244104384141,0.01293186114911104,0.024306532662767343,0.009602698100375751
2020-03-01,0.029583456497317962,0.006633825666919018,0.02067008471870219,0.00894703512387807,-0.0031084804407345143,-0.008905946049449229,-0.002549009504830703,0.004301226390503307,0.0334986675962671,0.009698410426596003,0.013180087684294671,0.02039442620872183,0.014098450197388927,-0.0019879247400996164,0.0034259230338646598,0.028498832590139748,-0.005010242461593622,-0.0006292456849804987,0.03745854835332917,-0.009604481450972828,-0.002714161121185238,0.018799662373213802,-0.007386435267433297,0.008917206984387395,0.008081152533322436,0.01686616514211335,0.025747750958998582,0.03165925869802172,0.009751790362222443,4.166285545491533e-05,0.0070920440035692036,0.014701860103265858,,-0.00824387186685371,-0.006123377008667028,0.028877809320940185,0.0007421178395775676
2020-06-01,0.035748407087893286,0.01945840702325443,0.027942358677056394,0.014097305057785168,0.022146181350103575,0.0016831300857628414,0.02041500645441866,0.015908581778841697,0.029149647257403512,0.017032472299543744,0.002976603873515518,0.018290804620012983,0.018020574536317186,0.028720479756952858,0.001820450674076504,0.020531076431895296,0.019917304032434305,0.006159298961702028,0.041496315127595766,-0.008933076304930109,-0.004105158626325466,0.021412006805940933,-0.009385436238646964,0.011221592628800976,0.04064070754352775,0.03633089035600038,0.024309339563450515,0.031918085101292494,0.043006760985955704,0.00784177428802917,0.004418692338522814,0.026021783006027317,,0.006107833467629086,0.004971058066038845,0.031233283113353806,0.009694344917791435
2020-09-01,0.029326350142097994,0.010837233794958294,0.022907956442605924,0.010517159320170893,0.005846299270358077,0.012245085275165036,0.004154202770598728,0.0031128112765531194,0.027267837199922457,0.01927693102851603,0.01620538613121975,0.01998762419345428,0.010925022705565444,0.02268158662704172,0.004562777167975263,0.02527873644422804,0.014971120258251026,0.006544183428300582,0.032338954665107784,-0.010957953501805253,-0.0056850776971382215,0.019128022371487422,-0.005253553679044605,0.011418599447015837,0.03868596674719229,0.036268912636472146,0.02945040980572798,0.0317932405828099,0.023463979460728618,0.004006776409425116,0.0037267434500649734,0.02273052425098874,,0.014911423612775672,0.0015732151387807592,0.022961780463474045,0.014769516842147137
2020-12-01,0.010699263382805399,0.012116472813094406,0.027625277860040792,0.010579678644231481,0.0007431738041166199,0.008959521115924815,0.0040259231930005026,0.007155108915924967,0.024425337064195283,0.020816754900687552,0.016051764313684273,0.015999684579976622,0.018929090288111693,0.01872670838869852,0.017737147139999892,0.023394490602920297,0.017374206946339277,-0.0039046758204748606,0.03632400300278335,-0.00501796923288693,0.006104959351346191,0.020691177727016632,0.0038060365370495186,0.013124090637448271,0.01264786848223517,0.032808062650449686,0.026299898207746423,0.02697870637387621,0.015522952851977832,0.015484943505764303,0.006532331202986055,0.02506630196755851,,-0.0040004951555525125,0.008965551749878923,0.02399324943066443,0.009816520739846478
2021-03-01,0.02020257545306435,0.007916287499445758,0.02943557143258697,0.007219112775720326,-0.0008639711156639607,-0.003421704434188871,0.001492516564411088,-0.001683083178120779,0.030949787021144363,0.012772811022148915,0.01874908571897769,0.022248910008332064,0.018552650158723226,0.013154985100373396,0.007475312393631756,0.019805697661841176,0.002986303201585236,0.0070691989358564675,0.03499262477422604,-0.009673306521286314,0.0014751829085827472,0.0294144254734867,0.005082474986579612,0.01318348895706029,0.0002752641698962472,0.0323533069386491,0.026608314093554408,0.02550171488605664,0.01437084526987522,-0.00535314706378257,0.0037925863639009048,0.02721909121257855,,-0.013352797045272551,0.013386447590640923,0.02122565781715743,0.008963378579308005
2021-06-01,0.012487002161137063,0.014117865615436391,0.02233442730016591,0.010663758662624215,0.0028504143980254137,0.005318008720963591,0.007268431066662062,-0.0016894329693368027,0.027744188373240487,-0.00038030788913919345,0.016785849707566473,0.013776666717937954,0.013422803106559678,0.006777115565826437,0.013880323011073725,0.019346153452309715,0.01619943278176823,0.006130924808983551,0.008536541014580656,-0.009281668355463879,-0.00971418862557142,0.01938023507848504,-0.00786105490878636,0.0009748234007485646,-0.005978989287587028,0.0206847774453699,0.0028426857700280432,0.021759161788450655,0.009502329756088479,-0.00222248129903228,-0.00047051767863291613,0.021688576481533935,,-0.0024466974554419123,0.01351587174027459,0.01928117179922111,-0.0012186900477270531
2021-09-01,0.02488991475093232,0.010418296024536977,0.0281069690519395,-0.012047909965057732,0.008252936909221222,-0.001730706821006695,0.019809269873850285,0.005135770441525598,0.027894445487304007,0.014046448180242482,0.02152230123748002,0.021129305431531766,0.017601157508600397,0.0074500891772999985,0.0004275881449104102,0.021086786729150854,0.018350587974950608,-0.00042923275658578104,0.02293959647983999,-0.004192915457431609,0.013213241002619011,0.019810306331939725,-0.0021875424762382795,0.009070507239947274,-8.977047147525053e-05,0.02326874279036758,0.004994464731296005,0.02641284820447541,0.01876247484362181,0.0018645542946069513,0.004544619229768237,0.031623832205314825,,0.0007781055411494333,0.01550651626164551,0.025188503812312964,0.007584689853544332
2021-12-01,0.029916790548258455,0.014658995852307516,0.024899308009437415,-0.004355833751945326,0.017316866183560136,-0.002763308092315278,0.020421515467290003,0.005944339801214956,0.02802705643437893,0.005081553331240263,0.017166105613910534,0.005625611393240488,0.019054003635924844,0.00614166673351858,0.020594187316026736,0.04117402084759402,0.019175069158288757,0.006936077543357912,0.018496774346739974,-0.00031607488479745363,0.009511296290552217,0.015356048423647762,0.009682801847126901,0.007705611047025576,0.00445135730375744,0.023727934867719472,-0.0007230069911838247,0.025748978698713555,0.02261754913523125,0.008663106848378076,0.006367396339457512,0.013220606177277931,,0.00195802578652597,0.021140105292569836,0.023018174516788177,0.005481518458223853
2022-03-01,0.025631232212149364,0.011653362781481363,0.022119058204948968,-0.012528982203061593,-0.0008379305500832833,-0.012926404706122972,0.0026698860112467373,0.0009854606767598318,0.021993506496640624,-0.003181637317948815,0.021621871352280463,0.021803432753553773,0.009870131307060832,0.011175019662114634,0.003616938451746002,0.022236409376566842,0.01653841438471961,-0.004176344579423682,0.028166350831815054,-0.009662649565427851,0.0018600641556220587,0.01631273150002269,-0.0039572705191879545,-0.005671812359788241,0.0026691555341425235,0.029024722302704333,0.017574758690814634,0.028069015329646875,0.0336277432118062,0.009564487551080145,0.006972007998460696,0.028911859826449445,,9.549977320986206e-05,0.00724716789885639,0.026606642414409586,0.0065569280026311775
2022-06-01,0.02077890526180072,0.016060311238859586,0.030708919355283793,-0.0020953243779437735,0.0025504551237375815,-0.0007422672091259327,0.01927268615979055,0.0010261204568796677,0.010182584036765521,0.016086602963967467,0.003578873055625088,0.008082760247230765,0.018881622337842973,0.01695907587174779,0.018533434541316837,0.017895128145662517,0.02124396877803899,0.013683976681685838,0.030785597358378793,-0.0023277754126635915,0.014536297203721217,0.017391540256631,-0.0011624234440799311,0.011021487134473817,0.003420669852286812,0.02689714590282969,0.010428722274096533,0.023285997494170665,0.015732487569211882,0.018875607886202565,0.007842184648561566,0.029069575100103263,,0.0031427360302917697,0.0029803930201454665,0.023288530470698354,0.009273601888634039
2022-09-01,0.03202680309697208,0.0039191196331201114,0.00497690124875514,0.011316376950273925,-0.002119001226471357,-0.0031054152240098877,0.00595797152815469,-0.0007909975842788504,0.029464085943143797,0.001079032007692039,0.004272097692908988,0.02098245152313129,0.01433501640254277,-0.0016987619902481055,0.002200540088940057,0.014723974509990724,0.0007820152361759881,-0.002441431814333163,0.03508310224956002,-0.008681354837621592,-0.0020971056725290005,0.0157103305946106,-0.002772805293397181,-0.008650741553326331,0.026344871424939516,0.03245864595450503,0.028237496509059684,0.010646116240056453,0.031896846577428355,0.0027210270604424284,0.008504499884273492,0.002218635222518975,,0.002867678192695715,-0.002290540240965356,0.028741952770043825,0.016350497827064728
2022-12-01,0.030847997497032313,0.003494422519410503,0.020347322738645212,-0.008620113072204129,0.011716477433709627,-0.0027626130595649317,0.01712843323617098,0.0070419346182139415,0.01945431839515374,0.012784592590921007,0.009982981911136142,0.009060205167851759,0.01182329452003732,0.0040368084863077695,0.0038517916023099673,0.02613553114831487,0.005333106726659456,0.01583233026159348,0.028939934693992884,-0.004358770500902295,0.013957875595343066,0.00622099804563052,0.01107438234686733,0.008948805995010032,0.028487191079939533,0.035528583261980766,0.027993315272124245,0.008635131896217505,0.006044441251254704,0.0062271424754473635,0.011929792938284061,0.014127310694233864,,-0.002335459820582998,-0.0007974267846936259,0.031179971878569943,0.014612064951013345
2023-03-01,0.03185007700974169,0.0059993853368238165,0.02161498304614446,-0.0032813380116407374,0.02110450539678604,0.0020009797794201035,0.00895446360018346,0.006317872884750002,0.02110394288431028,0.011586870580781256,0.019687339296869,0.02709717696176459,0.01430775104456874,0.010548984243881503,0.005705190676397174,0.018520179857839568,0.01590483554527875,0.009166936698497136,0.03409102334100102,0.002819480248090084,0.003093610460683161,0.02710053884934859,0.004619425731895198,0.01756178700979927,0.013904987488899246,0.03356831408952401,0.02118746219410828,0.014592655454096824,0.031159262132221414,0.0018579397789630265,0.013797024894918441,0.027108217658214268,,0.005258579021984352,0.0024818401189366504,0.03260223726380838,0.009672515589232081
2023-06-01,0.032892392741406075,0.010771028263696232,0.012110332840387724,-0.005575793183223536,-0.0019517244249819335,0.010749991079570604,0.01988838886295888,0.0016980934903464513,0.015127833277057086,0.0014121932472942462,0.02606727806972332,0.013688570475816899,0.01391814092574024,0.014705397426446061,0.01641482030045427,0.019812149928661097,0.0025580544837430215,0.012249173459667865,0.03379789215998573,-0.0033154295977731387,-0.0036449345998832827,0.026397155540207873,-0.002802460769598171,0.019825429804664955,0.023181137328222867,0.03395612765773422,0.014056950711886626,0.013327590817163748,0.02390008398100845,0.0019642602795102333,0.011095360877900777,0.014519299930201483,,-0.0029370755114169742,0.005899522391083587,0.03217732006592013,0.011036932908367578
2023-09-01,0.03607849977621219,0.007005398403533861,0.02685145883121813,0.013573882557036532,-0.002621790625213574,-0.0092492123841846,0.005258971199796474,0.003449544231237392,0.027011049498750002,0.010886154950226152,0.024221528395361267,0.027775072027663,0.016874842114838362,0.009927085101426324,0.004427210358923071,0.012467795966102514,0.01753873339834201,-0.00145243861121769,0.03616128795248887,-0.004502859143327592,0.0034212515195856203,0.02430717176874446,-0.002083318435023496,0.0063582972642372785,0.03058467862797837,0.02196118790116516,0.0237174702750641,0.012876929914053946,0.021981379781821606,0.012380390439856158,0.014941236269183502,-0.00113749747120198,0.006482818734914738,0.014981588146747672,-0.0013446442010376354,0.030123873134949363,0.0007426870889030248
2023-12-01,0.029409311281759228,0.005525041942863068,0.02797414148349511,0.013463195475090502,-0.0006687016577109335,-0.008384412257116138,0.015766693052744397,0.019149328970258325,0.028590452401593355,0.008145250838329789,0.02190537870368239,0.013170690390497333,0.01740120558025131,0.001958656163090796,0.020369951542243293,0.028629508111892275,0.0008764819772559978,0.012307722719446915,0.025550126291650488,0.014360262549098151,0.011447941083459994,0.022352043135755815,0.007833053886916047,0.00929887559093109,0.02686622144950709,0.014178346966005945,0.01121659681921869,0.012434905543931807,0.023511317645230175,0.016141861896444013,0.00495310786387274,-0.0065558093751733265,0.01912875141155353,-0.00901951015406764,0.0018065379780781343,0.026743067313092752,0.010199186366372017
2024-03-01,0.036931138799264594,0.018519019338766006,0.030344084362295107,-0.012286606230933625,-0.005701001656453612,-0.03007066780605554,0.006198568246247992,0.019301219828378253,0.031125039464858256,-0.008452523392575472,0.03312376134299459,0.03369581733595479,0.019394903842771056,0.003964508210653877,0.005581870795850734,0.04393995079052992,-0.005228726237600206,-0.021705708505959497,0.03167379667353023,-0.002693655282945701,-0.007383978163758574,0.01660306412801728,-0.005838056207402944,-0.023129723179571647,0.02741027177400671,-0.014916161629535307,0.02968436708532741,0.02190049347524937,-0.0035994241392534702,0.015677276480536455,0.0017752116399813937,0.01327894575106989,0.00010502964538122412,-0.018284341629309402,-0.0015165589760308554,0.029840290646724287,-0.00029445470570570035
2024-06-01,0.018471675471751107,0.02736311314140868,0.006547430606331696,0.012077142929314007,0.0022778994021324913,0.006077142435331894,0.013372060759874103,0.00042613893885775814,0.026645722798929246,0.0018729505510823885,-0.0027269187847595074,0.019115846316473083,0.017940580993349487,0.00792710383996151,0.01940418456904074,0.01734145831706465,0.017737010409654887,-0.028853532193955363,0.019598922017419963,0.002147749211233055,-0.0073490296547338695,0.013486384153485518,0.0003302535303903176,0.004616688341212981,0.010752312511559519,-0.0015339972823727019,0.018385808613715346,0.001736196574230598,0.008367495076401903,0.011414988228794741,,-0.016700958193642625,0.005359549536382953,-0.0009060289136178126,0.011957224105138083,0.024381579477523334,0.009932731553867038
2024-09-01,0.019445623051606117,-0.002006809671511761,0.01667298984966339,0.010732685826855987,0.008951530371918743,0.006297156387587339,-0.0009497673618632776,0.0011105786179870512,0.013557335619719455,0.0004176594832983413,-0.0007025661312011108,0.019704009419912006,0.012052008495342112,-0.0014901766053740675,0.0007810734470539071,0.02323884244269061,0.016326905827563343,-0.03087384039630843,0.02503889054686854,0.0021555148524666514,0.008263214785311489,0.011528334049037145,-0.0060039968403681095,0.0037174088711859265,0.01993449753173629,0.0035063529873056577,0.007051471211999663,0.01890474331372176,0.0213623114294786,0.00942170383317463,0.0016526880896712212,-0.017266593073842762,0.006489312753307268,0.01066418033323473,-0.004793198223411856,0.001181424799193005,0.010467397760498608
2024-12-01,-0.0023858931569676043,0.003495961719480379,0.005745410008196236,-0.00769222872097105,0.017538947443680168,-0.016462366631066132,-0.009990346337478327,-0.0031985111556621,-0.0005934171770857824,-0.010923843212188273,0.007828241064990436,0.01447383365066781,0.009373704621278822,-0.004312339136776732,0.010224859351083035,0.025767466970344963,0.00799701637453104,-0.001343400984205267,0.02823713673416087,-0.004977489524540969,-0.004525534145162789,0.009390558195220167,-0.018878342646548793,-0.004571328638757451,0.020567594407829192,0.0010406980603490784,-8.541428190631568e-05,0.0055072057379216294,0.01832641829326641,-0.0022747973027183394,-0.005911502983394149,-0.001630915133630474,-0.023835820893582726,0.00012465987869317112,-0.016437384946833073,0.011934304499083828,-0.0032372191137747517
2025-03-01,0.003538329846608336,-0.0055285536764719135,0.011974706012026597,-0.009415678803841419,-0.007417227049223068,-0.022982444204129215,0.0002509335775891798,-0.0005191263163751926,-0.0016812835426782053,0.00663333237899265,0.018487733267680162,0.019391035432963676,0.01108864455235305,-0.009173375784707245,0.014369607203246157,0.015407181592021273,0.013238089877735537,-0.0011683726555591601,0.02846574826256382,-0.01391372830699744,-0.0053273050816154644,0.00826372337305366,-0.003719723792058623,-0.006219271015806668,0.012658325188338506,-0.004653890444457513,-0.002958366434868944,-0.00021534113503788015,0.025618502464126607,-0.003310337175396163,5.2961987446742635e-05,0.011306075138968084,-0.02017768199964628,-0.004447651013959841,-0.004064324251870041,-0.003065525246612012,-0.0034271734673361363
2025-06-01,0.0017055995707576988,0.003183038816713953,-0.005079308174908266,-0.009311250514876178,0.001498468044511184,-0.014840390722924616,-0.004246776300552251,-0.0023873173477543773,0.01587526442767442,-0.01733972852249294,0.0027433652560054267,-0.00039336992785917173,1.3815793901600267e-05,-0.004014337517310987,0.0033146128277781297,0.022454250955444552,0.005683927041068492,-0.005390238095532452,0.01906004123185241,-0.004514190076181694,-0.017621084331426486,0.008687594106554996,-0.013596072910597905,-0.010152997566636415,0.016463477512635494,-0.011386065343368975,0.0005358763813706874,-0.0002966531085675186,0.01769176896057006,-0.020959226869798203,,-0.010835679687854476,-0.023575258764076304,-0.02681258039203999,-0.026914057783666793,0.016570120458376487,-0.011953568429265447
2025-09-01,-0.013514254924590059,-0.009842142534268034,0.017970246710690946,,-0.0009020192643365053,0.007666393480513622,-0.003595675415305324,-0.00043864438886939586,0.017772997238658893,-0.02692458124737622,0.0020450529859135282,-0.00394597582117206,0.01228940537915904,0.010019449342387193,-0.0015665927981632184,0.019615679198265554,0.003565930688616715,-0.001007590933850621,0.017796845767961724,,-0.020829356418377788,0.005979249225043729,-0.016748041910480436,-0.015106242910518096,0.01604849828933036,-0.017003361214223252,0.0017988202946695624,-0.0034394773230236055,0.003688998403788596,-0.02591137004381195,0.0008129964910173096,-0.028407750470178055,-0.015408107380705133,-0.02380419845027889,-0.014221812024956808,0.016137707853650117,-0.015971567645493005
