date,ret,nav
2018-01-02,0.0,1.0
2018-01-03,0.0,1.0
2018-01-04,0.0,1.0
2018-01-05,0.0,1.0
2018-01-08,0.0,1.0
2018-01-09,0.0,1.0
2018-01-10,0.0,1.0
2018-01-11,0.0,1.0
2018-01-12,0.0,1.0
2018-01-16,0.0,1.0
2018-01-17,0.0,1.0
2018-01-18,0.0,1.0
2018-01-19,0.0,1.0
2018-01-22,0.0,1.0
2018-01-23,0.0,1.0
2018-01-24,0.0,1.0
2018-01-25,0.0,1.0
2018-01-26,0.0,1.0
2018-01-29,0.0,1.0
2018-01-30,0.0,1.0
2018-01-31,0.0,1.0
2018-02-01,0.0,1.0
2018-02-02,0.0,1.0
2018-02-05,0.0,1.0
2018-02-06,0.0,1.0
2018-02-07,0.0,1.0
2018-02-08,0.0,1.0
2018-02-09,0.0,1.0
2018-02-12,0.0,1.0
2018-02-13,0.0,1.0
2018-02-14,0.0,1.0
2018-02-15,0.0,1.0
2018-02-16,0.0,1.0
2018-02-20,0.0,1.0
2018-02-21,0.0,1.0
2018-02-22,0.0,1.0
2018-02-23,0.0,1.0
2018-02-26,0.0,1.0
2018-02-27,0.0,1.0
2018-02-28,0.0,1.0
2018-03-01,0.0,1.0
2018-03-02,0.0005203891831165743,1.0005203891831165
2018-03-05,0.00244059182387182,1.002962251064574
2018-03-06,-0.000644492424844118,1.0023158494913582
2018-03-07,-0.0004905553400843271,1.001824158098939
2018-03-08,0.0004078340906564288,1.0022327361434549
2018-03-09,0.0009073901848648599,1.0031421522911816
2018-03-12,0.0004747797168404775,1.0036184238381973
2018-03-13,-0.0007501147079415234,1.0028655948973153
2018-03-14,0.000217857794461453,1.0030840769839608
2018-03-15,-0.0006581192332913884,1.0024239280602893
2018-03-16,0.000761636613528303,1.003187410826177
2018-03-19,-0.0006573756626112974,1.0025279398372617
2018-03-20,-0.0006551428747043535,1.0018711408007852
2018-03-21,-0.0005768706841302497,1.001293190710381
2018-03-22,-0.0009567415525647749,1.0003352119085283
2018-03-23,-0.0013231841949167221,0.9990115841665123
2018-03-26,0.0019007647775056823,1.0009104701980163
2018-03-27,1.4909125081513419e-05,1.000925392897412
2018-03-28,-0.0004161965758396869,1.000508811176217
2018-03-29,0.00010551211034291925,1.0006143769723008
2018-04-02,-0.001333223489912222,0.9992803343805774
2018-04-03,0.0006738347133443121,0.9999536841582454
2018-04-04,0.0005857752081464793,1.00053943223572
2018-04-05,0.000746882567746991,1.0012867176960003
2018-04-06,-0.0012729074516757927,1.0000121723717812
2018-04-09,0.00016943869590846765,1.0001816131301606
2018-04-10,0.0005702231433693596,1.0007519398335398
2018-04-11,-0.0003628601887458,1.0003888067957643
2018-04-12,-0.0009371600201455959,0.9994512824014341
2018-04-13,0.00017246622847886484,0.9996236539946581
2018-04-16,0.0013466438813514899,1.0009697910719642
2018-04-17,0.0010560906523097357,1.0020269059115599
2018-04-18,-0.00035007797285694227,1.0016761183635903
2018-04-19,-0.0012636574843068896,1.0004103428397686
2018-04-20,-0.0013403998073721229,0.9990693930089332
2018-04-23,-0.0003089374135463751,0.9987607430947035
2018-04-24,-0.0005880165241926744,0.9981734552740489
2018-04-25,0.0007557382697692922,0.9989278131540674
2018-04-26,0.0008644407939778817,0.9997913271059969
2018-04-27,0.0011356715369054888,1.0009267616590363
2018-04-30,-0.0009163077590892042,1.000009604701048
2018-05-01,-0.00025963056811684426,0.9997499716392572
2018-05-02,-0.0006553210927030394,0.9990948143954127
2018-05-03,-0.0031745039487473385,0.9959231839619415
2018-05-04,0.002880247240186597,0.9987916889639856
2018-05-07,-0.0004983938860328755,0.9982938972927855
2018-05-08,-0.0010045294650177323,0.9972910816582076
2018-05-09,0.00043387263369246306,0.9977237789663647
2018-05-10,0.000936896190717874,0.9986585425742669
2018-05-11,-8.713926409901553e-05,0.9985715202037808
2018-05-14,0.003323913834578325,1.0018906858946022
2018-05-15,-0.0008010110174891401,1.0010881604168809
2018-05-16,-0.0005103234437126668,1.000577281659397
2018-05-17,-0.0016537057627119224,0.9989226212426782
2018-05-18,0.0003100016137882748,0.999232288867313
2018-05-21,0.0013117190261212198,1.0005430008721348
2018-05-22,-9.1873135474916e-05,1.0004510778494673
2018-05-23,-0.0003194081144704075,1.0001315256570715
2018-05-24,0.0002725330244802119,1.0004040945266368
2018-05-25,0.0014550414985797222,1.0018597239995222
2018-05-29,-0.00011457069173829887,1.0017449402379188
2018-05-30,0.0007591010239582511,1.0025053658477985
2018-05-31,-0.0003732842854632577,1.0021311463486349
2018-06-01,-0.0002257388698522151,1.0019049263962143
2018-06-04,0.0002865429213732453,1.0021920151607622
2018-06-05,0.00014335151858171032,1.002335680908046
2018-06-06,0.00013102951968408958,1.0024670164708775
2018-06-07,0.0001285955836171317,1.0025959293019175
2018-06-08,0.0002813275289557524,1.002877987137249
2018-06-11,7.855370796838642e-05,1.0029567669217785
2018-06-12,0.0001265293328580559,1.0030836703723827
2018-06-13,-0.0001592006469932454,1.002923978803071
2018-06-14,4.4723487551223086e-05,1.0029688330611517
2018-06-15,3.2695135712463014e-05,1.0030016252632639
2018-06-18,1.838600878063755e-05,1.003020066459953
2018-06-19,0.00014835541255529415,1.0031688699157137
2018-06-20,0.000331220852666331,1.0035011403641754
2018-06-21,-9.001997415175178e-05,1.0034108052174586
2018-06-22,0.00010660373389392948,1.0035177725559243
2018-06-25,-0.0003532993519975713,1.0031632303771623
2018-06-26,1.3305381572214137e-05,1.0031765778467217
2018-06-27,-0.0002612151810924362,1.0029145328952718
2018-06-28,-0.00011654282257017802,1.0027976504048115
2018-06-29,-2.2359575499526456e-05,1.0027752282750364
2018-07-02,0.0001250863195512622,1.0029006617376786
2018-07-03,1.6618698924706674e-06,1.0029023284280933
2018-07-05,0.00026628265064300693,1.0031693839184432
2018-07-06,0.00016554821341594218,1.0033354568177046
2018-07-09,0.00014940512626090104,1.0034853602783125
2018-07-10,0.00010236962682022133,1.0035880867001639
2018-07-11,-0.00023354948465599193,1.003353699219708
2018-07-12,0.0002451749178657658,1.0035996963805045
2018-07-13,4.549962004337329e-05,1.0036453597853654
2018-07-16,-9.19654082683179e-05,1.003553059130096
2018-07-17,-1.7284537565972414e-05,1.0035357131795462
2018-07-18,4.207544318319276e-05,1.0035779373894282
2018-07-19,-7.890227223542292e-05,1.003498752809803
2018-07-20,-0.000250604752826919,1.003247271252893
2018-07-23,3.91292989184857e-06,1.0032511968891296
2018-07-24,-0.00019023274733048656,1.0030603456576828
2018-07-25,0.00012143234326579902,1.003182149625893
2018-07-26,-0.00010746893010136991,1.0030743387135759
2018-07-27,-0.00025097526312843616,1.0028225918674798
2018-07-30,-0.00011071835123357043,1.0027115610035284
2018-07-31,6.813950991353172e-05,1.00277988527788
2018-08-01,-0.00012714847453860952,1.0026523833451688
2018-08-02,4.636324183978835e-05,1.002698869560099
2018-08-03,0.00019830004563130347,1.0028977047916872
2018-08-06,-2.8585446296761976e-05,1.0028690365132056
2018-08-07,7.482726615403653e-05,1.0029440784615182
2018-08-08,-5.971533189623854e-05,1.0028841873229997
2018-08-09,-0.00016391739286264337,1.0027197971616706
2018-08-10,-0.00015382856338646943,1.0025655502157942
2018-08-13,-0.00023243600719494671,1.0023325178823508
2018-08-14,0.0002160137723950617,1.0025490355107327
2018-08-15,2.094405938772658e-05,1.0025700329572715
2018-08-16,0.00029304511274023346,1.0028638312056095
2018-08-17,0.0002288671133834195,1.0030933537557742
2018-08-20,0.00014305014017486977,1.0032368464006376
2018-08-21,0.00019113650606984785,1.003428601586219
2018-08-22,-0.00010126188121722227,1.0033269925183552
2018-08-23,1.8686784678717785e-05,1.0033457414738267
2018-08-24,0.00015363431520207455,1.003499889809729
2018-08-27,8.489358640759009e-05,1.0035850805143345
2018-08-28,0.00010230857737015406,1.0036877558761919
2018-08-29,1.8408205028671765e-06,1.0036896034851914
2018-08-30,-0.00020805843979197495,1.003480777392255
2018-08-31,7.395720676432702e-05,1.0035549920275926
2018-09-04,-0.00014838988618127234,1.003406074616549
2018-09-05,0.00022700905450832333,1.0036338568808354
2018-09-06,-1.1200270339768867e-05,1.0036226159103163
2018-09-07,-0.00014907975761820725,1.0034729960939963
2018-09-10,-5.463129830363109e-05,1.003418175061407
2018-09-11,-0.00012631437777205416,1.003291428918979
2018-09-12,5.5913554934073786e-06,1.0032970386780216
2018-09-13,0.00025286876176569507,1.0035507411578752
2018-09-14,-5.361459076811093e-05,1.003496936195573
2018-09-17,-1.6339107884000982e-05,1.0034805399508713
2018-09-18,0.00011465603881131372,1.0035955950546063
2018-09-19,-0.0002227444528134838,1.00337204970294
2018-09-20,0.0002627837351352233,1.003635719557891
2018-09-21,-0.0002174921065720701,1.0034174367110136
2018-09-24,-0.00011767973584912954,1.003299354812115
2018-09-25,-0.0002924260631810077,1.0030059639315951
2018-09-26,-0.00025327093231676496,1.002751931675991
2018-09-27,9.398415510952706e-05,1.002846174469074
2018-09-28,0.0002173778188681664,1.0030641709831403
2018-10-01,-5.672137125618007e-05,1.003007275807904
2018-10-02,9.374603987811698e-05,1.0031013037679801
2018-10-03,-0.0002146781916290054,1.0028859597940665
2018-10-04,-2.418060663507757e-05,1.0028617094031729
2018-10-05,0.00020377702039866218,1.0030660695741869
2018-10-08,0.00019856361530989412,1.0032652419993562
2018-10-09,5.785077415475283e-06,1.0032710459664496
2018-10-10,-0.00038399198781296275,1.0028857979231938
2018-10-11,-0.0005749625929854934,1.0023091761043514
2018-10-12,0.0001400332821446502,1.002449532748005
2018-10-15,-5.648499214533185e-05,1.0023929093940216
2018-10-16,0.0005859997659979799,1.0029803114043645
2018-10-17,-7.67750026327145e-05,1.0029033075883158
2018-10-18,-6.061724901311615e-05,1.0028425143487838
2018-10-19,0.0002337706674950838,1.0030769495127556
2018-10-22,-0.0001165239407301492,1.0029600670337429
2018-10-23,-7.825310901314019e-05,1.0028815822902815
2018-10-24,-0.00015662000916058313,1.0027245109676761
2018-10-25,2.3617134179330696e-05,1.0027481924469965
2018-10-26,-0.00048139571472086807,1.0022654737642085
2018-10-29,0.00019347551130722383,1.0024593875892107
2018-10-30,0.0002963932116411472,1.002756509746638
2018-10-31,3.434972424187018e-05,1.0027909541562294
2018-11-01,0.00015289826429469618,1.0029442791525702
2018-11-02,0.00010828289970918727,1.0030528808673635
2018-11-05,0.00025385510406904623,1.0033075109608227
2018-11-06,0.0003341278629445443,1.0036427439553361
2018-11-07,0.00027654001684568444,1.0039202913366565
2018-11-08,-0.00013710771820638998,1.0037826461162502
2018-11-09,9.049689972922001e-05,1.003873485333726
2018-11-12,-0.00023232160403238272,1.0036402638353676
2018-11-13,8.786599526843626e-05,1.0037284496860408
2018-11-14,-8.403350036636003e-05,1.0036441028709964
2018-11-15,0.00011175890346407025,1.0037562690354014
2018-11-16,4.760197483837402e-05,1.0038040498160639
2018-11-19,-0.00019043371168892868,1.003612891685049
2018-11-20,-0.0001608992191998182,1.0034514111543982
2018-11-21,-0.00018754223171795273,1.0032632216373298
2018-11-23,3.347047627030178e-06,1.0032665796071152
2018-11-26,0.0002312745731418596,1.0034986096570613
2018-11-27,8.270629967226036e-05,1.0035816053137923
2018-11-28,0.0002114225792774971,1.0037937851253032
2018-11-29,1.73655559215354e-05,1.0038112165624125
2018-11-30,3.6080697649026514e-05,1.003847434771414
2018-12-03,0.0003488278943970856,1.0041976047583812
2018-12-04,-0.0005398363974340411,1.0036555023411164
2018-12-06,6.081603252424061e-05,1.0037165406867898
2018-12-07,-0.0003536859480192882,1.0033615402505545
2018-12-10,-8.636301873877186e-05,1.003274886919052
2018-12-11,-1.2459004171116566e-05,1.003262387113051
2018-12-12,-2.67675359306113e-05,1.0032355322510562
2018-12-13,-3.4353452365279575e-05,1.003201067646988
2018-12-14,-0.0002977279760773386,1.002902386623519
2018-12-17,-0.0007685440101278226,1.0021316120015364
2018-12-18,1.3886368695535208e-05,1.0021455279705822
2018-12-19,-0.00047989518830890686,1.0016646031537237
2018-12-20,-0.0004330120095109959,1.0012308703510562
2018-12-21,-0.0006587191991068581,1.0005713403540175
2018-12-24,-0.0008617426746117234,0.9997091053310411
2018-12-26,0.000973186036628728,1.0006820082730397
2018-12-27,1.2326577213524773e-05,1.000694343257081
2018-12-28,8.782904023164339e-05,1.0007822332808145
2018-12-31,0.00023017014068627556,1.0010125834682453
2019-01-02,-4.595555324849228e-05,1.0009665813811632
2019-01-03,-0.00010582997662408,1.0008606491112542
2019-01-04,0.0006868823204677944,1.0015481225963805
2019-01-07,0.00030136412149824027,1.0018499532664848
2019-01-08,0.0003860896412738559,1.002236757155552
2019-01-09,0.00017466492232256594,1.0024118127608894
2019-01-10,0.00021064330248435242,1.0026229640955788
2019-01-11,1.579746975767583e-05,1.0026388030015325
2019-01-14,-0.00010050956415056533,1.0025380282124425
2019-01-15,0.00029064404109330433,1.0028294099163118
2019-01-16,7.125159805944917e-05,1.0029008631143492
2019-01-17,0.00019852459061090778,1.0030999635976223
2019-01-18,0.00034516754846448174,1.0034462011529222
2019-01-22,-0.0001856451714114847,1.0032599162109068
2019-01-23,9.21206167438303e-05,1.0033523371331425
2019-01-24,0.00026153169823199616,1.003614745573798
2019-01-25,0.00017944498971695147,1.0037948392114973
2019-01-28,-4.926353194923993e-05,1.0037453887323653
2019-01-29,-0.00010113392614805711,1.0036438760203497
2019-01-30,0.00010986871423357799,1.0037541450825564
2019-01-31,0.0001305229301801087,1.003885158014753
2019-02-01,0.00013399183171747484,1.0040196704259094
2019-02-04,6.438267532218138e-05,1.0040843118983676
2019-02-05,0.00013976104446219572,1.0042246437705267
2019-02-06,9.118089542844965e-05,1.004316209872757
2019-02-07,-0.0001724888492182339,1.0041429765254648
2019-02-08,-2.5860841162253976e-05,1.0041170085434445
2019-02-11,0.00014886593888254339,1.0042664873646694
2019-02-12,7.425816642388493e-05,1.004341062352622
2019-02-13,9.139367961056086e-05,1.0044328527778945
2019-02-14,3.2437340458391667e-06,1.0044361108909359
2019-02-15,2.549465139341934e-05,1.00446171863943
2019-02-19,9.139772281474074e-05,1.0045535241531682
2019-02-20,0.00023234505537239098,1.004786927197362
2019-02-21,3.8124522299216575e-05,1.0048252342189739
2019-02-22,0.0001983920669316936,1.0050245835740956
2019-02-25,-0.0001546225042342819,1.0048691841561663
2019-02-26,-0.00019397829299762112,1.0046742613471378
2019-02-27,-3.651217075207387e-05,1.0046375785089572
2019-02-28,7.173207872258914e-05,1.0047096432508265
2019-03-01,8.618209875898703e-05,1.0047962312365253
2019-03-04,-6.789794757520376e-05,1.004728007634693
2019-03-05,-9.801061219652891e-05,1.0046295336275737
2019-03-06,-0.00037954137328052336,1.0042482351547424
2019-03-07,-0.00018240409007210935,1.0040650561692024
2019-03-08,-9.391743122090537e-05,1.0039707569583483
2019-03-11,0.00045267632219202225,1.0044252307481965
2019-03-12,0.00013985753789705203,1.0045657071879706
2019-03-13,7.833944259288196e-05,1.0046444043055196
2019-03-14,0.0001807387378241486,1.0048259824671157
2019-03-15,0.0003607330350343851,1.0051884563934526
2019-03-18,5.5145458488615944e-05,1.005243887971748
2019-03-19,-5.543583882218115e-05,1.0051881614335973
2019-03-20,-0.0002159182798194425,1.0049711229348857
2019-03-21,0.00034642088604377465,1.0053192659217411
2019-03-22,-0.0002782158624777206,1.0050395701551074
2019-03-25,-0.00025083903957076104,1.004787466994599
2019-03-26,0.00034124888530926795,1.0051303495976835
2019-03-27,-0.0001919356280871244,1.004937429272724
2019-03-28,-4.545469430180451e-05,1.004891750149084
2019-03-29,0.0002942509127551372,1.0051874404637853
2019-04-01,0.0002867184277610896,1.0054756462263201
2019-04-02,7.998423382691684e-05,1.0055560684255151
2019-04-03,0.00011862048794885146,1.0056753479770117
2019-04-04,-1.2163733221134816e-05,1.0056631152103719
2019-04-05,0.0003451903662280367,1.0060102604294132
2019-04-08,-1.3547446576518675e-05,1.0059966315591546
2019-04-09,-0.00017841670333512612,1.0058171449565856
2019-04-10,0.0002812301526456005,1.0061000110657952
2019-04-11,5.8326252440652214e-05,1.0061586931090212
2019-04-12,5.47288599319257e-05,1.0062137590272056
2019-04-15,9.56323984487993e-05,1.0063099856623337
2019-04-16,-0.00026978387456148806,1.0060384994553917
2019-04-17,-2.264473842311556e-05,1.006015717976728
2019-04-18,2.7561419115615937e-05,1.006043445197568
2019-04-22,-9.167257592373923e-05,1.0059512186034556
2019-04-23,0.0003316130720774137,1.0062848051774167
2019-04-24,0.00018721794948981503,1.0064731997552447
2019-04-25,-3.6138248807320035e-05,1.006436827576334
2019-04-26,-6.52844742888082e-05,1.0063711228771408
2019-04-29,-3.042249865722743e-05,1.0063405065530064
2019-04-30,0.0003227963011078741,1.0066653495461768
2019-05-01,-2.951796767684609e-05,1.0066356348309276
2019-05-02,-0.0001307852284568763,1.0065039817594534
2019-05-03,0.0002724423231549662,1.0067781960425088
2019-05-06,-0.00014616341205404758,1.0066310419061937
2019-05-07,-0.0003006952069741506,1.006328352776701
2019-05-08,-0.00015376695533837452,1.006173612729824
2019-05-09,-7.382211872219795e-05,1.0060993348619298
2019-05-10,0.00018185055775339607,1.0062822945871297
2019-05-13,-0.0005379588636345097,1.0057409561074382
2019-05-14,0.00022564238132524657,1.0059678938917704
2019-05-15,0.0002379609258351815,1.0062072749431614
2019-05-16,0.00031815405199400065,1.0065274038648304
2019-05-17,-7.967940042030583e-05,1.0064472043647839
2019-05-20,-0.00019548336914560881,1.0062504606744074
2019-05-21,0.0002386373551072875,1.0064905896229182
2019-05-22,-0.00015384773385320583,1.00633574332656
2019-05-23,-0.0005248883937854732,1.0058075293746365
2019-05-24,0.0001305290690174713,1.0059388164950565
2019-05-28,-0.00025415070570039783,1.0056831564349527
2019-05-29,-0.00018813189046408037,1.0054939553615247
2019-05-30,6.836030676265329e-05,1.0055626912367612
2019-05-31,-0.0006733583085161129,1.004885587243883
2019-06-03,-0.00020330634620178297,1.0046812876267897
2019-06-04,0.0035448072408583915,1.008242689129924
2019-06-05,0.0008510827818596288,1.0091007871225783
2019-06-06,0.0003898645210876341,1.009494199717679
2019-06-07,0.00010633803000712478,1.0096015473421804
2019-06-10,0.001687525583662317,1.0113052757826255
2019-06-11,0.0011868221062954704,1.0125055152401374
2019-06-12,0.005849921895974821,1.018428593423536
2019-06-13,-0.006123001405595542,1.012192753714505
2019-06-14,-0.0028816514185226773,1.0092759670299452
2019-06-17,-0.004907669548136771,1.004322774100886
2019-06-18,0.0048903328452285936,1.0092342467502826
2019-06-19,-0.004835989099618105,1.004353600934037
2019-06-20,0.007521819458465652,1.0119081673927226
2019-06-21,0.005376626139952037,1.0173488192967572
2019-06-24,0.00309414769193723,1.0204966467978793
2019-06-25,0.003930444886075284,1.0245076526245431
2019-06-26,0.0005908859818411238,1.025113019834768
2019-06-27,0.002837677344760039,1.0280219598269718
2019-06-28,0.0011524526893566713,1.029206706499292
2019-07-01,-0.0027040542157440776,1.0264236757657106
2019-07-02,0.008462823281937737,1.0351101179461126
2019-07-03,0.004712520840628897,1.0399880959492795
2019-07-05,-0.0009142150056229165,1.0390373232262935
2019-07-08,-0.006609536857901288,1.032169767741694
2019-07-09,-0.010265756444450052,1.0215737642967333
2019-07-10,-0.0005832783578787153,1.0209779024290422
2019-07-11,0.003116684197878336,1.0241599681239257
2019-07-12,0.0049431366736380385,1.029222530822031
2019-07-15,-0.0011490083113286271,1.0280399455799099
2019-07-16,-0.0067772011414793075,1.0210727120872394
2019-07-17,0.004841049680669865,1.02601577581403
2019-07-18,0.004305084657248481,1.030432860588582
2019-07-19,-0.0020945073796182962,1.028274611357878
2019-07-22,-0.014250555363565611,1.0136211270797737
2019-07-23,0.0056940191061937845,1.0193927051438076
2019-07-24,2.8037742060909068e-05,1.0194212866135333
2019-07-25,0.005103366559043548,1.024623767117214
2019-07-26,0.00015372396305244056,1.024781276343333
2019-07-29,-0.001594114442546019,1.0231476577102634
2019-07-30,-0.001209749117824276,1.0219099057339445
2019-07-31,-0.00432894576656393,1.0174861131737079
2019-08-01,-0.004498499723392605,1.01290895217504
2019-08-02,-0.00036595318868238745,1.0125382749141467
2019-08-05,-0.011779133135353479,1.000611451769292
2019-08-06,0.002137612084419797,1.0027503709004029
2019-08-07,0.00651620098206757,1.0092844938520327
2019-08-08,0.0018933276334751124,1.0111954000742807
2019-08-09,-0.004126280210120247,1.0070229245063895
2019-08-12,-0.00828978345983217,0.9986749225231446
2019-08-13,0.0068595363219457065,1.0055253694280084
2019-08-14,-0.021986208230672943,0.9834176792745398
2019-08-15,-0.009226095680452136,0.9743445736717047
2019-08-16,0.01002536385272894,0.9841127325406956
2019-08-19,0.009249696453818644,0.9932154765930351
2019-08-20,-0.006701426003602516,0.9865595165710142
2019-08-21,-0.008116153466751855,0.9785524481304393
2019-08-22,-0.0035397142960823897,0.9750886520403256
2019-08-23,-0.008493413948761687,0.966806820481807
2019-08-26,0.015074619847636186,0.9813810657666721
2019-08-27,-0.0004185803497891109,0.980970278936887
2019-08-28,-0.0020440273506898473,0.9789651488565262
2019-08-29,0.003916969619020447,0.982799725602677
2019-08-30,0.0033179614946060223,0.986060617249136
2019-09-03,-0.0039633894047684665,0.9821524750462712
2019-09-04,0.004354054393828765,0.9864288203456563
2019-09-05,0.002298655015040223,0.9886962799005239
2019-09-06,-0.000471810456123442,0.9882298026577365
2019-09-09,0.00029877793837898055,0.9885250639208193
2019-09-10,0.0008163471669980413,0.9893320435562576
2019-09-11,0.00011554410901084646,0.9894463550457462
2019-09-12,-0.0010447429645627489,0.9884126379274999
2019-09-13,0.0006055814481702079,0.9890112022841658
2019-09-16,-0.0011140396468927488,0.9879094045936002
2019-09-17,-0.002431513229311293,0.9855072898069698
2019-09-18,-0.0013449687734170346,0.9841818132762046
2019-09-19,-0.0025444013555598007,0.9816776597363873
2019-09-20,0.0014942236957476377,0.9831445057571515
2019-09-23,9.173643361648117e-05,0.9832346959278392
2019-09-24,-0.0035949550734883824,0.9797000113692835
2019-09-25,0.0018536688067473188,0.9815160507203289
2019-09-26,-0.0031655581761412914,0.9784090045609573
2019-09-27,-0.0006929628872744833,0.9777310034322213
2019-09-30,0.0004020771304279265,0.9781241267084116
2019-10-01,-0.003108415676791824,0.9750837103391029
2019-10-02,-0.0045880514039006205,0.970609976152961
2019-10-03,0.001012751238519859,0.9715929626084296
2019-10-04,0.00130654972888453,0.9728623971303118
2019-10-07,-0.0006669027531168633,0.9722135925192616
2019-10-08,-0.003047877016867176,0.9692504050551364
2019-10-09,0.0011565728804363888,0.9703714137879751
2019-10-10,0.0018749165591282263,0.9721907792201909
2019-10-11,0.004772644061558847,0.9768306997693383
2019-10-14,-0.00010038286910059985,0.97673264270107
2019-10-15,0.001305822603252775,0.9780080822632438
2019-10-16,0.0013984307692320953,0.9793757588580383
2019-10-17,0.00043181996223917826,0.9797986728612464
2019-10-18,0.0007487216653886067,0.9805322693553365
2019-10-21,0.0018279688003077104,0.982324651751413
2019-10-22,0.005267471540926313,0.9874990188984638
2019-10-23,-0.00035780463190832225,0.987145687175497
2019-10-24,-0.0025743076409604046,0.98460447049026
2019-10-25,0.0006960375762807827,0.9852897921994953
2019-10-28,0.003233602117369443,0.988475827357774
2019-10-29,-0.0004273699612419122,0.9880533824817475
2019-10-30,-0.0031347464880675086,0.9849560856109896
2019-10-31,-0.0001754918751322388,0.9847832338206028
2019-11-01,0.002584999328563989,0.9873288978188103
2019-11-04,0.0002340318091806449,0.9875599641870232
2019-11-05,0.0002203522940568241,0.9877775752906506
2019-11-06,0.0016436350915527687,0.9894011211760472
2019-11-07,0.007546609171791907,0.9968677447516956
2019-11-08,0.0006981017196620897,0.9975636598385824
2019-11-11,-0.0005947936050266684,0.9969703153531034
2019-11-12,-0.0022401728726584853,0.9947369294978037
2019-11-13,-0.0019239723062685348,0.9928230831934274
2019-11-14,-0.0002537318871701972,0.9925711723189026
2019-11-15,0.0010043927394946055,0.9935681035978114
2019-11-18,0.004212612432166716,0.9977536209432318
2019-11-19,0.004214507778165782,1.00195866133939
2019-11-20,-0.0020474956954492276,0.9999071552932796
2019-11-21,-0.0007110906166743462,0.999196130697605
2019-11-22,0.0009577203683741056,1.0001530811839747
2019-11-25,0.0007361896844206105,1.000889383565184
2019-11-26,0.0010032502341621216,1.0018935260736161
2019-11-27,-0.0008613784805564129,1.0010305165504476
2019-11-29,-0.000517269180448648,1.0005127143155474
2019-12-02,-0.0011666486148525627,0.9993454675432488
2019-12-03,-0.0002942041569833083,0.9990514559524352
2019-12-04,0.00023078277541132265,0.9992820198202186
2019-12-05,0.0002840513907767004,0.9995658672677267
2019-12-06,0.00029290744907949323,0.9998586475560949
2019-12-09,-3.919019295783913e-05,0.9998194629027666
2019-12-10,0.0003995930218126485,1.000218983783215
2019-12-11,0.0003735730625767258,1.0005926386522341
2019-12-12,0.0011174988799964845,1.0017107998052608
2019-12-13,-0.00034039210416656526,1.0013698253583487
2019-12-16,0.00014329886511643797,1.0015133205178843
2019-12-17,-0.00022978173986906865,1.0012831910445936
2019-12-18,-9.686383614748328e-05,1.0011862029136391
2019-12-19,0.0003300325375115068,1.0015166269367082
2019-12-20,0.001044501463459359,1.0025627125192225
2019-12-23,0.0004040303766919815,1.002967778309619
2019-12-24,0.0001892460586697817,1.0031575860086368
2019-12-26,0.0011476371940464625,1.0043088469658301
2019-12-27,-0.0006735105717069798,1.0036324343401397
2019-12-30,0.00039402930690020035,1.0040278949326253
2019-12-31,-0.00010642904747943787,1.0039210372001248
2020-01-02,-0.00047700770662126725,1.0034421591285412
2020-01-03,0.00024132441562358702,1.003684314221205
2020-01-06,-0.00020580801115340234,1.0034777479486694
2020-01-07,-2.8558774135141668e-05,1.003449089854316
2020-01-08,-0.0006133211536797617,1.0028336533008677
2020-01-09,-0.00021252169457203356,1.0026205293934942
2020-01-10,0.00012129065034389302,1.0027421378895525
2020-01-13,0.0009961792007082172,1.0037410487509917
2020-01-14,7.830907959374143e-05,1.0038196507886699
2020-01-15,0.0006037728601512857,1.0044257298503028
2020-01-16,0.0005354793285199339,1.0049635790656712
2020-01-17,0.00030078192382889204,1.0052658539443606
2020-01-21,-0.00010335105366178382,1.0051619586591454
2020-01-22,-0.0002682043596391438,1.0048923698396897
2020-01-23,-0.00012884660113982976,1.0047628928733243
2020-01-24,-4.032334643576261e-05,1.0047223774711092
2020-01-27,-0.0004526706950961366,1.0042675690941207
2020-01-28,1.4848947629638513e-06,1.0042690603257747
2020-01-29,0.0009332228585918246,1.0052062671690474
2020-01-30,-2.103827766991853e-05,1.005185119360483
2020-01-31,-0.0007800703656174531,1.0044010042369103
2020-02-03,0.00024838015642881725,1.0046504775154599
2020-02-04,0.00016013099332947523,1.0048113531943734
2020-02-05,0.0006991566172892569,1.0055138737010867
2020-02-06,-0.00017937753769518104,1.0053335070983038
2020-02-07,-0.0008377365752218467,1.0044913024491116
2020-02-10,0.0005544338443855512,1.0050482264235803
2020-02-11,0.0002187342398396011,1.0052680648833892
2020-02-12,-4.985469196866824e-06,1.005263053150417
2020-02-13,-0.00021016806322790135,1.0050517789615017
2020-02-14,0.00020126929553643632,1.0052540650250308
2020-02-18,0.0006617013408056919,1.0059192429877082
2020-02-19,0.0001332823613701387,1.0060533142797614
2020-02-20,0.0012549260800098216,1.0073158368217314
2020-02-21,0.000356460291882511,1.0076749049189426
2020-02-24,-0.0008590258164589662,1.0068092861610194
2020-02-25,-0.002045063596850037,1.0047502971409208
2020-02-26,-0.0003287486933455143,1.0044199867935972
2020-02-27,-0.0041159411507812795,1.0002858532372862
2020-02-28,-0.0015360516138044147,0.9987493625381554
2020-03-02,0.0033964271207547535,1.0021415419599164
2020-03-03,0.0006287483097757872,1.00277163676058
2020-03-04,0.0024206643810214773,1.0051990103439847
2020-03-05,-0.0009872367773011356,1.0042066409124664
2020-03-06,-0.0014071918298963323,1.0027935295318466
2020-03-09,-0.008421759465513417,0.9943482436325563
2020-03-10,0.0009061996364482129,0.9952493216494389
2020-03-11,-0.004414758044363013,0.9908555367005403
2020-03-12,-0.008352669782825738,0.982579247599996
2020-03-13,0.00185121679504723,0.9843982148056181
2020-03-16,-0.006135348796351851,0.9783585884032796
2020-03-17,0.008220154022050006,0.9864008466887498
2020-03-18,-0.004647445756043294,0.9818166022600487
2020-03-19,0.0020323022760400647,0.9838119503754758
2020-03-20,-0.002961089651615942,0.9808987949900829
2020-03-23,-0.0014884127696469707,0.9794388126978884
2020-03-24,0.007581373869657416,0.9868643045194045
2020-03-25,0.0022517180718789535,0.989086444708383
2020-03-26,0.0032861533168645775,0.9923367344093273
2020-03-27,-0.0027162094665799546,0.9896413399772898
2020-03-30,0.0008662256532440711,0.9904985926934889
2020-03-31,-6.795750531691968e-05,0.9904312808801096
2020-04-01,-0.0025496665704478065,0.9879060113529237
2020-04-02,0.002036999799255256,0.9899183756997327
2020-04-03,-0.001310451287539957,0.9886211358897375
2020-04-06,0.004835169139515627,0.9934012862966645
2020-04-07,0.0011900992721998733,0.9945835324444885
2020-04-08,0.0023154456631287123,0.9968864365713063
2020-04-09,0.006103800179386458,1.0029712321816782
2020-04-13,-0.00012704010034945447,1.0028438146156942
2020-04-14,0.0012067288534501148,1.0040539751822948
2020-04-15,-0.003110663494963134,1.0009307011347226
2020-04-16,0.0006426461622791893,1.0015739454085144
2020-04-17,0.0020674562559271155,1.0036446557277228
2020-04-20,-0.0007911013853202102,1.0028506710502074
2020-04-21,-0.0018455320732177162,1.0009998779721363
2020-04-22,0.002608795890067792,1.0036112823397483
2020-04-23,0.0005155738459229843,1.004128718068396
2020-04-24,0.0007894393402657092,1.0049214167811298
2020-04-27,0.0014585967655412575,1.0063871919092697
2020-04-28,6.802996633149678e-05,1.0064556563960518
2020-04-29,0.0015668891618306373,1.0080326608559218
2020-04-30,-0.002006289895132794,1.0060102551144827
2020-05-01,-0.001868180328810874,1.0041308465452958
2020-05-04,0.0005956275744224593,1.0047289345658266
2020-05-05,0.0010402255407798875,1.0057740792651226
2020-05-06,-0.0019854140708597118,1.0037772012560437
2020-05-07,0.001403815546862845,1.0051863192967534
2020-05-08,0.0014422283663156048,1.0066360275198756
2020-05-11,-0.001153977955872795,1.0054743917345303
2020-05-12,-0.0005909458126253676,1.0048802108530328
2020-05-13,-0.0007051190465484955,1.0041716506768608
2020-05-14,0.003911688870348676,1.0080996577467332
2020-05-15,-0.0004559569073923589,1.0076400077444436
2020-05-18,0.0029085153103959077,1.0105707441343357
2020-05-19,-0.0004615514517155545,1.0101043137403192
2020-05-20,8.301236627759756e-05,1.01018816488959
2020-05-21,-0.000900770775046582,1.0092782169133596
2020-05-22,6.782208832084956e-05,1.0093466682697274
2020-05-26,0.00020594827116020512,1.009554541471059
2020-05-27,0.0008472460088494725,1.0104098825270362
2020-05-28,0.0002796866613807553,1.0106924806937063
2020-05-29,0.00010356465554122524,1.0107971527123274
2020-06-01,0.0011416754437671487,1.011951155000209
2020-06-02,0.00047212974485405653,1.0124289272408238
2020-06-03,0.00030854003178380107,1.0127413020942133
2020-06-04,-1.3570271004489773e-05,1.0127275589202864
2020-06-05,0.00037629323104914264,1.013108641445605
2020-06-08,0.002301347006135701,1.0154401559844861
2020-06-09,-6.81664579224932e-05,1.0153709370258204
2020-06-10,3.677379079551408e-05,1.0154082760642384
2020-06-11,-0.004589626663455718,1.0107479311661203
2020-06-12,0.0013609501661028512,1.012123508730929
2020-06-15,0.0010430217022542872,1.0131791755158972
2020-06-16,0.00020336057658937778,1.0133852162172186
2020-06-17,-0.0005654398393928429,1.0128122078433177
2020-06-18,-0.00016096349115809236,1.0126491820544556
2020-06-19,0.0003836674392302611,1.013037702572973
2020-06-22,0.00047363347019214135,1.0135175111354784
2020-06-23,9.472491794843488e-05,1.01361351649856
2020-06-24,-0.0016364580537335338,1.0119547804961126
2020-06-25,0.000853681532604873,1.0128186676040534
2020-06-26,-0.000734141409806851,1.0120751154795398
2020-06-29,0.001753358177462793,1.0138496456594723
2020-06-30,0.0017185925810436753,1.0155920401387966
2020-07-01,0.0008692591273421541,1.0164748527893435
2020-07-02,0.008477483336515018,1.0250920014158518
2020-07-06,0.00240369775347246,1.0275560127567576
2020-07-07,-0.0037067785161532594,1.0237470902045267
2020-07-08,-3.351210402019333e-05,1.0237127822855494
2020-07-09,-0.004210564392416121,1.0194023736963966
2020-07-10,0.0021903235958992016,1.0216351947692195
2020-07-13,-0.0030736099427248966,1.018495086676739
2020-07-14,0.001535723778701497,1.0200592137998392
2020-07-15,0.0007459063771189648,1.0208200824724514
2020-07-16,0.00015990673835787462,1.0209833184822898
2020-07-17,0.0020627245714386054,1.0230893258603522
2020-07-20,0.001815384451945238,1.0249466263154703
2020-07-21,-0.0012355110551958753,1.0236802934276719
2020-07-22,0.0014201781638245184,1.0251341018271354
2020-07-23,-0.001186953678364727,1.0239173151341545
2020-07-24,-0.0012599051961297008,1.02262727638841
2020-07-27,0.002099991533929297,1.0247747850111908
2020-07-28,-0.0012506089839207824,1.0234931924585602
2020-07-29,0.001643427394478803,1.0251752292091092
2020-07-30,-0.004276679532869596,1.0207908832887458
2020-07-31,0.004818488256467103,1.0257095521721813
2020-08-03,-0.0006479256895829175,1.0250449686032783
2020-08-04,0.0059968995540662625,1.031192060318393
2020-08-05,0.0023187657554920127,1.0335831531551944
2020-08-06,-0.008067849838184246,1.0252443594802614
2020-08-07,0.005479271289900703,1.0308619514642943
2020-08-10,-0.00556897574761279,1.0251211062574528
2020-08-11,-0.0019608240492941247,1.0231110241388641
2020-08-12,0.005674161235112163,1.0289163210512486
2020-08-13,-0.0039746357839796406,1.0248267534228777
2020-08-14,0.0018378834989844195,1.0267102656023115
2020-08-17,0.0006395486086085408,1.0273668967241216
2020-08-18,-0.0007321668278033877,1.026614692762357
2020-08-19,0.003108341739574508,1.0298057620623307
2020-08-20,0.002371806652290253,1.032248262219357
2020-08-21,-0.002328044691714288,1.0298451421319659
2020-08-24,0.005774201484025733,1.035791675479981
2020-08-25,-0.002322128040344045,1.033386434586394
2020-08-26,-0.00019811197731463737,1.0331817083565078
2020-08-27,0.0013671244842007099,1.0345941963666303
2020-08-28,-5.754399276236592e-05,1.0345346616856825
2020-08-31,-0.00028500339287116223,1.0342398157970594
2020-09-01,0.0010947701045173753,1.0353720706282956
2020-09-02,0.002391777631111933,1.0378484503867025
2020-09-03,0.01585899894468715,1.0543076878661304
2020-09-04,-0.004157981135120103,1.049923896389371
2020-09-08,-0.009453867051885273,1.0399980554583084
2020-09-09,0.00977397322700581,1.0501629686084961
2020-09-10,-0.00510762092360354,1.0447991342568377
2020-09-11,-0.0026371432561623762,1.042043849265888
2020-09-14,0.001850484717161596,1.0439721354835667
2020-09-15,-0.0045087990087119565,1.0392650749539756
2020-09-16,0.003569850999079455,1.0429750964201083
2020-09-17,-0.0005288741995518843,1.0424234938008365
2020-09-18,-0.0010453846271512785,1.0413337603054358
2020-09-21,-0.016273429733271318,1.0243876885282222
2020-09-22,-0.0059759391597448905,1.0182660100255858
2020-09-23,-0.00660347269081041,1.0115419182364014
2020-09-24,0.008245920594382523,1.0198830125720681
2020-09-25,-0.0005182629554445361,1.019354444987765
2020-09-28,0.009083847325185402,1.0286141051362827
2020-09-29,-0.007258395864458828,1.0211480167694376
2020-09-30,0.0016825798502607347,1.0228661798465875
2020-10-01,-0.00839150586698385,1.0142827922972655
2020-10-02,0.005127788419689081,1.0194838198538971
2020-10-05,0.0097815391643157,1.0294559407651842
2020-10-06,-0.005790046502431534,1.0234953429959495
2020-10-07,0.004818728113479992,1.0284272887792598
2020-10-08,0.018686510778655113,1.0476450063960965
2020-10-09,-0.0014635241321849734,1.0461117526472727
2020-10-12,-0.004796580928467017,1.0410939929654797
2020-10-13,-0.005558633704452903,1.0353069328066784
2020-10-14,-0.001788518696607436,1.0334552670006263
2020-10-15,0.003042435814012268,1.0365994883171286
2020-10-16,-0.007171718394589078,1.029165288698943
2020-10-19,-0.006025137663523485,1.022964426156012
2020-10-20,-0.003821107127915918,1.019055569495623
2020-10-21,-0.0021223048282372095,1.0168928229402403
2020-10-22,0.0033738444894408507,1.0203236611872692
2020-10-23,0.0024892639191052696,1.022863516062872
2020-10-26,-0.004984757108491901,1.0177647898801607
2020-10-27,-0.007319202298161434,1.010315563491082
2020-10-28,-0.011283438788012513,0.9989157296738541
2020-10-29,0.0012883193812687525,1.0002026521686471
2020-10-30,0.0029005772822198557,1.0031038172591435
2020-11-02,0.005955022538678336,1.009077323099556
2020-11-03,0.0030548160429807636,1.0121598686947686
2020-11-04,0.0070578558183782185,1.0193035471131648
2020-11-05,-0.004084144068476953,1.015140564577245
2020-11-06,0.006818555954571104,1.0220623573185699
2020-11-09,0.007876532091772382,1.030112664275782
2020-11-10,0.011766823746721286,1.0422338184355806
2020-11-11,0.002470309667168096,1.0448084587127116
2020-11-12,-0.0029205434769658026,1.0417570501839395
2020-11-13,0.007632076416023494,1.0497078195978746
2020-11-16,0.008717127107325577,1.058858256086863
2020-11-17,0.0011482760125383171,1.0600741176230055
2020-11-18,-0.011748240573188832,1.0476201118637596
2020-11-19,0.0027536053485775636,1.050504844207065
2020-11-20,-0.004166326791232151,1.046128097730326
2020-11-23,0.019698016492950363,1.0667347462531567
2020-11-24,-0.0015026629882135042,1.0651318034317208
2020-11-25,0.005383781637784991,1.0708662404768574
2020-11-27,0.002957555990577663,1.0740333873414871
2020-11-30,-0.0024667525972857465,1.0713840126936909
2020-12-01,0.0011885475865453237,1.0726574035762413
2020-12-02,-0.0015253033334895038,1.0710212756628743
2020-12-03,-8.15583714872937e-05,1.070933924911803
2020-12-04,-0.00011480386874223683,1.070810977554056
2020-12-07,0.005111409871553675,1.0762843313552939
2020-12-08,-0.0011138787247329544,1.0750854811368338
2020-12-09,0.0017927081375825494,1.0770127956274647
2020-12-10,0.0023651819308764086,1.0795601268310053
2020-12-11,0.0019554798189395004,1.081671184872355
2020-12-14,-0.004759380323815486,1.0765231003182354
2020-12-15,0.009220989531843764,1.086449708557058
2020-12-16,0.005827986869819807,1.092781523193248
2020-12-17,0.004504991459542081,1.097704494622379
2020-12-18,-0.0035768630830877012,1.0937781559394248
2020-12-21,-0.0025598752528718767,1.0909782203059037
2020-12-22,0.004776603057370395,1.0961893902085413
2020-12-23,-0.00233859249383428,1.0936258499287788
2020-12-24,0.0042786722036064935,1.0983051164540145
2020-12-28,0.0006099411093047862,1.0989750178950997
2020-12-29,-0.000922990357390929,1.097960674550569
2020-12-30,-0.002413427662127431,1.0953108258866806
2020-12-31,0.002029775983805452,1.0975340614958675
2021-01-04,-0.0018502814738013942,1.0955033145550157
2021-01-05,-0.001180669265319279,1.0942098874614652
2021-01-06,0.0035827016884595712,1.0981301150728024
2021-01-07,-0.006612919606274384,1.0908682689045972
2021-01-08,0.0012315165051320093,1.092211691182678
2021-01-11,0.0004550830206030003,1.0927087381782392
2021-01-12,0.0004638065656534383,1.0932155436653532
2021-01-13,1.2193295227362688e-05,1.0932288735652242
2021-01-14,-0.002166178281235509,1.0908607449228878
2021-01-15,-0.0003436258892253446,1.0904858969293927
2021-01-19,-0.006958497846722999,1.0828977531637278
2021-01-20,0.004682675498600378,1.0879686119399572
2021-01-21,-0.00027392390970898054,1.087670591324134
2021-01-22,-0.0029698774003871233,1.0844403430158949
2021-01-25,0.010576005476397917,1.095909390022458
2021-01-26,-0.0006766293242995075,1.0951678655923935
2021-01-27,-0.009988376972717398,1.0842289161024505
2021-01-28,0.001442024108430223,1.0857924003385275
2021-01-29,-0.005554488367133783,1.0797613790817249
2021-02-01,0.004891612975906713,1.085043153854524
2021-02-02,0.003187559698489826,1.088501793682873
2021-02-03,0.0004292726919909038,1.0889690577780842
2021-02-04,0.0018993738352623087,1.0910374171138382
2021-02-05,0.0007662449790208477,1.0918734190566255
2021-02-08,0.0001352892833831735,1.092021137829035
2021-02-09,-0.0005407596362156423,1.0914306168758028
2021-02-10,0.004014321278818032,1.0958119700254807
2021-02-11,0.0014119911845582147,1.09735924686709
2021-02-12,0.006473403750913399,1.104462896331859
2021-02-16,-0.003793658562554854,1.1002729412081655
2021-02-17,0.0001916176280113364,1.1004837728993249
2021-02-18,-0.0006888556237537708,1.0997256984635133
2021-02-19,0.0029091647492003074,1.102924981699273
2021-02-22,-0.0057708845326019335,1.0965601289817644
2021-02-23,0.0033760830623125663,1.100262207060027
2021-02-24,-0.0020869528278437154,1.0979660117356334
2021-02-25,-0.0060958448815379,1.091272981242892
2021-02-26,-0.008248243530031285,1.0822718959358575
2021-03-01,0.008596836801606401,1.0915760108001833
2021-03-02,-0.002645557594475206,1.088688183594864
2021-03-03,-0.004289386843556183,1.0840183788234172
2021-03-04,-0.0037352167621433033,1.0799693352043647
2021-03-05,-1.442670151044213e-05,1.0799537548091254
2021-03-08,-0.00031509230965885704,1.0796134696861979
2021-03-09,0.0023912637857084816,1.0821951102788214
2021-03-10,0.0014724969082215043,1.0837886392327996
2021-03-11,0.0037597056602382884,1.0878633655142251
2021-03-12,0.001904556547761833,1.0899352628100853
2021-03-15,0.003812516714937583,1.0940906592177488
2021-03-16,0.0015137508916700697,1.0957468399287076
2021-03-17,0.001316835829781207,1.0971897586278954
2021-03-18,-0.0020766535594544788,1.0949112756102437
2021-03-19,0.003808551172802108,1.0990813012330833
2021-03-22,-0.0016952896729590554,1.0972180400533604
2021-03-23,-0.006352747642067941,1.090247690736577
2021-03-24,-1.6381613140538993e-05,1.09022983072068
2021-03-25,-0.00031739560715868167,1.0898837965616157
2021-03-26,0.004818931412772972,1.0951358718251387
2021-03-29,-0.0018428056097575933,1.0931177492970925
2021-03-30,-0.0011945036397201243,1.0918120161669145
2021-03-31,0.0037739047985276618,1.095932410773817
2021-04-01,0.004536556821268631,1.1009041704275624
2021-04-05,0.004592279653582528,1.105959830249961
2021-04-06,0.0013294215372514921,1.1074301170676302
2021-04-07,-0.001672835357096889,1.1055775688122855
2021-04-08,0.001474013387950752,1.107207204950133
2021-04-09,-0.0006780506407999209,1.1064564623953181
2021-04-12,-0.002230381385857923,1.1039886424973293
2021-04-13,0.00070182534428747,1.1047634497064394
2021-04-14,-0.00023963671171060876,1.1044987078261337
2021-04-15,0.004246039574382699,1.1091884530494178
2021-04-16,0.0050185904301145974,1.1147550156050852
2021-04-19,0.0010858968146442538,1.1159655245256395
2021-04-20,-0.0035688253069359396,1.1119828385200443
2021-04-21,0.004308678569468454,1.1167740151459922
2021-04-22,0.001025091763249401,1.1179188109903293
2021-04-23,0.003182669397236212,1.1214767769786629
2021-04-26,0.0008511902347095418,1.1224313670596806
2021-04-27,2.0646548381985592e-05,1.122454541393206
2021-04-28,-0.001452618643999761,1.1208240429993361
2021-04-29,0.0045192917816749565,1.1258893738855669
2021-04-30,-0.0034780865294723705,1.1219734332205795
2021-05-03,0.0021582767462447034,1.1243949623914038
2021-05-04,-0.004439960205920711,1.1194026935026482
2021-05-05,-0.0016259186991604729,1.1175826357313916
2021-05-06,0.0022601034862524765,1.1201084881425833
2021-05-07,0.004855493420060657,1.1255471675365136
2021-05-10,-0.0011227792615303685,1.1242834265189294
2021-05-11,-0.0011441643266441267,1.1229970615292693
2021-05-12,-0.003444088031855172,1.1191293607898478
2021-05-13,0.0001035309523737365,1.1192452253184
2021-05-14,0.005977733496962855,1.1259357749931016
2021-05-17,0.00218238584274707,1.128393001288289
2021-05-18,0.0009845435357072627,1.1295039533234446
2021-05-19,-0.023093922974349538,1.1034192760261696
2021-05-20,0.004908940683165111,1.108835895800843
2021-05-21,-0.0026558146526857126,1.1058910331813514
2021-05-24,0.011965747263309618,1.1191238457851598
2021-05-25,0.004396185836998946,1.1240437221858484
2021-05-26,0.0022491996846310067,1.1265719209713003
2021-05-27,0.008576571530336566,1.1362340456355793
2021-05-28,0.0011000441742077627,1.1374839532780172
2021-06-01,0.014173273591010283,1.1536058245532106
2021-06-02,0.011323118656440409,1.1666682401873874
2021-06-03,0.0019238141131424883,1.168912693013215
2021-06-04,0.012955353592071004,1.184056370269461
2021-06-07,-0.01253200530734829,1.1692177695530446
2021-06-08,-0.0021044027099744625,1.1667572645102469
2021-06-09,0.003928136080827882,1.1713404458185377
2021-06-10,0.01630678315884906,1.1904412404736902
2021-06-11,0.0009506016490249437,1.191572875879952
2021-06-14,-0.008445204576035476,1.181509799175891
2021-06-15,-0.009799145738280857,1.1699320124625594
2021-06-16,0.005662869480667689,1.1765571847503897
2021-06-17,-0.008177335060981446,1.1669360824322808
2021-06-18,-0.004492762409596245,1.1616933158667275
2021-06-21,0.0008807003404801458,1.1627164195655448
2021-06-22,0.007001032268561927,1.17085663473811
2021-06-23,0.022590160944879856,1.1973064745602242
2021-06-24,-0.003733788374272489,1.19283598556507
2021-06-25,0.0020953441549483825,1.195335387475236
2021-06-28,0.009861939525658621,1.2071237127793966
2021-06-29,0.00398105357814062,1.2119293369554154
2021-06-30,0.00456652371719252,1.2174636410161837
2021-07-01,-0.005757271192618811,1.2104543726677004
2021-07-02,0.004941915687389865,1.2164363361208566
2021-07-06,-0.02730193356294578,1.183225272088532
2021-07-07,-0.01199274243612895,1.1690351561564556
2021-07-08,-0.0016167620185371717,1.167145104517647
2021-07-09,0.014385705397509675,1.1839353101473835
2021-07-12,0.00766410759648773,1.1930091177516342
2021-07-13,-0.01578562774669601,1.1741767199203927
2021-07-14,-0.010610100035830865,1.1617185874622937
2021-07-15,0.0026683588387237172,1.1648184695232584
2021-07-16,-0.01402672221874247,1.148479884415995
2021-07-19,-0.007968636664635336,1.1393280655004414
2021-07-20,-0.056737786472595045,1.0746851129978425
2021-07-21,0.04222249751862809,1.1200610025147004
2021-07-22,-0.009706444341030712,1.1091891927352324
2021-07-23,-0.019013137248097584,1.0881000263796508
2021-07-26,0.0017116482943096152,1.0899624709338418
2021-07-27,-0.015450499158210392,1.0731220066941975
2021-07-28,0.011681614180586332,1.085657803945096
2021-07-29,0.017957728693610585,1.105153752242443
2021-07-30,-0.0019994269575021894,1.1029440780380249
2021-08-02,-0.0020653556358724715,1.1006661062703968
2021-08-03,0.0021314315049152837,1.1030121006856939
2021-08-04,0.004039785102887286,1.1074680325383484
2021-08-05,0.008484213456072974,1.1168640277221809
2021-08-06,0.007850254008730002,1.125631694033013
2021-08-09,0.0031863902815884443,1.129218395923528
2021-08-10,0.020517181818676032,1.1523867750656847
2021-08-11,0.0012727363007452156,1.1538534595468095
2021-08-12,0.0028178501751775606,1.157104845719923
2021-08-13,-0.004101879814446273,1.1523585407100663
2021-08-16,-0.020754878089796664,1.128441479681893
2021-08-17,-0.02839596949830066,1.0963982898442286
2021-08-18,-0.019948260919175672,1.0745270506870779
2021-08-19,-0.009336426004961108,1.0644948083880088
2021-08-20,0.01374802385407117,1.0791295084062622
2021-08-23,0.00888521802434746,1.0887178093649588
2021-08-24,0.007898558073162847,1.0973171102075143
2021-08-25,0.008979160801890592,1.1071700969907334
2021-08-26,-0.012163842270069804,1.0937026545648003
2021-08-27,0.010630542835302736,1.1053293074832358
2021-08-30,0.014025344670288127,1.120831931994859
2021-08-31,0.0029090885505998264,1.1240925313353718
2021-09-01,-0.0004331335921365591,1.1236056490993807
2021-09-02,0.005850123854895617,1.1301788813106723
2021-09-03,0.0020843737040090143,1.1325345964517026
2021-09-07,-0.022794060319550946,1.1067195345462042
2021-09-08,-0.009468262656445289,1.0962408233061018
2021-09-09,0.005028161633592218,1.1017528993550272
2021-09-10,-0.0009959176283923703,1.1006556442204272
2021-09-13,0.004611631056332164,1.1057314619716414
2021-09-14,-0.006859561060958568,1.0981466294912239
2021-09-15,0.009504406592641955,1.1085838615562478
2021-09-16,-0.01375987366886297,1.0933298876698936
2021-09-17,0.00024264612915000434,1.0935951799350208
2021-09-20,-0.02065263316739358,1.071009559850193
2021-09-21,-9.632630835757958e-07,1.0710085281862218
2021-09-22,0.010114966977081441,1.0818417440809982
2021-09-23,0.009642459650975488,1.0922733594470402
2021-09-24,-0.005963382842379667,1.0857597152361254
2021-09-27,-0.0036143431673358816,1.0818354070279932
2021-09-28,-0.013706691101719511,1.0670070232809574
2021-09-29,0.0134188155518651,1.081324993718909
2021-09-30,0.003585294237536783,1.085201861987794
2021-10-01,0.006398053607499743,1.0921450416757503
2021-10-04,-0.006070738144631662,1.085514915111779
2021-10-05,0.0038127247383729604,1.0896536846824987
2021-10-06,-0.005576289264878638,1.0835774605381683
2021-10-07,0.01587545732162783,1.1007797482676198
2021-10-08,-0.00763180945497625,1.0923788069769447
2021-10-11,0.01539587690089147,1.1091969366183045
2021-10-12,-0.0017868510871719742,1.1072149668662203
2021-10-13,0.011614996735146968,1.1200752650914771
2021-10-14,0.014827283713538045,1.1366829388275048
2021-10-15,-0.007412052634174138,1.1282577850565476
2021-10-18,0.0031011222580068823,1.131756650386556
2021-10-19,0.004668941813320767,1.1370407563340497
2021-10-20,0.0014082596686467563,1.1386420049728023
2021-10-21,-0.013128404960960226,1.1236934516259596
2021-10-22,-0.009781918754371455,1.1127015735773351
2021-10-25,0.03655157386899416,1.153372567338093
2021-10-26,0.002712767695903862,1.1565013991801094
2021-10-27,-0.012987393771676231,1.141481460111463
2021-10-28,0.01045781465745737,1.1534188616562324
2021-10-29,-0.013250987200365385,1.1381349230837656
2021-11-01,0.017332080147295113,1.157861168789089
2021-11-02,-0.001607347475301106,1.1560000835626867
2021-11-03,0.0010479802966049123,1.157211548873134
2021-11-04,0.009854006902521835,1.168614719463408
2021-11-05,-0.005470612417564677,1.1622216812677626
2021-11-08,0.008867704453203323,1.17252791964635
2021-11-09,-0.003158783448452938,1.1688241578609222
2021-11-10,-0.03182637403192174,1.1316247230352945
2021-11-11,0.014173958861810934,1.1476643253066048
2021-11-12,0.01012988764055685,1.1592900359710363
2021-11-15,-0.013468644257076981,1.1436759708857684
2021-11-16,0.004691489925491868,1.1490415151812063
2021-11-17,-0.011574852391972966,1.135741529250735
2021-11-18,-0.01202842271520118,1.122080350041698
2021-11-19,0.0038711735843798075,1.126424117852331
2021-11-22,0.005240716734695978,1.132327387577125
2021-11-23,-0.004900047024410836,1.1267789301309687
2021-11-24,-0.008521953153819845,1.1171765728736813
2021-11-26,-0.0203819778982218,1.0944063046569588
2021-11-29,0.009926624048076526,1.105270064599133
2021-11-30,-0.003491756843483067,1.101410730287172
2021-12-01,-0.020372078839038032,1.0789727040555994
2021-12-02,0.004045927364065456,1.0833381492440175
2021-12-03,-0.0005824319114316744,1.0827071785350264
2021-12-06,0.0028005270126628197,1.0857393292353177
2021-12-07,0.009312552195683879,1.0958503334097283
2021-12-08,0.0004721458001836303,1.0963677345422775
2021-12-09,-0.004352534778363808,1.0915957558478062
2021-12-10,0.005010367747388108,1.0970650520160918
2021-12-13,-7.31120390934119e-05,1.0969848433531209
2021-12-14,-0.0044758143838261304,1.0920749428124017
2021-12-15,0.009548729448625249,1.1025028709789402
2021-12-16,0.006026290892949802,1.1091468739897716
2021-12-17,-0.0048238971690802495,1.103796463524238
2021-12-20,-0.0032119243719433413,1.1002511527613799
2021-12-21,0.0025259636956025265,1.1030303472293
2021-12-22,0.005111297409159634,1.1086682633853175
2021-12-23,0.00042565365719165907,1.1091401720862397
2021-12-27,0.0034713193318295886,1.1129903518073117
2021-12-28,-0.0008411225956095582,1.1120541904737111
2021-12-29,0.0014336109950524513,1.1136484435882683
2021-12-30,0.002847430503028037,1.116819480136191
2021-12-31,0.00021741379405223462,1.1170622920966389
2022-01-03,-0.0018114689167660878,1.1150387684764143
2022-01-04,-0.003450317635337086,1.1111915305494555
2022-01-05,-0.00836171804953409,1.1019000602719706
2022-01-06,-0.008177101441570562,1.092889711700654
2022-01-07,-0.001079176550211509,1.0917102907518192
2022-01-10,0.0003821620441000541,1.092127500988098
2022-01-11,0.005004661281168567,1.0975932292063924
2022-01-12,0.001381716209230909,1.099109791562329
2022-01-13,-0.005479300239969902,1.0930874390176681
2022-01-14,-0.001034036304314126,1.0919571469219342
2022-01-18,-0.008433144161079693,1.0827485148842204
2022-01-19,-0.0013523960106152709,1.0812842101121913
2022-01-20,-0.0033347555419798087,1.0776783916000645
2022-01-21,-0.007870515673723507,1.069196506927743
2022-01-24,-0.001062654231685518,1.068060320735153
2022-01-25,-0.0037588685444525974,1.0640456223919637
2022-01-26,-0.004357752144934336,1.059408775298677
2022-01-27,-0.0019004957298394687,1.0573953734450674
2022-01-28,0.006627347916972145,1.0644031004706844
2022-01-31,0.00902454247554412,1.074008851461983
2022-02-01,0.005438999726330026,1.0798503853111607
2022-02-02,0.005489409594119219,1.0857781263765012
2022-02-03,-0.00572240101167663,1.079564868527668
2022-02-04,0.00023284525311783165,1.0798162400827374
2022-02-07,-0.0006896100466668584,1.0790715879550221
2022-02-08,0.002463062619434404,1.081729408847008
2022-02-09,0.006113783075844871,1.0883428677994604
2022-02-10,-0.005986310906953954,1.081827709019447
2022-02-11,-0.0017855156650005634,1.0798960886981612
2022-02-14,-0.004232771847483692,1.0753251349357118
2022-02-15,0.007666543865344841,1.0835691622522043
2022-02-16,-0.001624935988502673,1.081808431724429
2022-02-17,-0.009181381082745977,1.0718759362542392
2022-02-18,-0.001741051198660148,1.0700097453706088
2022-02-22,-0.006242312835956174,1.0633304098024836
2022-02-23,-0.006189544874376465,1.0567488785147219
2022-02-24,0.005419042029521397,1.0624754451020428
2022-02-25,0.012884276001055286,1.0761646719810816
2022-02-28,-0.005184409132931642,1.0705853940271246
2022-03-01,-0.0024835971729439982,1.0679264911691237
2022-03-02,0.009496850455185692,1.0780684293528882
2022-03-03,0.0004278358043726912,1.0785296656265293
2022-03-04,-0.001691685187793299,1.0767051329665933
2022-03-07,-0.01151584603659951,1.0643059624285336
2022-03-08,-0.005311754862875303,1.0586526300570167
2022-03-09,0.010186457855101307,1.0694365504562848
2022-03-10,-0.0023230099188658714,1.0669522387419772
2022-03-11,-0.005491813786886561,1.0610927357273046
2022-03-14,-0.003137186124570172,1.0577638903198987
2022-03-15,0.009152728373331974,1.0674453158911157
2022-03-16,0.010253272512051166,1.07839012360666
2022-03-17,0.0049294757745360586,1.0837060215964778
2022-03-18,0.00340517301374023,1.087396228096046
2022-03-21,-0.0027515222841822456,1.084404233142704
2022-03-22,0.005478774627254995,1.0903454395409342
2022-03-23,-0.0056682673798681155,1.0841650700531964
2022-03-24,0.005834886323123987,1.0904910499924585
2022-03-25,0.0030433256418678526,1.0938097693671278
2022-03-28,0.001567139420021857,1.0955239217747081
2022-03-29,0.0065327465741869825,1.1026807019216216
2022-03-30,0.0011821202025422244,1.1039842030563165
2022-03-31,-0.005686111673142057,1.0977068255923537
2022-04-01,0.0038916869535940615,1.1019787569243826
2022-04-04,-0.0006350964947159123,1.1012788940786085
2022-04-05,-0.0009521584788356296,1.1002303020420487
2022-04-06,0.00373558146792455,1.104340301968806
2022-04-07,0.006478334592834689,1.111494587949312
2022-04-08,0.002689962805585507,1.1144844670495053
2022-04-11,-0.010723495473109976,1.1025332979122484
2022-04-12,-0.0003316044985729738,1.1021676929108342
2022-04-13,0.0038632270897148904,1.106425616999496
2022-04-14,-0.00295096131848577,1.1031605978019485
2022-04-18,-0.006209150987207351,1.0963109070870583
2022-04-19,0.006495053184380874,1.1034315047352055
2022-04-20,0.002816998427257937,1.1065398695486313
2022-04-21,-0.008359918155442398,1.097289286803471
2022-04-22,-0.015069057582483062,1.0807541713559876
2022-04-25,-5.96014023845404e-05,1.0806897568917417
2022-04-26,-0.011804686958310847,1.0679325526125818
2022-04-27,0.0022309843306665108,1.0703150934036691
2022-04-28,0.0031008317396984957,1.0736339604167737
2022-04-29,-0.016819065534460234,1.055576440476502
2022-05-02,-0.0015415087018966986,1.0539492602079903
2022-05-03,0.003462300842590553,1.057598349619656
2022-05-04,0.012854303766880253,1.0711930400690182
2022-05-05,-0.013380713726398654,1.056859712654144
2022-05-06,-0.0016265270030127786,1.0551407017931156
2022-05-09,-0.014649798761673702,1.0396831028465954
2022-05-10,0.003313052106834654,1.0431276271409218
2022-05-11,-0.0035835513758888846,1.0393895256974532
2022-05-12,-0.00011470304979029105,1.0392703045489355
2022-05-13,0.009366193942096118,1.0490043117796022
2022-05-16,-0.00014919350054033115,1.048847807154246
2022-05-17,0.009241334823288544,1.0585405609188303
2022-05-18,-0.018707970212331042,1.0387374156366167
2022-05-19,0.003281357789688703,1.042145884746857
2022-05-20,0.002379463419344049,1.044625632757232
2022-05-23,0.006669400793655786,1.0515926597814165
2022-05-24,0.0019513593692873613,1.0536446949707547
2022-05-25,0.0034952038129741746,1.0573273979261364
2022-05-26,0.007628619052595875,1.0653933458587872
2022-05-27,0.009387508461608613,1.075394734907978
2022-05-31,-0.00703107997256706,1.0678335485247625
2022-06-01,-0.0063872438494753615,1.0610130352596843
2022-06-02,0.003192432887323818,1.0644002481673265
2022-06-03,-0.004796466454226457,1.0592948880831214
2022-06-06,-0.001836708627905322,1.0573492720226831
2022-06-07,0.003217823542757074,1.0607516354031148
2022-06-08,-0.005780901821040328,1.0546195343423415
2022-06-09,-0.013391661474745685,1.0404964265537748
2022-06-10,-0.012391821874503094,1.0276027801748635
2022-06-13,-0.0214067188657963,1.0056051763539495
2022-06-14,-0.0063618227751395424,0.9992076944402227
2022-06-15,0.009414262071734326,1.0086144975397764
2022-06-16,-0.012271531688511274,0.9962372527717251
2022-06-17,0.0036126510442574633,0.9998363103232792
2022-06-21,0.00874579409744036,1.008580672824511
2022-06-22,0.003319786132715669,1.0119289449558788
2022-06-23,0.007209965649631882,1.0192249178888788
2022-06-24,0.012849906592376973,1.032321862880374
2022-06-27,-0.0007131432335554843,1.0315856695290095
2022-06-28,-0.006593978235678344,1.0247834160758975
2022-06-29,0.0004051609300306516,1.0251986182778348
2022-06-30,-0.0025703516216762303,1.022563497346804
2022-07-01,0.00985555430648069,1.0326414274267304
2022-07-05,-0.005919866766330157,1.0265283277589712
2022-07-06,0.0024583790247308655,1.0290519234682258
2022-07-07,0.00545596224806247,1.0346663919139647
2022-07-08,-0.0010023661154111387,1.0336292773819553
2022-07-11,-0.0030661629615702474,1.0304600015756522
2022-07-12,-0.003001392761427393,1.0273671863859826
2022-07-13,-0.00042031508820372854,1.026935368456419
2022-07-14,-0.0011890976883887452,1.025714241983663
2022-07-15,0.01484255208103931,1.0409384590405693
2022-07-18,-0.005775391893695124,1.0349266315023908
2022-07-19,0.011667169601336094,1.0470012960370687
2022-07-20,-0.0013571399581833983,1.045580368741947
2022-07-21,0.002040414687519162,1.0477137862833097
2022-07-22,-0.0018531401928349098,1.0457722257553608
2022-07-25,0.0013937083547214716,1.0472297272435318
2022-07-26,-0.0003145224868262147,1.0469003499454408
2022-07-27,0.0027812330465991917,1.0498120237952053
2022-07-28,0.00212382944363864,1.0520416454816273
2022-07-29,0.0010739214926361732,1.0531714556158582
2022-08-01,-0.0013251418521890437,1.0517758540424909
2022-08-02,-0.0012106464589258287,1.0505025253292106
2022-08-03,0.0068110973039621015,1.0576576002472857
2022-08-04,-0.003462371377548048,1.0539955968449435
2022-08-05,0.001382018834316311,1.0554522386110696
2022-08-08,0.0040326481721401925,1.0597085061518858
2022-08-09,-0.0011793143011181082,1.0584587767555644
2022-08-10,0.008514231599299845,1.067470739919173
2022-08-11,-0.001011418379649719,1.0663910803930805
2022-08-12,0.007691391757141289,1.0745931119587049
2022-08-15,0.004618999013521463,1.0795566564827792
2022-08-16,0.00039916477834188235,1.0799875774762717
2022-08-17,-0.0048073773975195145,1.0747956696067105
2022-08-18,-0.002738636810476697,1.0718521946221846
2022-08-19,-0.001989561816070854,1.0697196784232925
2022-08-22,-0.009693188248953844,1.0593506842067253
2022-08-23,-0.0052669258134140145,1.0537711627426192
2022-08-24,0.00046260064740117474,1.0542586379647165
2022-08-25,0.006940656552156097,1.0615758850879735
2022-08-26,-0.014399306452320862,1.046289928596198
2022-08-29,-0.002257808138398424,1.0439276066802892
2022-08-30,-0.006036198462061681,1.0376262524663418
2022-08-31,-0.00172518490474284,1.035836155318822
2022-09-01,0.006006078401672113,1.0420574684789536
2022-09-02,-0.0022626866421634356,1.0396996189646597
2022-09-06,-0.0009582009092079733,1.0387033778444645
2022-09-07,0.0059219354729846095,1.0448545122236308
2022-09-08,0.0023883444806719624,1.0473499847310055
2022-09-09,0.0022846632501995075,1.0497428267512174
2022-09-12,0.002560758347720347,1.05243096445778
2022-09-13,-0.013244851013667418,1.0384916731313665
2022-09-14,0.00013962759849760689,1.0386366752297456
2022-09-15,0.00018337251573570423,1.0388271326498177
2022-09-16,-0.0007707720933669502,1.038026433686139
2022-09-19,0.0013110048947366849,1.0393872914215674
2022-09-20,-0.004117629292222964,1.0351074798644457
2022-09-21,-0.006571588134357951,1.0283051798319833
2022-09-22,-0.00036750241637687484,1.0279272751936221
2022-09-23,-0.00841779524282739,1.0192743938665247
2022-09-26,-0.003962895319772913,1.0152351161415067
2022-09-27,-0.0016319041864678058,1.0135783497052262
2022-09-28,0.007819025211724643,1.0215035443756297
2022-09-29,-0.0060861550848289045,1.0152865153848571
2022-09-30,-0.0049167529558440445,1.01029460240931
2022-10-03,0.010499455172036574,1.020902145297857
2022-10-04,0.008387129543825873,1.0294645838420398
2022-10-05,-0.0004524459205038142,1.0289988067907772
2022-10-06,-0.0059233236635448045,1.022903713808754
2022-10-07,-0.004794460734563817,1.0179994421176584
2022-10-10,-0.0018513654004012486,1.016114753172894
2022-10-11,0.003031964529775206,1.0191955770626955
2022-10-12,-0.003942582609172783,1.0151773143052223
2022-10-13,0.007013286469355213,1.0222970436276355
2022-10-14,-0.005702281609300018,1.016467617996516
2022-10-17,0.006708711056186685,1.023286805543625
2022-10-18,0.0049900263185329845,1.0283930336346954
2022-10-19,-0.0043600213019413196,1.02390921810128
2022-10-20,-0.0012877521839014976,1.0225906767695532
2022-10-21,0.007364672119166685,1.0301217218160776
2022-10-24,0.004992355465651343,1.0352644556242723
2022-10-25,0.006057160263821396,1.0415352183474262
2022-10-26,0.002087308609083577,1.0437092237753465
2022-10-27,-0.0008343887775513161,1.0428383645120016
2022-10-28,0.007685973012263853,1.0508535920377942
2022-10-31,-0.0043655343814819995,1.0462660545518494
2022-11-01,0.007889868640089151,1.0545209562848479
2022-11-02,-0.0033022687212243074,1.0510386447150328
2022-11-03,-0.0011885555279945053,1.049789426923721
2022-11-04,0.0033637460117732034,1.0533206519217373
2022-11-07,0.0007867352353476538,1.0541493363927235
2022-11-08,0.0016260320192407183,1.0558634169667593
2022-11-09,-0.005168862135502375,1.0504058045305378
2022-11-10,0.011228492082777318,1.062200277790412
2022-11-11,-0.004971620045603732,1.0569194215969033
2022-11-14,0.0003302927784791922,1.0572685144492913
2022-11-15,0.00026355123991789696,1.0575471588772005
2022-11-16,0.0020326066148899976,1.0596967362278924
2022-11-17,-0.0021454881750811133,1.0574231694111433
2022-11-18,0.002388545485587919,1.0599488727487962
2022-11-21,0.0009329810795021163,1.0609377849923103
2022-11-22,0.002805022240662259,1.0639137390751727
2022-11-23,0.13758084870291765,1.2102878942438293
2022-11-25,-0.005255278672387963,1.2039274940857605
2022-11-28,-0.018429607028179713,1.1817395834793387
2022-11-29,-0.01711345852170742,1.1615159321340052
2022-11-30,0.018767533310245374,1.1833147210807107
2022-12-01,-0.04290704605567687,1.1325421818449402
2022-12-02,0.0021132784775054693,1.1349355588627001
2022-12-05,-0.0035729632930722646,1.1308804757708812
2022-12-06,0.00011300326575368447,1.1310082689578205
2022-12-07,-0.005145183305127535,1.1251890240944173
2022-12-08,-0.008389558403929959,1.1157491850613164
2022-12-09,0.005740514476341335,1.122154159410127
2022-12-12,0.012784326573517413,1.136500144649857
2022-12-13,-0.003434482446390774,1.1325968548527365
2022-12-14,0.006488724424421858,1.1399459637278428
2022-12-15,-0.012469912942021336,1.125730936801548
2022-12-16,-0.006115410059499768,1.1188466305063418
2022-12-19,-0.0018142277489141163,1.1168167879024982
2022-12-20,0.0024039535319317937,1.119501563564297
2022-12-21,0.00844632026002347,1.1289572323017583
2022-12-22,-0.006531678691167306,1.1215832464042936
2022-12-23,0.005878873180098231,1.1281768920708275
2022-12-27,0.013690153332895248,1.1436218067099064
2022-12-28,-0.022088806203199196,1.1183605662517389
2022-12-29,0.008173124053307203,1.1275010658960412
2022-12-30,-0.0018671479320473304,1.1253958546124723
2023-01-03,0.00027901894654362486,1.1257098613782708
2023-01-04,0.0029982055074087256,1.1290849708843993
2023-01-05,-0.0012999893765949836,1.1276171724169766
2023-01-06,0.00815489209200391,1.1368127687791274
2023-01-09,-0.003345885396799779,1.1330091235371738
2023-01-10,0.002455601021646245,1.1357913418984662
2023-01-11,0.004224134436855188,1.1405890772188616
2023-01-12,-0.003925585757068275,1.1361115969826636
2023-01-13,0.008768228449879201,1.1460732830095646
2023-01-17,0.0021235052472359114,1.1485069756397523
2023-01-18,-0.010479659835260944,1.1364710132166236
2023-01-19,-0.0024880792629217914,1.1336433832557276
2023-01-20,0.005830948531925547,1.1402535994770495
2023-01-23,0.0007563767401047361,1.1411160607775146
2023-01-24,0.0016909076598659496,1.1430455826654793
2023-01-25,0.002271158467446379,1.1456416203192272
2023-01-26,0.002122667657647533,1.1480734367339338
2023-01-27,-0.004473005322392242,1.1429380981409258
2023-01-30,-0.003321446846176437,1.1391418899994807
2023-01-31,0.009627201454658304,1.150108638459946
2023-02-01,0.0015712282949169,1.1519157216949225
2023-02-02,0.005261889856349993,1.157976975346279
2023-02-03,-0.005847457471504227,1.1512057542299605
2023-02-06,-0.00166763317635687,1.1492859653213936
2023-02-07,-0.0007684063978778597,1.1484028466326495
2023-02-08,-0.003542522417541339,1.144334603804085
2023-02-09,-0.0019604137820440526,1.1420912344755174
2023-02-10,0.023727437441748322,1.1691901327943042
2023-02-13,0.00037027687502639716,1.169623056862987
2023-02-14,-0.005149561718532203,1.1636000107442528
2023-02-15,0.0020933409611090174,1.1660358223090905
2023-02-16,-0.018090151603549442,1.1449420575083498
2023-02-17,0.004032902583734981,1.149559497290302
2023-02-21,-0.021902130542922348,1.1243816951137937
2023-02-22,0.0026486785422820324,1.1273598207829765
2023-02-23,0.0049133046130118985,1.1328988829909536
2023-02-24,-0.004770731792709961,1.1274941262719431
2023-02-27,-0.007157441700349467,1.1194241527956652
2023-02-28,-0.0072905089922147255,1.111262980943606
2023-03-01,-0.0013575074891110422,1.1097544331246034
2023-03-02,0.00359646883280406,1.1137456303554023
2023-03-03,0.002506735331019509,1.1165374958767829
2023-03-06,-0.009784244218159415,1.1056130203383923
2023-03-07,-0.0075940021833986,1.0972169926479487
2023-03-08,0.0023862108225365906,1.0998351837104763
2023-03-09,-0.014805927605251044,1.083551103602751
2023-03-10,-0.021437287232529724,1.0603227073636943
2023-03-13,0.004257052647641748,1.0648365569524316
2023-03-14,0.005039780181367055,1.0702030991285556
2023-03-15,-0.012830548413234598,1.056471806453193
2023-03-16,-0.0029521872388123286,1.053352903868017
2023-03-17,-0.019833404302993348,1.0324613298518706
2023-03-20,0.00725234885041307,1.0399490995905176
2023-03-21,0.014016346162854224,1.0545253861621269
2023-03-22,-0.01096456476168351,1.042962974272713
2023-03-23,0.004263145073512357,1.0474092767383394
2023-03-24,0.019957167878073404,1.068312599511258
2023-03-27,0.01471048551702064,1.084027996534019
2023-03-28,-0.022066019286626378,1.0601078138552564
2023-03-29,0.006565649033096748,1.0670681096982735
2023-03-30,0.004345202986495144,1.071704737235328
2023-03-31,0.006923390981492615,1.079124568147926
2023-04-03,-0.0013474535338148185,1.0776704979351488
2023-04-04,-0.0019367508662999,1.075583318664687
2023-04-05,0.004244816538536151,1.0801489725243285
2023-04-06,-0.00042792558208941086,1.0796867491465179
2023-04-10,0.0019869562013878008,1.0818320394282908
2023-04-11,0.009562227158832707,1.0921767631370074
2023-04-12,-0.0008986943890006437,1.0911952300081793
2023-04-13,0.00270171591125692,1.0941433295233802
2023-04-14,-0.00338653488318558,1.0904379749707445
2023-04-17,0.006317841768955543,1.09732718955547
2023-04-18,-0.0021769604336946326,1.0949383516809903
2023-04-19,0.001411968427833838,1.0964843700639881
2023-04-20,-0.00038257197007661523,1.0960648858783746
2023-04-21,0.0015242345143151995,1.0977355458073592
2023-04-24,0.0011369218024718764,1.098983585282736
2023-04-25,-0.014317469607967677,1.0832489212007952
2023-04-26,-0.01621838323467017,1.0656803750582176
2023-04-27,0.009023431014718418,1.0752964684062947
2023-04-28,0.009736383989421817,1.0857659677251674
2023-05-01,0.00010222601570947808,1.0858769612540409
2023-05-02,-0.008984670363487733,1.0761207147018677
2023-05-03,-0.0024961085334126677,1.0734346006029183
2023-05-04,-0.04040424880412002,1.030063281925207
2023-05-05,0.02324991223446907,1.0540121628259171
2023-05-08,0.0069118364351895365,1.0612973224960702
2023-05-09,-0.006630230838434525,1.0542606762597089
2023-05-10,0.007488018280197257,1.0621549994756347
2023-05-11,0.0023148923691046924,1.0646137739787274
2023-05-12,0.006033993799051428,1.0710376468892997
2023-05-15,0.006830904561459959,1.078353802836931
2023-05-16,-0.003783988712877443,1.0742733242185076
2023-05-17,0.006196395912222779,1.0809299470533054
2023-05-18,0.009532226733177843,1.0912336163912995
2023-05-19,0.006310576787370145,1.0981199299204965
2023-05-22,0.002642167742614516,1.1010213469768544
2023-05-23,-0.001059804469533446,1.0998544796322767
2023-05-24,-0.004920129117830638,1.0944430535816614
2023-05-25,-0.007273910835118615,1.0864821723957934
2023-05-26,0.0010709893228063527,1.0876457832018487
2023-05-30,0.00470230676208611,1.0927602273229533
2023-05-31,0.003284522907815633,1.0963494233223452
2023-06-01,-0.0027007962964705587,1.0933884068601984
2023-06-02,0.01954967797665781,1.114763798117726
2023-06-05,-0.0014192038564477681,1.113181721036409
2023-06-06,-0.002476593404458759,1.1104248225281261
2023-06-07,0.013328465746143648,1.1252250817388598
2023-06-08,0.002620705803705433,1.1281739656410477
2023-06-09,0.006983016810086855,1.1360520234078215
2023-06-12,-0.006112777578729016,1.1291075900708645
2023-06-13,0.0057478914652907415,1.1355975779512277
2023-06-14,-0.0031416464109331886,1.1320299318961928
2023-06-15,-0.0020903265166978264,1.1296636197118546
2023-06-16,-0.0019873601906297,1.1274185712052365
2023-06-20,-0.002629863754743909,1.1244536139683987
2023-06-21,-0.0013067352117018887,1.1229842508371009
2023-06-22,-4.272383955107195e-05,1.1229362726381498
2023-06-23,-0.009962174230235175,1.1117493858406777
2023-06-26,0.0019072715065564516,1.1138697937667232
2023-06-27,0.019127518261751297,1.1351753585882096
2023-06-28,0.004273441046300251,1.1400264635603492
2023-06-29,0.012840613243300252,1.154665102466055
2023-06-30,0.004586295275155544,1.1599607375698822
2023-07-03,-0.004375482306237531,1.1548853498867149
2023-07-05,-0.0041276889264200475,1.1501183424167027
2023-07-06,-0.009473893361092323,1.1392222438880106
2023-07-07,0.002832388183988081,1.1424489635105353
2023-07-10,0.005148978578088464,1.1483314087502103
2023-07-11,0.012344850203133497,1.1625073879747851
2023-07-12,0.0017522937958117776,1.164544442458319
2023-07-13,0.00035899323408839835,1.1649625060339566
2023-07-14,-0.004670554802763171,1.1595214848063606
2023-07-17,0.008033763267569558,1.1688368059189558
2023-07-18,0.004949824970731668,1.1746223435276035
2023-07-19,0.003862839282354866,1.1791597208581135
2023-07-20,0.003689479553322825,1.1835102065383214
2023-07-21,0.0018481805692866745,1.185697547105598
2023-07-24,0.0029313833857186125,1.1891732811956706
2023-07-25,3.5402425398598384e-05,1.189215380814044
2023-07-26,0.0019273876146943052,1.191507459810229
2023-07-27,-0.0021810415939602494,1.1889087324808691
2023-07-28,0.004681979356368874,1.1944751786229513
2023-07-31,-0.0031829138920665833,1.1906732669831837
2023-08-01,-0.0005307761154204142,1.1900412860517995
2023-08-02,-0.0004762519180293194,1.1894745266067832
2023-08-03,0.0008499686397079377,1.1904855426521304
2023-08-04,0.00752034088542422,1.1994383997520437
2023-08-07,0.0051987998542555435,1.205674039929863
2023-08-08,0.004367683803784121,1.2109400429067076
2023-08-09,-0.0069749937262332,1.2024937437045888
2023-08-10,0.005087239959550319,1.208611117928672
2023-08-11,0.016965931457720115,1.2291163313144884
2023-08-14,0.003978720504749145,1.2340066416646116
2023-08-15,-0.011090284324729877,1.220321157149946
2023-08-16,-0.004769387570215265,1.2145009725913642
2023-08-17,0.0010128107917110375,1.2157310322829484
2023-08-18,-0.000921052035383112,1.214611280741186
2023-08-21,-0.00964540527271761,1.2028958626896227
2023-08-22,-0.004823140604739304,1.1970941268110113
2023-08-23,0.0008648816515746722,1.1981294715564978
2023-08-24,-0.00017797801929531,1.197916230846291
2023-08-25,-0.004458290309148543,1.192575572523137
2023-08-28,0.0014312308233715794,1.194282423441732
2023-08-29,0.0028658237106316616,1.1977050263280218
2023-08-30,0.007893445344930977,1.2071590454926913
2023-08-31,-0.009550951602143818,1.1956295278731004
2023-09-01,-0.009730481937538673,1.1839954763481433
2023-09-05,-0.013548922543049558,1.1679536133477812
2023-09-06,-0.004334276529997728,1.162891379413322
2023-09-07,0.0008759309376076598,1.1639099919496274
2023-09-08,0.0051452516338864746,1.1698986017374031
2023-09-11,0.005739623612769962,1.1766133793764817
2023-09-12,0.0033603218737975776,1.1805671790522034
2023-09-13,-0.003720848279310244,1.176174467695417
2023-09-14,0.007654291248961936,1.1851772496307502
2023-09-15,-6.733590404747412e-05,1.1850974446491898
2023-09-18,0.0035186531131200806,1.1892673914621554
2023-09-19,0.0006747880496766108,1.1900698948857842
2023-09-20,-0.0025463843369406334,1.1870395195455825
2023-09-21,-0.0072199241179874704,1.178469184289411
2023-09-22,0.013793231164064576,1.1947240821680414
2023-09-25,0.002807864807078343,1.19807870587253
2023-09-26,-0.010525353487675939,1.1854685039871642
2023-09-27,-0.0016485018555149214,1.183514256958687
2023-09-28,-0.000470942086859359,1.182956890284687
2023-09-29,-0.003307358003636151,1.1790444283456474
2023-10-02,-0.014588225370498174,1.161844262503111
2023-10-03,-0.007218806410694706,1.1534571336927246
2023-10-04,0.0026303775139015846,1.1564911614004394
2023-10-05,0.010023635756568635,1.1680834075580084
2023-10-06,0.004712475639029632,1.1735879721604803
2023-10-09,0.009179959465026363,1.1843614621735559
2023-10-10,0.00738740203489088,1.1931108164492632
2023-10-11,-0.00028723355883479985,1.1927681149833702
2023-10-12,-0.01115071015486871,1.1794679034512217
2023-10-13,0.004840035719498558,1.1851765702339276
2023-10-16,0.013020695320427074,1.2006083932558522
2023-10-17,0.01166435176496458,1.2146127118867573
2023-10-18,0.0012508357094869495,1.216131992839982
2023-10-19,-0.011189917916264874,1.202523575664759
2023-10-20,-0.011440126230499868,1.188766554164002
2023-10-23,-0.002013702992596911,1.1863727313963828
2023-10-24,0.003266227551629202,1.1902476946981713
2023-10-25,-0.0032746138824885514,1.1863500930735127
2023-10-26,0.008331049935607158,1.1962336349400202
2023-10-27,-0.012301935166652888,1.1815176463188186
2023-10-30,0.01465837555114245,1.1988367756988618
2023-10-31,0.0024542967549895625,1.2017790769072219
2023-11-01,0.003858944685533011,1.2064166758892378
2023-11-02,0.0132254184245732,1.2223720412222558
2023-11-03,0.014705562467223186,1.240347709632637
2023-11-06,-0.005466468416336221,1.2335673880526552
2023-11-07,0.0022377437485956984,1.2363277957637415
2023-11-08,0.029704241291000993,1.273051974923879
2023-11-09,0.004962058658636,1.2793689334989438
2023-11-10,-0.0030845546755351215,1.2754226500733852
2023-11-13,-0.003246534694518939,1.2712819461897467
2023-11-14,0.023844894110278014,1.3015955295809494
2023-11-15,0.009551796984424364,1.314028105835341
2023-11-16,-0.004758715429488293,1.3077750200133211
2023-11-17,0.004804774921631889,1.3140585846326176
2023-11-20,0.0024980850923746406,1.3173412147933952
2023-11-21,0.00023888724735902927,1.3176559108100299
2023-11-22,0.00832555773789524,1.3286261311741578
2023-11-24,0.002684980988352105,1.3321934670769882
2023-11-27,0.00271687038727471,1.3358128640578104
2023-11-28,-0.010277153414321848,1.3220845103210637
2023-11-29,-0.0010522259084566122,1.3206933787461346
2023-11-30,0.0009279067877987601,1.321918859096874
2023-12-01,0.01200951394320494,1.3377944620669837
2023-12-04,0.00015776505823002898,1.3380055192881917
2023-12-05,0.0009468134384835426,1.3392723608946189
2023-12-06,0.008744322489911823,1.350983390320107
2023-12-07,0.003158870599546776,1.355250972032265
2023-12-08,-0.005472470093656951,1.347834401618419
2023-12-11,0.013485490769766505,1.366010610000618
2023-12-12,0.012514046174275206,1.3831049298487155
2023-12-13,0.012553173340905058,1.4004672857817666
2023-12-14,-0.010458676394330598,1.3858202516389286
2023-12-15,-0.012255781348144543,1.3688359416470113
2023-12-18,0.007240452642455231,1.378746933457797
2023-12-19,0.011674756841023069,1.3948434686512232
2023-12-20,-0.009611225769707236,1.3814373131606148
2023-12-21,0.0004139417586756468,1.3820091477515248
2023-12-22,0.0021365931425204234,1.3849619390195111
2023-12-26,0.01344235249229657,1.403579085592226
2023-12-27,0.0011016413712207156,1.4051253263806949
2023-12-28,-0.002065184245608084,1.4022234836935485
2023-12-29,-0.0012755406101314906,1.4004348906956174
2024-01-02,-0.0009529615261414326,1.3991003301249185
2024-01-03,-0.011342034249156802,1.383231686262635
2024-01-04,-0.005676454181531578,1.3753798349731226
2024-01-05,-0.0009190518624425816,1.3741157895742246
2024-01-08,0.008067619112721691,1.3852016323812861
2024-01-09,-0.006232625900268427,1.3765681888102124
2024-01-10,-0.0029399018346885656,1.3725212134663551
2024-01-11,-0.0008995666636086183,1.3712865391376252
2024-01-12,0.003863843000422251,1.3765849750334456
2024-01-16,-0.001236404758426429,1.3748829588199358
2024-01-17,0.0008958358890036389,1.3761146283176262
2024-01-18,0.0008192503552386192,1.3772420107157246
2024-01-19,0.005211936875650458,1.3844201091380688
2024-01-22,0.014225301662150356,1.4041139028177048
2024-01-23,-0.005019774394684538,1.39706556780112
2024-01-24,-0.0014434147887606422,1.3950490226996874
2024-01-25,0.008166678014398373,1.4064419388823768
2024-01-26,-0.001862777581064488,1.4038220503695578
2024-01-29,0.007234394476300888,1.4139778528564608
2024-01-30,-0.0036399992352286266,1.408830974553433
2024-01-31,-0.014342234473140102,1.3886251903833653
2024-02-01,0.00487636847558501,1.395396638486154
2024-02-02,-0.0025539895730515585,1.3918328100211892
2024-02-05,-0.006858135902369097,1.3822874314566878
2024-02-06,0.0033782887292784928,1.3869571975070014
2024-02-07,0.00594848020987986,1.3952074849483223
2024-02-08,-0.0012183331995489245,1.3935076573491505
2024-02-09,0.005762073999966024,1.4015371515903154
2024-02-12,0.0035738974644238183,1.4065461016626797
2024-02-13,-0.02258990379606136,1.3747723605413946
2024-02-14,0.0068441822368849525,1.3841815531111725
2024-02-15,0.007017239931810012,1.3938946871785391
2024-02-16,-0.002789627586495911,1.3900062401065159
2024-02-20,0.000651173677998225,1.3909113755823264
2024-02-21,-0.0009912217543975145,1.3895326739684102
2024-02-22,-0.019991249216739605,1.3617541799883053
2024-02-23,0.0061753724203159124,1.370163519194655
2024-02-26,-0.008689923435145342,1.3582569031192242
2024-02-27,-0.008718626738570549,1.346414768165841
2024-02-28,-0.003144444044228576,1.3421810422670206
2024-02-29,-0.003019136176747182,1.338128814926568
2024-03-01,0.005011815065553563,1.3448352690808683
2024-03-04,-0.006879772266412736,1.335583108693752
2024-03-05,0.00046992289081058665,1.336210729769107
2024-03-06,0.0012866932397190896,1.337930023081941
2024-03-07,-0.004545991743346837,1.3318478042438349
2024-03-08,0.0013746368673053734,1.3336786113371881
2024-03-11,0.006474087468979964,1.3423129633224928
2024-03-12,-0.00011720866820075458,1.3421556326077533
2024-03-13,0.0006698397579723785,1.3430546618118604
2024-03-14,-0.005478639908256656,1.3356965489426877
2024-03-15,0.0050921856174773305,1.3424981636985278
2024-03-18,-0.002648054586292403,1.338943155279057
2024-03-19,0.012900430841995929,1.3562160988550984
2024-03-20,0.010248282155213803,1.370114984099609
2024-03-21,0.011227260099308233,1.3854976213920547
2024-03-22,-0.011315216788172636,1.3698204154465061
2024-03-25,0.0017417788690184495,1.372206339700481
2024-03-26,0.0014804782030460022,1.374237861276489
2024-03-27,0.006394660350527254,1.383025645640187
2024-03-28,0.0020608615636505557,1.38587587003483
2024-04-01,-0.0024192368309876176,1.3825231080868645
2024-04-02,-0.007445743158143994,1.3722291961138509
2024-04-03,0.0065899876386150726,1.381272169553588
2024-04-04,-0.00867090234626191,1.3692952934577793
2024-04-05,-0.0001576928856198036,1.3690793653316884
2024-04-08,0.0007818231315418367,1.370149743248421
2024-04-09,-0.003372410229307958,1.3655290362386063
2024-04-10,-0.01760891327521402,1.3414835538646943
2024-04-11,-0.010337752543560525,1.327615628843585
2024-04-12,-0.005414097159796194,1.320427788838162
2024-04-15,-0.008961857586667404,1.308594303041116
2024-04-16,0.0008879738349357805,1.3097563005427626
2024-04-17,-0.004465640743262953,1.3039073994433135
2024-04-18,-6.702205015587875e-05,1.3038200088961893
2024-04-19,0.014781889459580953,1.3230929321428828
2024-04-22,0.008092752714762855,1.3338003960613658
2024-04-23,0.008490317848909218,1.3451247853709278
2024-04-24,0.004184887932350667,1.3507539818527325
2024-04-25,-0.009009539978608209,1.338584309851966
2024-04-26,-0.0004937616534901583,1.3379233682497975
2024-04-29,0.002869697169847064,1.3417628031531361
2024-04-30,-0.013928635187598933,1.323073878559726
2024-05-01,0.007723893187374707,1.3332931598767268
2024-05-02,0.01040075052429274,1.3471604094083505
2024-05-03,0.003230384335580678,1.3515122552924177
2024-05-06,0.007439783266312246,1.3615672135535581
2024-05-07,-0.002670044207986927,1.3579317689012247
2024-05-08,0.0001389182110868519,1.3581204103533386
2024-05-09,7.066428598052136e-06,1.358130007414246
2024-05-10,0.0030312359147692553,1.3622468198696458
2024-05-13,-0.009002118675783209,1.349983712331471
2024-05-14,0.01385738428572501,1.368690955412718
2024-05-15,0.0032384800040302017,1.373123433703519
2024-05-16,0.0008214830518346463,1.3742514313323835
2024-05-17,0.011570852655508109,1.3901526921559515
2024-05-20,-0.00505209234989057,1.3831295123747307
2024-05-21,-0.0016726968598587714,1.3808159559826034
2024-05-22,-0.004849731946069052,1.3741193687292326
2024-05-23,-0.020607992252779584,1.3458015274240662
2024-05-24,0.007637426784485532,1.3560799880562162
2024-05-28,-0.009441690946848462,1.3432762999097836
2024-05-29,-0.012831050230503136,1.3260406542321967
2024-05-30,0.007093251945232962,1.335446594682287
2024-05-31,0.013335527742976618,1.3532554797949363
2024-06-03,0.00512367416688319,1.3601891199379548
2024-06-04,-0.014403921911414114,1.3405970620696133
2024-06-05,0.009366853805445363,1.353154238762029
2024-06-06,-0.0038339590384518256,1.347966300837908
2024-06-07,-0.004155702028977902,1.3423645545465221
2024-06-10,0.0007044148035047575,1.3433101360104447
2024-06-11,-0.003243771719168856,1.338952744581181
2024-06-12,0.0007316093566439095,1.3399323349372205
2024-06-13,-0.007526260181862898,1.329847655558392
2024-06-14,-0.006293666467408816,1.321478037961842
2024-06-17,0.0031204497854470654,1.3256016438218732
2024-06-18,0.004747185023989211,1.3318945200932
2024-06-20,0.006333762321430342,1.3403304234206859
2024-06-21,0.00401601503754602,1.3457132105564238
2024-06-24,0.0016201906445365225,1.3478935225103965
2024-06-25,-0.007243376896834963,1.3381302217100512
2024-06-26,-0.001349068903197677,1.3363249918395133
2024-06-27,0.005986213362986992,1.3443245183629562
2024-06-28,-0.00535333732692635,1.3371278957393016
2024-07-01,-0.004091645227354391,1.3316568427663373
2024-07-02,-0.003228554108564446,1.3273575165954261
2024-07-03,0.005056648772692832,1.334069497352643
2024-07-05,-0.0020264473340077306,1.3313660757763517
2024-07-08,-0.0012360531653983996,1.3297204365240842
2024-07-09,0.0005212975011899124,1.3304136164649254
2024-07-10,0.01726195264924354,1.3533791533162516
2024-07-11,0.017124710847791918,1.3765553799842218
2024-07-12,0.0012566580498387554,1.3782852393835279
2024-07-15,0.009435323506461988,1.3912898065012929
2024-07-16,0.01590400292330547,1.4134168836510546
2024-07-17,0.004509314456608692,1.419790424837717
2024-07-18,-0.00817904011028427,1.4081779020047718
2024-07-19,-0.0038104763697406553,1.4028120733847917
2024-07-22,0.0038886480953178293,1.4082671158820483
2024-07-23,0.0018046382795464798,1.4108085286271956
2024-07-24,-0.007942449648490476,1.3996032529249132
2024-07-25,0.006925213075503682,1.4092958036725864
2024-07-26,0.009953779321119639,1.4233236231005235
2024-07-29,-0.0028454440956440724,1.4192736353009814
2024-07-30,0.0057955879858327605,1.4274991605303409
2024-07-31,-0.0076402321966894315,1.4165927354833099
2024-08-01,-0.009616599734400898,1.4029699301595069
2024-08-02,-0.014531411384601301,1.3825827969441338
2024-08-05,-0.02035086302366263,1.3544460438246513
2024-08-06,0.009895732136838978,1.3678492790681411
2024-08-07,-0.008253696050667298,1.3565594668755883
2024-08-08,0.013548114576473404,1.3749382899626184
2024-08-09,-2.1219667524279333e-05,1.374909114229239
2024-08-12,-0.005923816761177415,1.3667644045732723
2024-08-13,0.01678428476977529,1.3897045675528223
2024-08-14,0.0001028060437908008,1.3898474375814505
2024-08-15,0.012715824749604185,1.4075204940264225
2024-08-16,0.00664595044949566,1.4168748054863716
2024-08-19,0.004869183075683149,1.4237738283096075
2024-08-20,-0.008989096030875145,1.4109753886406857
2024-08-21,0.004309112719657757,1.4170554406350013
2024-08-22,-0.0028206442517860466,1.4130584313519121
2024-08-23,0.012619798880343045,1.4308909445617464
2024-08-26,0.0006118232060259655,1.4317663968469216
2024-08-27,0.0022946412255514044,1.4350517870464856
2024-08-28,0.009914404492521327,1.44927947093098
2024-08-29,0.0035516190359063467,1.4544267594882867
2024-08-30,0.010887701324647834,1.4702621236441704
2024-09-03,-0.018459108096593898,1.443122396173495
2024-09-04,-0.0033214345918157113,1.4383291595266203
2024-09-05,-0.003428196843719625,1.4333982840417012
2024-09-06,-0.012447179298192166,1.4155565185945131
2024-09-09,0.000790768667251728,1.4166758963361417
2024-09-10,-0.0020856789155452014,1.4137211652889923
2024-09-11,-0.00627066041601255,1.4048561999385354
2024-09-12,0.006448689931176488,1.4139156819698298
2024-09-13,0.014087232788518173,1.4338338413250753
2024-09-16,0.005402959651080414,1.4415807877161084
2024-09-17,-0.0016770731314372934,1.4391631513102336
2024-09-18,-0.0029463697087739496,1.4349228445952296
2024-09-19,0.006197166334826417,1.4438153001408285
2024-09-20,-0.00349778218796256,1.438765148701288
2024-09-23,0.002828532123490565,1.4428347421425485
2024-09-24,-0.0021346586532822297,1.4397547824749777
2024-09-25,-0.006255693621879169,1.4307481176651788
2024-09-26,0.008758081325156757,1.4432787260355053
2024-09-27,0.008570002871214542,1.4556476288615925
2024-09-30,0.0038290050323840225,1.4612213109578813
2024-10-01,-0.017135243891699854,1.4361829274148687
2024-10-02,0.0033485752519123255,1.4409920940228291
2024-10-03,-0.009157479925705758,1.4277962378487143
2024-10-04,0.007970645929483136,1.4391766961200545
2024-10-07,-0.007025281303005908,1.4290660749850803
2024-10-08,5.4324700054395675e-05,1.4291437085709617
2024-10-09,0.006796158764133759,1.438856396111173
2024-10-10,-0.0037457813024694515,1.4334667547256812
2024-10-11,0.012481119785018393,1.451358024999254
2024-10-14,0.000868596760019123,1.452618669877396
2024-10-15,-0.0011807523820630808,1.4509034869227089
2024-10-16,0.009286844291705355,1.4643778016880524
2024-10-17,-0.0032456290778396855,1.4596249745139507
2024-10-18,-0.0006921751814830057,1.4586146583323194
2024-10-21,-0.013147510214772506,1.4394375072124783
2024-10-22,-0.0003882354120320214,1.4388786665987714
2024-10-23,-0.00020841501514393257,1.4385787826796819
2024-10-24,-0.005133422926268728,1.4311939493754302
2024-10-25,-0.006313694633594616,1.4221578278176255
2024-10-28,0.003035551612701905,1.4264748613053737
2024-10-29,-0.0010710687787436831,1.424947008617767
2024-10-30,-0.0004254221795378084,1.424340804555635
2024-10-31,-0.013421261128126095,1.4052243546822485
2024-11-01,0.0012051853869480043,1.4069179105398948
2024-11-04,0.0009676938799279979,1.4082793763914851
2024-11-05,0.0066405292962301,1.4176310968476895
2024-11-06,0.04754283702995879,1.485029301053721
2024-11-07,-0.00836246660384328,1.4726107931179304
2024-11-08,0.0030262481259622077,1.4770672787708752
2024-11-11,0.007089367490890542,1.4875387515188516
2024-11-12,-0.00593298620015738,1.4787132046338909
2024-11-13,-0.0013985461316699667,1.4766451560017009
2024-11-14,-0.006973581212166144,1.4663476510847713
2024-11-15,-0.008113817707355902,1.45444997354826
2024-11-18,0.0006708398031292451,1.4554256764821762
2024-11-19,0.0006501764605980123,1.4563719599971747
2024-11-20,0.0017854301960805229,1.4589722104712786
2024-11-21,0.014592057343626738,1.4802616166292333
2024-11-22,0.010154223843357117,1.4952925244312163
2024-11-25,0.004824495247738492,1.5025065561093136
2024-11-26,-0.002504089501779204,1.498744145215806
2024-11-27,0.004577622472375067,1.5056048300952862
2024-11-29,-0.00017156219047456228,1.5053465252326461
2024-12-02,-0.00022908416409708486,1.5050016741822367
2024-12-03,-0.013613692194899588,1.484513044637111
2024-12-04,-0.003166132128791795,1.479812880190875
2024-12-05,-0.0026819901870132066,1.4758440365675873
2024-12-06,-0.0002251360762322438,1.4755117708320638
2024-12-09,-0.008462054030663524,1.463025910504403
2024-12-10,-0.004190315870936253,1.4568953698120255
2024-12-11,-0.0031060529534603274,1.4523701756457381
2024-12-12,-0.0076466672293387435,1.441264384218759
2024-12-13,0.005496566534834383,1.4491863898009043
2024-12-16,-0.0037413749329114915,1.4437644401689866
2024-12-17,-0.009132561478858244,1.430579172658154
2024-12-18,-0.02478526899829812,1.3951218830404588
2024-12-19,0.0014097142644016944,1.3970886062595598
2024-12-20,0.008380228635238159,1.4087965282037012
2024-12-23,-0.002183160499634502,1.4057208992713046
2024-12-24,0.007930942811770068,1.4168695913327352
2024-12-26,0.0031025164278965906,1.4212654525160322
2024-12-27,-0.007415874156202786,1.4107255267776146
2024-12-30,-0.005248291610182207,1.4033216278311578
2024-12-31,-0.0016258226660454491,1.401040075720878
2025-01-02,-0.00026744776947450086,1.4006653706776822
2025-01-03,0.014557617371236509,1.421055721209149
2025-01-06,-0.008682450042598515,1.4087174759020018
2025-01-07,0.006536592923399556,1.417925688586052
2025-01-08,-0.0025928324549655615,1.4142492448419568
2025-01-10,-0.02228428800156173,1.3827337073639074
2025-01-13,0.0015577132356504478,1.3848876099612482
2025-01-14,0.011591681343838213,1.4009407858329486
2025-01-15,0.012623619888942401,1.41862572980022
2025-01-16,0.005859633975136907,1.4269383573245609
2025-01-17,0.007855848541630784,1.4381481689379458
2025-01-21,0.006297640750705068,1.4472051094522014
2025-01-22,-0.005092094815425305,1.4398358038175028
2025-01-23,0.003703321081634245,1.4451679781038718
2025-01-24,-0.002381505527024277,1.4417263025765388
2025-01-27,0.01372435262611225,1.46151306274344
2025-01-28,-0.004603635629113425,1.4547847891353796
2025-01-29,0.004893026027704092,1.4619030889733269
2025-01-30,0.004145849136723172,1.46796391863272
2025-01-31,-0.004253034115216145,1.4617206180068687
2025-02-03,-0.01217277701980777,1.4439274188586155
2025-02-04,0.0045577104726964085,1.450508421977361
2025-02-05,0.011602375453349608,1.467337765287388
2025-02-06,-0.008873818934386265,1.4543168756426408
2025-02-07,0.0007571917588069877,1.4554180723955712
2025-02-10,0.009896162367199098,1.4698211259521539
2025-02-11,0.0004800893570387797,1.470526771431474
2025-02-12,-0.005641321183853609,1.4622310576043738
2025-02-13,0.004509709475916717,1.468825294860832
2025-02-14,-0.0006559644984721409,1.4678617976129453
2025-02-18,-0.0008800409914973238,1.466570019061193
2025-02-19,-0.00224524018701002,1.4632772171173327
2025-02-20,-0.00861578691819763,1.4506699324123966
2025-02-21,-0.026594067510657977,1.4120907182941398
2025-02-24,0.006087297817488824,1.420686535041708
2025-02-25,0.002013061178632276,1.4235464639524058
2025-02-26,0.0020477598924605895,1.4264615453063416
2025-02-27,-0.0001302004030210597,1.4262758194382488
2025-02-28,0.012653603142275476,1.4443233476288442
2025-03-03,-0.0025242362904894333,1.4406775342195581
2025-03-04,-0.00652294731257113,1.431280070569439
2025-03-05,0.004215013759446937,1.4373129357605114
2025-03-06,-0.0035579302140336254,1.4321990766393478
2025-03-07,0.0015588246442319142,1.4344316238554595
2025-03-10,-0.006144997099305458,1.4256170456877157
2025-03-11,-0.005032011246701794,1.4184433246803254
2025-03-12,-0.002679011594452052,1.4146432985674338
2025-03-13,0.003008162638079326,1.4188987756843936
2025-03-14,0.006443316324970706,1.4280411893292417
2025-03-17,0.007380942762391587,1.4385814796100185
2025-03-18,0.0005864834667179624,1.4394251838633365
2025-03-19,0.002037253030706089,1.4423576571816366
2025-03-20,-0.0008201348603997528,1.4411747293858173
2025-03-21,-0.005974393752676615,1.4325645840860592
2025-03-24,0.00607458819974745,1.4412668240039246
2025-03-25,0.0006353482181534904,1.4421825303124394
2025-03-26,0.00020290225791349292,1.4424751524041632
2025-03-27,0.0028635522616238768,1.4466057553891662
2025-03-28,-0.004533793284260989,1.4400471439304097
2025-03-31,0.004041422417569897,1.4458669827402477
2025-04-01,-0.0012398087125683585,1.4440743842578314
2025-04-02,0.0012881198024306969,1.4459345250683766
2025-04-03,-0.009759169008394498,1.4318234056631618
2025-04-04,-0.036616985548243344,1.3793943487103573
2025-04-07,-0.00852886856454203,1.3676296756115345
2025-04-08,-0.0027159428203874583,1.3639152716131084
2025-04-09,0.03273607241536261,1.4085645007130543
2025-04-10,-0.007378606989937388,1.3981712568423152
2025-04-11,0.01336891432361528,1.4168632885847816
2025-04-14,0.005047982709410127,1.4240155899671556
2025-04-15,-0.0023316791870748956,1.420695242453959
2025-04-16,-0.005239478709873322,1.413251539977903
2025-04-17,-0.00044430479505073555,1.412623625542078
2025-04-21,-0.01367371480580904,1.3933078129584677
2025-04-22,0.008074377452351096,1.4045579061476041
2025-04-23,0.006702704135141137,1.4139722422331849
2025-04-24,0.0012345376632490017,1.4157178442210103
2025-04-25,0.0016249349894113991,1.418018293681219
2025-04-28,0.00300982642206144,1.4222862826085072
2025-04-29,0.004872418164308641,1.429216256126736
2025-04-30,0.0036917685037044564,1.4344925916860873
2025-05-01,-0.0003076569265893067,1.434051260104114
2025-05-02,0.007728176207138671,1.4451338609322677
2025-05-05,-0.0008743840501953444,1.4438702589338712
2025-05-06,-0.005032671987813293,1.436603733527698
2025-05-07,0.001782348113113749,1.4391642614814433
2025-05-08,-0.003600717935195024,1.4339822369134354
2025-05-09,-0.0012632221063614201,1.4321707988516368
2025-05-12,0.004090844222764845,1.4380295864901316
2025-05-13,-0.009165530826280724,1.4248492819860525
2025-05-14,-0.0045188192088346305,1.4184106456809196
2025-05-15,0.013668731783129643,1.4377985203550678
2025-05-16,0.007808840061770092,1.4490260590415704
2025-05-19,0.005300625913748562,1.456706804119823
2025-05-20,0.0032752798975289985,1.4614779266319504
2025-05-21,-0.010073806012219742,1.446755281507919
2025-05-22,-0.0039518650843332085,1.4410378998253532
2025-05-23,-0.00013730169194642634,1.4408400428835482
2025-05-27,0.006637210330196614,1.4504032013003358
2025-05-28,-0.003392608465562531,1.4454825511211253
2025-05-29,0.002753816739516018,1.449463145167081
2025-05-30,0.0036955711987181495,1.4548197394199638
2025-06-02,0.00019055324315079837,1.45509696003951
2025-06-03,0.0003756769910145104,1.4556436064870921
2025-06-04,-0.004361979528978098,1.4492941188741075
2025-06-05,-0.0022464641635935112,1.4460383315735499
2025-06-06,0.002201872368065314,1.449222323419005
2025-06-09,-0.007952687482234776,1.4376971111885755
2025-06-10,0.0008646924290036522,1.4389402769958206
2025-06-11,-0.0028579075535604824,1.4348279187090718
2025-06-12,0.006998542429737505,1.444869622777529
2025-06-13,-0.0033279763647829333,1.4400611308227327
2025-06-16,-0.0006860219055427988,1.4390732173416676
2025-06-17,-0.0021735743719206047,1.4359452846771366
2025-06-18,0.0013895045299122382,1.4379405371549014
2025-06-20,-1.9620142151904897e-05,1.4379123245571563
2025-06-23,0.004491022394049844,1.4443700210074226
2025-06-24,0.0018773131990412594,1.4470815559121595
2025-06-25,-0.004432948496477355,1.4406667179045987
2025-06-26,0.006080023028579878,1.449426004725967
2025-06-27,0.002166144599028822,1.452565671037796
2025-06-30,0.013801703118092723,1.472613551188993
2025-07-01,0.003837253971784185,1.4782643433871963
2025-07-02,-0.010173279149261274,1.463225547565519
2025-07-03,0.002971455696831576,1.467573457454582
2025-07-07,-0.0025931693023046416,1.4637677910158335
2025-07-08,-0.0017126800637271963,1.4612608251022348
2025-07-09,0.0013551003618927457,1.4632409801751505
2025-07-10,0.003666653534783661,1.4686061778873498
2025-07-11,-0.0030695884267233713,1.4640981613602924
2025-07-14,0.002588239175015463,1.4678875975775931
2025-07-15,-0.008605915509699524,1.4552550809351044
2025-07-16,0.004806864315932892,1.4622502946542313
2025-07-17,0.00010956232710615814,1.4624105021993252
2025-07-18,-0.0017139979449385387,1.459903933603899
2025-07-21,-0.0027353845601636043,1.4559105349245967
2025-07-22,0.007368686029621394,1.4666386825436741
2025-07-23,0.0075776053153436135,1.4777522916202055
2025-07-24,-0.0008869065798239723,1.4764416633894177
2025-07-25,0.0039549950213959555,1.4822809828175045
2025-07-28,-0.006393661074579813,1.4728037805960743
2025-07-29,-0.0010156412591775948,1.4713079403098281
2025-07-30,-0.002663999712917661,1.4673883763792293
2025-07-31,-0.003929341830029881,1.4616225058510226
2025-08-01,0.0026859582782489933,1.4655483629202883
2025-08-04,0.01005649741860909,1.4802866462488429
2025-08-05,-0.003274498462622927,1.4754394499014598
2025-08-06,0.0012776975306402337,1.4773246152432082
2025-08-07,-0.0012768849067057793,1.4754382417396994
2025-08-08,0.002159976919597327,1.4786251542881483
2025-08-11,0.002029219695778554,1.4816256095739033
2025-08-12,-0.0010520514884851816,1.4800668631459732
2025-08-13,0.0065200287558003205,1.489716941654192
2025-08-14,0.002299313004273214,1.4931422671908237
2025-08-15,0.006742028221780462,1.5032090744953575
2025-08-18,-0.00037753852774680255,1.502641555154477
2025-08-19,0.004175718825450259,1.5089161637842394
2025-08-20,0.002927292370586113,1.513333202558339
2025-08-21,-0.00346406657230466,1.508090915598598
2025-08-22,0.0032132911961767273,1.5129368508607248
2025-08-25,-0.0033776130129478887,1.507826735665489
2025-08-26,-0.0007033586516113675,1.5067661926858278
2025-08-27,0.0008518189604557443,1.5080496846977314
2025-08-28,-0.0016019769185969472,1.505633823910748
2025-08-29,0.0013320774344908917,1.507639444752186
2025-09-02,0.00018751301519884828,1.5079221467703043
2025-09-03,0.0011061543968742637,1.5095901414830983
2025-09-04,0.0021971958907400684,1.5129070067386667
2025-09-05,0.0022892151304475606,1.5163703763494532
2025-09-08,-0.0024614301653778175,1.5126379365632212
2025-09-09,0.00038284320331331714,1.5132170397163083
2025-09-10,-0.005715568461305806,1.504568144128995
2025-09-11,0.013330441966430235,1.5246247024588462
2025-09-12,-0.007077901546811365,1.513833558919006
2025-09-15,-0.005047654333859627,1.5061922503945862
2025-09-16,-0.0013240578465401327,1.5041979647270534
2025-09-17,-0.0007147873219110113,1.5031227830922222
2025-09-18,0.003851584811230521,1.508912187972995
2025-09-19,-0.0034148304381501735,1.503759508705009
2025-09-22,0.0007523419023137723,1.5048908499944107
2025-09-23,0.004822399835250852,1.5121480353814942
2025-09-24,0.002121946514688207,1.5153567326348647
2025-09-25,-0.007969399239759214,1.5032802498418403
2025-09-26,0.008185660647949233,1.51558559182581
2025-09-29,0.0016526114952267808,1.5180902659968616
2025-09-30,0.006155173070763618,1.5274343743211138
2025-10-01,0.0009163445978182973,1.5288340305585448
2025-10-02,-0.000647723737619967,1.5278437684660708
2025-10-03,-0.00023157169426984788,1.5274899630960277
