,2184,4839,5073,5125,5518,5643,5680,6669,6829,7154,7906,8823,9248,11511,11672,12459,13498,14418,23809,25119,25340,25434,28180,28191,28930,29015,29736,31846,37420,37460,61420,64410,64768,64891,65417,104432,114524,118122,119314,126296,140541,141459,149318,155394,160211,161844,165914,178015,178704,184996
2001-03-01,0.04695107402477091,0.040926612272058224,0.04320743539453985,0.04534886981106212,0.009140170600901498,0.028840745740621426,0.018340873394168615,0.05103022539120321,0.057028789670233865,0.003221741331408763,0.012848996444296244,0.029253772510487427,0.02647803495032707,0.024097932967789632,0.038414574030541306,0.015315786305875335,0.01934779437368385,0.04213772605730371,0.03997941050593376,0.04474743205185313,0.04337781250091137,0.03462697564322287,0.05214652168840919,0.06823289148809404,0.045733945944015975,0.024281845438526628,0.02389510145675412,0.03630406123488004,,,0.012345131446045744,0.00763874495187102,0.04284214923846205,0.041352250346665134,0.01533045181753248,,0.055231436151713,0.0518798894860462,0.031164229741072087,,0.020756903348870037,0.036751910165530095,,,,,,,,
2001-06-01,0.05063403618327192,0.028977007276945903,0.042335513549808516,0.05269450892647029,0.017330525264272367,0.03761599260487802,0.011527059850765645,0.03531089933513136,0.036288828096481,0.016730965715996554,0.016338311666275963,0.038798806094311765,0.02801320503388839,0.05609671770331495,0.019719413147690247,0.024412844884809257,0.04424038958461567,0.033702333698387855,0.019283645035364293,0.0558024518267812,0.04060913733946622,0.03600782383410328,0.03576491246207216,0.013666717265801622,0.015462272223595986,0.018753478905891786,0.04977492247945624,0.07121184334424348,,,0.05457692793648301,0.02517613103899283,0.08334067274705562,0.0386691964722176,0.005059567797317455,,0.04892956042583321,0.03993104254118352,0.048718191441967304,0.04892956042583321,0.02813130312061181,0.026615039772688955,,,,,,,,
2001-09-01,0.01866408915493091,0.012115693865185843,0.033474919189310504,0.046085171857325954,0.007549896401993063,0.006611305508114737,0.014601621518093407,0.01756961751029729,0.016164211838405516,0.015553613860855409,0.02176182460307053,0.017218825823629585,0.028410102639060537,0.04515539435862811,0.004636324206665532,0.006958752271957901,0.01671235989216107,0.016188581882297014,-0.004564449003698559,0.009750288824461741,0.022653910110773945,0.022640548229045328,0.036038898233336454,0.015544304224893418,0.007899565378713502,0.012876389419115208,0.020239371796142255,0.048573964268092504,,,0.022520136851762743,0.04819704583807728,0.07845930100340133,0.035689093917150194,0.014369932858910674,,0.01712522649253883,0.016506262063881064,0.008048645489693342,-0.007736992338405645,0.0074264598629780985,0.009748003310235736,,,,,,,,
2001-12-01,-0.011924474174116767,0.014270806508191564,0.03708807805331953,0.02329845954075209,0.02872926201508391,0.03360142409619223,0.01097309116065663,0.027121927914539774,0.02808955176558792,-0.005303286715772118,0.015514038906969344,0.031328698103251826,0.00934523267752994,0.035746166320633384,0.002536568536684304,-0.000664898543462403,0.025605210488907383,0.04146234587716066,-0.015003656714616795,0.02498046636828028,0.034003710715539925,0.011709837266990037,0.038255929516469625,0.04950694636586641,0.02888831831594561,-0.003379262892216222,0.05562734700171904,0.006576563143183084,,,0.05118242627225521,0.014015514020045427,0.02395430791060884,0.029778537218749828,0.03165897730318073,,0.02638343712817961,0.024924718223602083,0.004340565749655501,-0.0053088711453125595,0.021895504761439994,0.016639722250969297,,,,,,,,
2002-03-01,0.013722844110407277,0.012733528366342074,0.025662030859202954,-0.005500841040014118,0.03233786036143019,0.011900958592567158,0.008976499915896658,0.028975790122143793,0.021673043256935996,0.030113687053489796,0.00878433105711045,0.04151925647459698,0.02826057630554308,0.03393866233748724,0.04998055940952808,0.01026148903995544,0.012141797845464737,0.03556367435652698,-0.020949115654903972,0.00040919272351594904,0.026610448017026875,0.0273492697746112,0.02009165959456209,0.03511157292889368,0.006457115803313362,0.03272551120876161,0.028051332897928577,0.02912330456473005,,,0.012870797937174066,0.024671213603722417,0.04330135020289351,0.02082637162873107,0.03415038238707906,,0.03812916413599259,0.0028182415284582728,-0.033419675613061396,-0.025922997336784458,0.0218991201891578,0.042231652801308465,,,,,,,,
2002-06-01,-0.010773957994755359,0.00037604790781970923,0.00889671457389215,-0.07325154167661123,0.016469394349385186,-0.06689833001189326,-0.013209509743425938,0.034265066973215734,0.030240826724117858,-0.032715335604935336,0.01505228262830972,0.033200537138932305,0.03568457799212598,0.038666890758483376,0.023863600063889604,0.013963521877143904,0.013310252131506124,0.027122643743379107,-0.05387355764722742,-0.02449977552372158,0.016943618104505058,0.01675154515684897,0.02994008627837435,0.02912379207653269,0.036360422034614,-0.011574415467663631,0.02206304146902312,0.05063974932647034,,,-0.013128479623805188,0.09610892624960944,-0.033855181637749004,0.022340484011642407,0.023491002487295517,,0.037400361546942325,0.011759975030380182,-0.04898708569797342,-0.07874438594429614,-0.0023003625788038883,0.008544652671647703,,,,,,,,
2002-09-01,0.08112277084298462,0.04742359528602191,0.055519149967227385,-0.04534565265928057,0.02481078503907507,-0.03585136201563827,0.026703129640950608,0.05256976117480091,0.057177398703067574,0.00894682599769401,0.029886808793343756,0.04152158026048199,0.038072098369353054,0.04336911364234798,0.09282088095901664,0.04184899919519546,0.048368516348447105,0.02590878001395357,-0.053632599005502206,-0.016881984442612744,0.04122805272132414,0.02089750800324634,0.04822585896552773,0.04312091406684565,0.03553711742363904,0.03757500018764747,0.015716934014221903,0.06438242788616311,,,0.052582244420606244,0.05125027188023779,0.06874468684008442,0.050922228343927005,-0.0001353819858824343,,0.06210681316837084,0.04423733559092248,0.1269959910614351,-0.06460670868323833,0.03620905979629458,0.04081365952506003,,,,,,,,
2002-12-01,0.06290105814058783,-0.028968546966932532,0.025136129989774388,0.017470568426677928,0.016480616716383296,-0.020230595277570176,0.015836529360733778,0.04889510453389883,0.004919411664005407,-0.024751368036204615,0.026228304242753443,0.04097006821589387,0.019624122913203736,0.040909458329124945,0.08919171063256183,0.048081475135058345,0.04560634033537758,-0.0038022503750585455,-0.033817647254576894,-0.015025947315916569,0.03810817395642472,-0.0038309883263214868,0.03183339768286575,0.04430362480028933,0.029931083972570563,0.014193401071986217,0.017686740315136753,9.193734653860326e-05,,,0.06295238369917064,0.057566116559098025,0.04786484770103158,0.04443052344669483,0.055090611536914656,,-0.002021317621901473,0.07056325126576508,0.10240609018378093,-0.08355182325429018,0.0990526973581102,0.03392363228351276,,,,,,,,
2003-03-01,0.09680071400426932,-0.0010697587691326838,0.05892286360817814,-0.020048898866499392,0.10729697514365491,0.021808744452986698,0.021396419321245842,0.054537684499272814,0.058585143494207174,-0.010110612271075509,0.03884046841211649,0.046923048661606376,0.0917051048140469,0.10546469155053698,0.11491495454395116,0.008247499630311085,0.06332625189192513,0.009921484526472703,0.011074355297909424,-0.009629078839775384,0.039610506491783624,0.05071690948244846,0.06594853279110612,0.03085215486070425,0.04583077655857439,0.07775892259644065,0.049207095058797896,0.08183404293924587,,,0.010631705275336472,0.06882135519007089,0.018343417067441477,0.07484011012983231,0.09190594024265354,,0.029276938576575873,0.11171040874755786,0.15686491925718377,-0.04745723190609799,0.02815759397590743,0.024743533019393783,0.05581827176658255,,,,,,,
2003-06-01,0.03415504050855774,0.04351538346466308,0.05884757068034616,0.03603990714038259,0.04462381487063604,0.013430570135245064,0.03132388108366513,0.039181154645191014,0.04832673475524149,0.03752710632340345,0.04256501092921416,0.039125319507945205,0.061915580131823154,0.04449029076528301,0.05686195934803005,0.0222422743177783,0.03843003566996131,0.039260709859487514,-0.025379483683881886,0.041058045943452026,0.052511657745035405,0.03659048154150687,0.0742013551950453,0.046543079721443496,0.05565022122399416,0.05924317351368768,0.05341178473957923,0.034382510074435296,,,0.07445058087357863,0.05060783433412734,0.07023006316116212,0.053525880370342976,0.047517627304738005,,0.020698683853563393,0.07627147879038572,0.09116869966927238,0.01435834590354105,0.02995153362863575,0.022455117722184427,0.04424589948828364,,,,,,,
2003-09-01,-0.0008057302372080496,0.0197894489541447,0.059607828032977705,0.017357661619979637,-1.4949245955005767e-05,-0.01839248756944462,-0.007799803578149386,0.040711476251095204,0.034073826412258784,-0.0014100098765166794,0.01978646064853933,0.05227886043583942,0.06814750112894193,0.024693417577547245,0.04815560300837632,0.0332117226485376,0.02780641474931561,0.019797038927136388,0.001381095200431536,0.038803529916357105,0.04980785393191629,0.0225120448742898,0.029525329729022297,-0.0016013416155631318,0.003675046024032343,0.03419822689379797,0.04714266858257851,0.04707992287587089,,,0.037793174271458244,0.004416356937168005,0.005931012754446241,0.029542763319401977,0.023011131729312344,,0.02676892327868126,0.04658061935537056,0.08186912750700308,-0.01775628488764808,0.016782764751548454,0.03256755718319117,0.005288300640799805,,,,,,,
2003-12-01,0.004639296812078577,0.040310117804571964,0.023029577203263835,0.010196936103577345,0.019447777101772007,-0.0109525008800421,-0.008990667798332214,0.023965151047227008,0.017209689302336868,-0.002332528957847151,0.005350507283203714,0.021305039666902878,0.029133894654936484,0.02043100270352202,0.037372806878945376,0.026550964531039785,0.018411532473246985,0.014680733826051742,-0.017828334193747814,0.016148532072290084,0.020467780920893713,0.013029354778363698,0.02860460916291767,0.028737500624649435,-0.00660055314374992,0.011472116762082157,0.047270266435204926,0.030476004715726864,,,0.03386690700725634,0.012062601687663675,0.03375667648158938,0.018794018704402535,0.008495202315499592,,0.014753601100597981,0.0670271036628022,-0.0071684124896583545,0.028084445539612788,0.011869797212307442,0.016500517565600812,0.034699279097406374,,,,,,,
2004-03-01,-0.006295351641546759,0.028925726716248,0.034301861973561866,0.014113766734464524,0.015863809342752673,-0.0008101265482202912,0.013024014860287652,0.02534174479598805,0.029549956523627505,0.029253444888606484,0.018389364986421578,0.026514262794844385,0.02482034588713057,0.04275711582199614,0.04329611291666321,0.03193053153159648,0.0005088254598324271,0.024474275112346115,0.0019012657154762718,0.02996339109076314,0.0280510185106771,-0.00832702029032912,0.03540902816676823,0.050172895424320525,0.03837869615619995,0.03850536293148543,0.07152979338144223,0.050513690365766285,,,0.03370085658441373,0.037822759332429505,0.04171815780362538,0.021606966962084747,0.03742142347317256,,0.005338302164526859,0.06331165344675851,0.01413407195683456,,0.00883806592071449,0.01115193994601921,-0.027547683983347265,0.047982989487216236,,,,,,
2004-06-01,-0.04104509281634797,0.024823450120282423,0.026942289520282107,0.02530577234485923,0.09650924988771037,-0.07468042633615798,-0.01765921164489156,0.0195849490769747,0.038498334209985025,-0.009440275173916116,0.0101468394031197,0.01237542801533358,0.027815579235867423,0.012342579422332339,0.02648044174165094,0.04685523035617181,0.01734246541460586,-0.02515524357512694,-0.059734068717136185,0.01580998707124493,0.03001989479010555,-0.023899244884023497,0.026338967921353117,0.02699466792441696,-0.01323966111227177,0.04146970643091159,0.05262118280041356,0.04613097282484281,,,-0.02025854266812995,0.06073615146833686,0.04342805755887387,-0.0017890912600101894,0.003165638338159813,,0.025911568264208106,0.06730090937115321,0.0008248530831200954,,0.020252303028460997,-0.012758439189744916,-0.05793557223110662,0.038126146581018684,,,,,,
2004-09-01,-0.0494365615177801,0.02727015905019814,0.017685008467241504,0.012040698801064821,0.06245297868406296,-0.032448553246476664,0.010991321942470425,0.03450468989170181,0.06574240568749314,0.02431435160541648,0.003375860011490146,0.02637205611724711,0.07940846073339568,0.03900097556087884,0.010204966052488005,0.049397366893738234,0.030949350786719607,0.020555974753170572,-0.0696785044950628,0.014336466066460628,0.029125193506156635,0.001676722157410351,0.02120943941444933,0.030571394067978135,0.016901239302548294,0.02343735058949458,0.0768371389136105,0.0405628419114996,,,-0.03253707864251467,0.06114149229248409,0.009500763878675903,-0.004328160326406663,0.016105312794750217,,-0.024757352386401397,0.05494502129677206,-0.007440927693587437,,0.0396172498236458,0.0472699599971691,0.019846072066786444,0.013669662155906115,,,,,,
2004-12-01,0.0039332991621431074,0.0421098609561411,0.016571718473468788,0.0046608403413979085,0.05129996245944786,-0.019050886476080182,0.002417516085490576,0.06849457597883948,0.041807505496143385,-0.006329006457901888,0.005652744971548416,0.032802330007888694,0.007915839403554744,0.04252947898909556,0.011192669471818937,0.0884125026116018,0.004116135680148342,0.01577089480175726,-0.05897299040674585,0.03926798233797129,0.05259195083270125,0.014735495398992745,0.05918015214251974,0.020405759434134526,0.02448249077549283,0.018143662701459423,0.09476835273772835,0.025499990621607502,,,0.046408657493002194,0.013735503620543167,0.04748952379694783,0.001069522591195168,0.036249974562491134,,0.041886975961456914,0.06037132032205499,0.048716075126247614,,0.08256253207524003,0.06790193781384216,-0.0008241259495703557,0.04473939661537954,0.05076677567011248,,,,,
2005-03-01,0.027202078997363432,0.046570777252408796,0.05304473114103529,0.009375806160926774,0.06240289942743476,-0.03844523355558654,0.007838221315548496,0.016999988104590913,0.05158513140721938,-0.004858011374480191,0.026173596653186915,0.06761762496977552,0.06138374919303668,0.06917341089806933,0.03406206427554681,0.05254133670915149,0.012250120376773843,0.02483518979582578,-0.032495495386990286,0.022783968186632673,0.06155358595626524,0.04832981661093693,0.03504797681743761,0.06629561080282186,0.006748078627455537,0.024556863729988263,0.08020006053853448,0.06532297164271418,,,0.044343172284501756,0.12179879871911856,0.01595018997922351,0.01239293651845942,0.024647617711972984,,-0.06638489929529269,0.07565156932225142,0.0772011891079634,,-0.076618395380758,-0.001097027284402964,-0.02874588139708885,0.031774424585760394,0.06757076149097309,-0.076618395380758,,,,
2005-06-01,0.009455319327155346,0.058394735840290354,-0.0628636013170218,0.020109803838913334,0.041312468222225146,-0.0019529118608120795,0.011655410034105609,0.016934764825141526,0.05144664836720554,-0.004199029806410273,0.025302540037093372,0.07010578726435603,0.07856480311865467,0.06026516957775263,0.00655241479945133,0.049293856445245664,0.018332430845003675,0.01226762132222872,-0.02831375736734887,0.03281867914081019,0.07010578726435603,0.0037645989993791767,0.06012582227085141,0.03764867961053983,0.027042549346408755,0.027647148438940537,0.00639058557374723,0.014673888251477763,,,0.004492216132357981,0.09470283908380546,0.003060018698163075,0.07682897225794418,0.01697777720716845,,0.026593448258572055,0.08758996172408565,0.08783414236148887,,-0.03983751414530042,0.0715297186404465,-0.058806605206176546,0.005703316763829647,0.06594733486084464,-0.11033924823229707,,,,
2005-09-01,0.008981967918909487,0.05791271153817896,0.017625549906537027,0.020826754812736742,0.04332860591961242,0.03611616347947754,0.016851473117364787,0.02535606246350256,0.040778858065842714,0.019450523475316145,0.03229393124999627,0.05586167651657995,0.061878374944498396,0.04353662573946195,0.03336391791505013,0.029515624102698708,0.04746635054615064,-0.001072535716923695,-0.016299971527349605,0.02535606246350256,0.0561860641356429,0.042137588552652386,0.0434770491931454,0.0472784631595912,0.023345758443069128,0.04453951275496359,0.044347215849841,0.024238542938384153,,,0.02452799859943966,0.022584889818243626,0.02628312083408949,0.02570993059230005,0.016032453837997965,,0.050503241856229404,0.07282280930946372,0.03539746886168038,,-0.01061267577354546,0.048531211850020954,0.023369078005933037,0.055154462524111145,0.04451188382147894,0.0031659118854393807,,,,
2005-12-01,0.03190772307225923,0.06401274368431116,0.006436235565786277,0.025299744653987113,0.08574050637798178,0.02686630908527396,0.025299744653987113,0.04422365301130216,0.04393601632103164,0.012758390415266994,0.0398131442558385,0.05159487273763766,0.061171567481536925,0.042845960801083285,0.053552244790395234,0.046306734691940014,0.03582499511411606,0.0019408128250938538,-0.002683380888653102,0.03137001639599102,0.04422365301130216,0.04398151141276623,0.04284309074208544,0.062240943722515776,0.017630337025423926,0.05093149370091866,0.02932859522294316,0.027665175512058778,,,0.02735447461618714,0.03265958624430347,0.031063802196041913,0.012007069523404761,0.029305129850967056,,0.05169555997218103,0.07896121794803057,0.05073225358691837,0.0537291639069439,-0.00297307667109827,0.011937569639112664,0.008129497868158352,0.035919164449455164,0.04644331834838354,-0.0004853597581027672,,,,
2006-03-01,0.032855855057118105,0.07845339503806917,0.03853731009981378,0.03781456779295726,0.07921925506105053,0.022731051388918566,0.031216586212360044,0.038849007010360904,0.045155829392111255,0.02595366527233502,0.046732123026198585,0.04703215388981318,0.0640723264448649,0.04596480184855059,0.059689884193266554,0.06031741740087615,0.03658487508171882,0.007485182139381778,0.008321296411103827,0.0360263600893392,0.04703215388981318,0.055684171878142424,0.046131859469249775,0.06673587377955842,0.020741038829501197,0.0810685008284115,0.058087699266711736,0.0243710763802046,,,0.04240607526255603,0.05276524018797041,0.018293840974810176,0.03835984459730335,0.04147743659548099,,0.04689700913797194,0.0774237784487572,0.06706468031116698,0.048526196763939065,0.026772520196375448,0.03123674320071582,0.01749756423790995,0.026431551995283412,0.04048534987324101,0.0105600081857238,,,,
2006-06-01,0.007026497865919793,0.02218916557600488,0.04449097250197057,0.0381622782911735,0.03027563031773769,0.04283027042256863,0.038662518480238724,0.06578707690761254,0.04286598921572246,0.01926980901718985,0.042047263855051906,0.03422698422701981,0.05610156266122661,0.044545423479778565,0.04870446246398168,0.04608383208988744,0.0448580447908094,0.016204925160610402,0.0013446367894949453,0.04035363480752783,0.03422698422701981,0.034651458165835355,0.034651458165835355,0.044439399818681065,0.04101237189182184,0.05367025108244333,0.024602580896482092,0.021857338318080066,,,0.031637233572843156,0.05010415169439891,0.024111455474008805,0.04055030044863545,0.039586671751801944,,0.044529062289540226,0.042871823199705325,0.06335492893599032,0.04587479692511574,0.011519767361498172,0.012088143260855616,0.04811595534902202,0.041008508569888406,0.03023154621844224,-0.004303577052857474,0.05367025108244333,,,
2006-09-01,0.02419834876769671,0.019006119483872246,0.060794278470899105,0.029242286681751592,0.03857544914548231,0.025926039939602033,0.03939411751240591,0.044320982334045605,0.03142189641367845,0.018354106360109715,0.03908542139301639,0.043538378269752306,0.038194895034397394,0.04556351578727398,0.05150482001531827,0.06476270587287117,0.05010596504814225,0.011543097648425517,0.03328350211468744,0.04245809181722224,0.058267769065539335,0.04423374986348527,0.044986657591969896,0.03462386821119603,-0.0033100408319378005,0.05981195125480261,0.05634233515559786,0.0037898040031944013,,,0.03639345933761669,0.05856496991432571,0.017110107610284083,0.02826298063822528,0.03924074495664633,,0.03147994197342559,0.03099251876288283,0.02610740000534086,0.04648712312477979,0.030797977229637383,0.030833048304742167,0.04441175676286097,0.03194460154083984,0.04312703551928784,-0.0025741159622122583,0.06674195776572868,,,
2006-12-01,0.039578284688363205,0.008124409956701637,0.020230975406863732,0.02317185914614564,0.06896942117654212,0.030351560260825135,0.039578284688363205,0.046331065472432716,0.029799549179846053,0.0184312897482066,0.033115806792867665,0.041392261029882575,0.04487762322875781,0.04416386578466758,0.04487762322875781,0.0631947713941463,0.04444451979793778,-0.00511865821892145,0.015830978932872657,0.0375949492860253,0.05584361458327602,0.043006180224771054,0.03918561256825035,0.05385700299838519,0.022097192473034946,0.042582859305760126,0.06826778639093295,0.022097192473034946,,,0.023053682067346135,0.05009768509714835,0.04056495949258406,0.021857090652718483,0.03639036038470138,,0.031243622392110128,0.026429813358189842,0.014541548218330999,0.04606952859725974,0.015830978932872657,0.031243622392110128,0.055319933556262114,0.03589225956264852,0.040884753181096516,-0.01293611461412836,0.03222100667411563,,,
2007-03-01,0.04135070993931929,0.010806001319906323,0.010715888159243969,0.02060249832156011,0.03754682939986863,0.00687636423388598,0.02894908123279889,0.029463507268933178,0.025386765528307632,0.01691160262587063,0.031938922177409935,0.05389024628870423,0.06008244284122684,0.057400169207788496,0.057834798675067016,0.06319075902050857,0.031141143683334923,0.010016948334567375,0.019488716165990093,0.04499213823363939,0.04911094659449293,0.039735605499326976,0.03722562803870777,0.03632517687663289,0.015674788735267054,0.0560277072593002,0.05543386327832287,0.033575302596753696,,,0.025480279594910508,0.046919487135740866,0.07036409996286372,0.02003460324768997,0.02097228093213889,,0.04665996683903478,-0.019376465496387565,0.002249630502109383,0.05732092141293539,0.01727248477390811,0.020376977255883975,0.03238787934751931,0.03731774632421717,0.027830975290373476,-0.002258860350840112,0.05679528549013937,,,
2007-06-01,0.027013061357473597,0.007160318157284687,0.02720434428246835,0.02259281868805393,0.02807109191147579,0.032970657895811085,0.03388223689589581,0.04497295599992245,0.03403122830916094,0.021700503559316024,0.03504715289125171,0.022123172089346423,0.043167108796272474,0.04517906016760313,0.04353395242232356,0.0472772441491954,0.03847402464507325,-0.002722711413416631,0.024957159876894255,0.027859431477001817,0.04999883901602,0.045164738850444766,0.03826334991946928,0.0306284224916277,0.01801780316496288,0.0421792462299371,0.06025914414871365,0.02626186840160406,,,0.033287746650340184,0.04350490533826875,0.04215206370385552,0.028656657647268893,0.03113644619521572,,0.04334929868163938,-0.018355550800856706,0.032446198403059755,0.0422539707475775,0.036181216156397335,0.02031114439415394,0.043474610901903694,0.03452043287697662,0.019260534648592818,-0.011018755915886004,0.05836234642464746,,,
2007-09-01,0.019008774779667094,0.04033524791545496,0.018370440237546633,0.025478256359150863,0.013634382310816054,0.027557328855388953,0.02941076584389515,0.021470319004189657,0.0234615173813887,0.04803891059947547,0.03411942283757643,0.024520400441300324,0.04220378593628742,0.03779738739896934,0.03758584899902385,0.030730673024484106,0.052555674239081474,0.009190079526159137,0.027812561091079484,0.030162739144426198,0.02370512405987195,0.03735375254244457,0.0403319969885204,0.03061556778150977,0.022684588074053606,0.03860370649600594,0.04234816545876535,0.023762153878288016,,,0.027367108641265125,0.032674365240432435,0.009879216371702623,0.027411332730904618,0.023210665299240266,,0.032849778356091756,0.011429955663933749,0.02032038980361226,0.02578973233933382,0.033284285592933185,0.033284285592933185,0.026210326689815787,0.032969781320761865,0.054535828602558005,0.012412074801430837,0.05633771980543103,0.05170055978107236,,
2007-12-01,0.032981115109507506,0.03763807057732835,0.01619918799418175,0.02756206982503017,0.04263239240746744,0.0009225214583781358,0.029399057484970233,0.011256328339216193,0.0448489269704235,0.025992073115879925,0.0360787041431217,0.010167347463903943,0.05923360852395008,0.03865264393740115,0.04113444181333063,0.05837339230688115,0.03642990534156681,0.012148509191096541,0.03245923204698708,0.029850469440409474,0.010080712243978416,0.03843132484280435,0.040470524500240336,0.05052428457650076,0.024518760634635053,0.06100019785288076,0.06392683266443099,0.018362757002444326,,,0.04353215319580673,0.04936173339552913,0.005282943215862942,0.02151095186160549,0.03165135727694808,,0.04011600770613961,0.08113327053844324,0.01628546069996266,0.024993402207177596,0.03223141614233775,0.0307089903093248,0.017760780852904594,0.0391326088132137,0.062454638270462715,0.04167283990114164,0.04401516895785648,0.046048957187071,0.004149541689120329,
2008-03-01,0.05566850709161598,0.014435433694322626,0.03778574627084741,0.0316066659964807,0.06403137744552699,0.009544448615485937,0.03426209475821807,0.04627338775943782,0.027744862932599982,0.029324090221352853,0.0369593856542906,0.011071558491753224,0.049843779285212025,0.046368437724060796,0.04804603368483988,0.03673116291241717,0.034123598864153774,0.05827888984194416,0.032880767723752875,0.05827860051838069,0.006922032415028801,0.04548020406234831,0.05280763580303254,0.03412942344196782,0.031594468283642145,0.06616532808115276,0.06342152184574959,0.03364343352311526,,,0.05468013738605584,0.0594601696615942,0.014101562868820298,0.04010078909812974,0.013662616442134908,,0.03674730803995744,0.10973851732596095,0.027657005321738117,0.0338937262596715,0.04134359770610284,0.03963810575537898,0.03630153256218754,0.03924401268370262,0.06818747095955764,0.026436925543170564,0.06217507307255778,0.033154248966397515,0.055951761724771676,
2008-06-01,0.03893955506725796,0.035721032628173964,0.04726039290319734,0.039600060450829526,0.04193765593180658,,0.037163283833694126,0.04271138092743949,0.0562233420380788,0.03601550816998917,0.04054135867437233,0.029871296599832575,0.04378819349398248,0.05386910907975636,0.043588146556942896,0.03903086461640626,0.038999700711520965,0.03893955506725796,0.03991477936441061,0.04273085043463568,0.03619922315287702,0.04184450155296371,0.04448425479952409,0.03094382535467916,0.0331843419155025,0.04560502640091277,0.04002106576305578,0.03776469778636096,,,0.048087938607460114,0.053179463221679865,0.02535913097753939,0.04102871309844463,0.038435503953458905,,0.04190503670882984,0.046377567119160114,0.039494208214860424,0.0351425493107691,0.04121208724107646,0.04193765593180658,0.033393102475703526,0.04231145707848169,0.05031476605840914,0.034740169150902965,0.045571628908960826,0.05815737032045158,0.047084858154732345,
2008-09-01,0.026225729575720298,0.07010805023544268,-0.012277243521275212,0.0309509989785221,0.020258180598963667,,0.05162352652155752,0.017645298207129033,0.045652443350922424,0.03014595622521721,0.032058538779767,0.026833240788519355,0.04242782694279138,0.03275532135156758,0.037746317117528703,0.03877911635973794,0.04050421297987477,0.04017902054624794,0.04494481114039279,0.03813676350549203,0.012138848517971723,0.042792248511587846,0.054544737722171714,0.04027465317236536,0.03153532910335661,0.0634482918706449,0.056395492194619645,0.028731153310426926,,,0.038465180603788306,0.03746731112785476,0.013323284784623527,0.038664589774632836,0.010730925658495562,,0.0333109612062397,0.12068915904969564,0.014376781974232167,0.04575362545555695,0.035014493883481206,0.03362208032858068,0.03556509834710984,0.04176965329120587,0.07152518022593157,0.039448656636073526,0.05641160591639614,0.04551000681016373,0.03746731112785476,
2008-12-01,0.04362997689562223,0.0060606792044052,0.0060606792044052,0.033823465832470416,0.023052427196765642,,0.03667561275955397,0.0060606792044052,0.03667561275955397,0.022653432597159205,0.032296908573475946,0.0060606792044052,0.03510806360812729,0.03806921638323882,0.03510806360812729,0.033014202850779543,0.03649789424900601,0.03412565244051858,0.017395245163621766,0.023409486838106175,0.0060606792044052,0.035795422070429614,0.04583170868159545,0.037250249477508816,0.03218908211170613,0.021156873707914064,0.04562530791167054,0.0391440183513609,,,0.03506992575239426,0.04602640423712612,0.03439970917715562,0.030440688624559547,0.017395245163621766,,0.04757710900084371,0.06812275658855994,0.03412565244051858,0.03412565244051858,0.035648819700894126,0.034693740869214104,0.04712067212354781,0.04029615739991241,0.052160370385729286,0.02630142086406262,0.056084111213699064,0.03908295391004145,0.02577212724309189,
2009-03-01,0.028076082028943742,-0.05653415701222949,-0.05653415701222949,0.020128946321689857,0.02281784265354456,,0.04389283403529782,-0.04182315278102441,0.03998191623229409,0.02290224711205293,0.034562174393028264,-0.04182315278102441,0.034104373868235276,0.02751197850783981,0.03573713023172521,0.032648338537970036,0.03789972469632031,-0.04182315278102441,0.003959855297257622,-0.0007907466089487888,0.08956267192144696,0.06069784662313434,0.04396386554724013,0.02808360169252349,0.0339887305494148,0.044421158142805964,0.056203812779172385,0.020272721648952337,,,0.03889031123544252,0.036556848840200315,0.0426453147823544,0.03257376079400728,-0.015024390810800778,,0.051569196725530037,0.08361903931523147,0.031886158115253825,-0.015225693507668626,0.06775689179471701,0.06419459938648168,0.04900922930148607,0.05041521376340908,0.04698560333726785,0.026970407089658473,0.07895953032534021,0.013508884804209628,0.032933812780493225,
2009-06-01,0.014833668085841993,0.020746643820220175,-0.07534048907048485,0.018755840019794606,0.035856758509693214,,0.016071893755120352,-0.02260214524198731,0.038682762357949804,0.019806347260535626,-0.0028108207213374827,-0.0224204602273315,0.023744830244707124,0.03634807409484463,0.023744830244707124,0.019594510099367635,0.04308275948631454,0.024391374686853883,-0.0004195273312738579,0.010816202891884442,0.0821062988944134,0.03626799976047178,0.04318450491768263,0.03177299883095828,0.020797634204414522,0.036487610642095,0.04062982677538049,0.016168740705682784,,,0.04565906115213223,0.018232338147456516,0.032550074316916124,0.020359702695147315,-0.0034233127505332367,,0.04082877918281481,0.07206939828013668,0.01787691167587336,0.07792805357214548,0.06908914789572124,0.06873030804728326,0.019023121719405872,0.025831450464970956,0.03524044569795848,0.021331855279863685,0.061645232424487495,0.019804557151751594,0.03479862701296118,
2009-09-01,0.03132328668596549,0.02767213271768603,-0.011461551144528454,0.02530116566701025,0.030602515948930785,,0.01934170243465766,-0.07817191326956971,0.03107866380762621,0.011321652698198825,0.01079442442339418,-0.08384507106032973,0.018138474251431672,0.06467795123708374,0.01379225856460715,0.008380454126989253,0.04405111474263298,0.03708992509286531,-0.0008575833778052674,0.016327734257650255,-0.03546249843168945,0.04151624648069272,0.037742564842859976,0.019814894878505216,-0.029573421964537775,0.07509020457938324,0.038622769123032086,0.006979761915522872,,,0.02791109925445347,0.016835511937356114,0.009529386181986859,0.013596111409147127,-0.007842729370413526,,0.05270596519538852,0.12374800329994988,0.020569664743880466,0.0009844081985359875,0.031162702397561026,0.06468180917076999,0.002947924535164741,0.05464814882817251,0.0396628079125761,0.02615498657024863,0.03265221026827532,0.040916224608975996,0.06042666597975674,
2009-12-01,0.027629423716965352,0.028474436710163458,0.021963336582679727,0.012079010112635402,0.01069573643969859,,0.014570742324180942,0.008278504858598932,0.045488898971780475,0.012198560729313948,0.02042432411221106,-0.0015101361689913112,0.031732819616375,0.028172778643633278,0.03175993426060302,0.01242155805315074,-0.008641345491565438,-0.02319615402464568,0.010315130167266045,-0.020303939042071135,-0.046797011235158247,0.019355130772408233,0.03681213090047891,0.02116062851134965,-0.10382551398847822,0.03168276875808829,0.04055634536022754,0.00567240282539436,,,0.007501890015423241,0.019018010001909957,0.0014734751888987414,0.029492646723753183,0.008757708966865958,,0.05286607546033087,0.04487511544544141,0.03842050830929853,-0.043892343810347983,0.008440306960389238,0.01496151922601603,0.0031754203191058255,0.049697689231472796,0.05309246128995406,0.015565442806200805,0.011433861845037146,-0.020405629939122545,-0.026643936405838148,
2010-03-01,0.06510592534478549,0.0008279258532044515,0.21501503514367606,0.0003177438220589402,-0.008106768187052783,,-0.02357816296834778,-0.07238118130858467,0.029083020162223555,0.00020068268931638299,0.05953667338870793,-0.0895071824542834,0.0635577182604553,0.0895143847509671,0.01014358523689971,-0.015228295799117351,-0.0512568086800835,-0.152192038185791,-0.00035952942061670524,-0.07583271240353251,0.02227613989189075,0.02443980606173485,0.019446765301952353,-0.051825570803471215,-0.09275427837131427,0.10081641878150142,0.040055254570768764,-0.018588600775556737,,,-0.0010106975003624122,0.015459735481037589,-0.011320658845730573,-0.005842265341153604,-0.028363364832690776,,0.062265584830760515,0.18600080030039276,-0.09514057810963722,0.0025065928932549828,-0.004226335187076956,0.050125967195032865,-0.09660508541331997,0.029704119565610008,0.032739813312804,0.09749665401966612,0.05703531813976732,0.026293669633969494,-0.011661819850772883,
2010-06-01,-0.0032974654486836413,-0.006896304624009958,0.0939965849337924,-0.002229918880393776,0.007567496113059484,,-0.003344304008968942,0.009818776517812914,-0.015572191290015934,-0.0006910997919985131,-0.019765391519408534,0.059424575165242036,0.0030179145489933417,0.01130593929863395,0.06276886493894783,-0.037016517591748926,-0.010455676625182533,0.05408019360388178,0.0008830465902111118,-0.011964146748223362,-0.047113841550069716,0.01720355325333458,0.03479888630686186,-0.002974599339577108,-0.055091924471009295,-0.001902680008009958,0.04499606961956563,0.006425785253414231,,,0.0010543904655123332,0.036190702269719946,-0.02867674848286041,-0.0011961516222076197,-0.030500395520679395,,-0.02054167347856145,,-0.03387494847672331,-0.002994131636120177,0.002606440713160668,-0.008899553381386784,-0.04033907317354866,0.029168768368724948,0.05116025188988508,0.03576151969568617,-0.017859184375300086,0.007837459504638853,-0.04181789949168744,
2010-09-01,0.0012540298222086113,0.01437555511359771,0.0641626524025388,0.0012411768073414616,-0.0038389822122935737,,0.0012540298222086113,0.022336707462888628,0.0407045284665009,0.0028792867266288287,-0.01844852447529807,0.0698350962622308,0.053938052011654025,0.0253715015900579,0.05347704230295484,0.002229701896260774,0.011525395395996094,-0.10860412477798519,0.003512129108338066,0.015238915805622203,0.03610542140760177,0.01575680040065364,0.009906531028191933,-0.017439444540284704,-0.030442162902431232,-0.0044426845557955594,0.012732417419239915,0.004284953282976658,,,0.050513654008278217,0.06555788025439122,-0.0015096901065575425,0.011223895536510653,0.005228420668794953,,0.03630871081847225,,0.01535866151992022,0.005175319599233636,0.015031660589536484,0.011750673698332588,-0.01466919293836467,0.061725771458233616,0.03865773462628307,0.07122872124881797,-0.05157688493375138,0.007558310317812816,0.00512572949718964,0.08265271963285335
2010-12-01,0.03794788145025328,0.01005599221327274,0.12513282963217856,0.014460946977496404,-0.008374728362205798,,0.005506918742530719,0.001346846778040727,0.0444882483962163,0.013378783225944414,-0.0807495158514804,-0.10941431639739899,0.06899571525821317,0.06877825778032717,0.0226810562585585,0.006131553862171546,-0.03126404939042207,-0.1988560669826436,-0.01113283662215692,0.03450500697153009,0.062244204999759446,0.022417446740358993,0.042940785121471294,0.03146778818047401,-0.043911455172568864,0.1341812251894982,0.0158096572971865,0.005375305931971711,,,0.017596007585754355,0.007045401993117192,-0.019449511361817485,0.03403186120426784,0.009144908946665524,,0.08020607330650681,,0.059878812350018115,0.0021130085599411364,0.042305564731176214,0.047719256620007824,-0.07514636013270554,0.035710910426359814,0.03395702649087437,0.042589150751734695,-0.05597345577484561,0.06911758850739615,-0.007897785065991423,-0.11861942699583801
2011-03-01,0.027283649896125584,-0.020102586811483626,0.019040316048218216,0.017491206290491963,-0.0007870216962262923,,0.017491206290491963,0.022547423156222494,0.02478125542155853,0.017347804486106396,-0.015803171388261487,-0.07537785718700898,0.0929061370315586,0.0812289284413526,0.05404730541639941,0.008309291999257685,0.0028266172776590212,-0.15456556751337588,0.003685799360952921,0.01269723730612593,0.06376709792548857,0.018202876301701833,0.0324934533598121,-0.0010422890143358132,0.017827145528134313,0.05509318657124858,0.019932659313186083,0.017491206290491963,,,0.006037393918710188,0.017827145528134313,0.02494664072008951,0.029383693775484675,-0.011694800260480746,,0.004437696419567851,,0.013546580530280721,0.016640133534229447,0.029383693775484675,-0.0050055090528137456,0.03362808154745054,0.040708877968572706,0.023185629843102254,0.036284721835621654,-0.02473062912512393,0.021830066149405893,0.017827145528134313,-0.09412856218475409
2011-06-01,0.024033783485434022,-0.01046886420618234,0.026139103632226185,0.014095931839400647,0.03134059713664359,,0.024303392752177584,0.058526084530014906,0.01642831602394104,0.02314638436087519,0.0026613821061318307,0.11364199633537876,0.062450740732429094,0.021984413963618152,0.031989811664852284,-0.024951311849215056,0.00704746530063785,0.10274536102344567,-0.004634015622289456,0.036523247420524395,0.0967896126571313,0.003645429601447997,0.036931165963504084,0.013713830554806692,-0.03168636787385066,-0.03594635300506226,0.012865176300442656,0.023178062770131132,,,0.004880215643683043,0.03974485289224184,-0.00749974146578089,0.03600908172412591,0.022662786435117353,,0.04130481992719056,,0.005732388594019984,0.0206730816232021,0.0530512569958193,0.08608003510568712,0.020917192323552943,0.05400641430801428,0.020681237655399292,0.012445998403797039,-0.013651245190947441,-0.012113359377585417,0.013706097130667831,0.009994508712854327
2011-09-01,0.10911019719953628,0.02541896486247702,0.01451833798514939,0.013898521126279229,0.005122347194431547,,0.018178026500974206,0.04475624045963348,0.07291252353149988,0.0065471954533861424,0.006492914433782572,0.17771814713365222,0.04667166652403986,0.024296441536518314,0.03800880314023509,0.004798482618980257,0.02383064715615483,0.07098680314112583,0.00960850764677668,0.01414550002741131,0.06923235404822037,0.0203073613072031,0.046908249565311,-0.004626819703354851,0.0017157273915486817,0.04196056625280782,0.015523262334663635,0.034031750246166045,,,0.01427956079218611,0.032923395481074584,-0.029549945197147758,-0.0066038264101921165,0.005334822744415876,,0.015839392324302145,,0.011278943142085029,0.008999929060198524,0.0056607828954220825,0.03802832342375891,0.0027288772268886435,0.0414633996654604,0.04428256197760916,0.01934133862388066,0.006222596098728267,-0.021668878429269997,0.0029857237907996016,-0.1420703400995948
2011-12-01,0.03571559485725159,0.03443262223282683,0.10581941279027154,0.030678185170789178,0.025190059885404736,,0.030592591739651648,0.04755234165696286,0.04915142091176097,0.021241972667790536,0.007283325392556824,0.23735866333704955,0.056514727599304544,0.04854045104503233,0.05033831738403293,-0.0025548285032091994,0.017650000764548885,0.07731380797777618,0.012831720441725212,0.03276367714691362,0.047254482965853,0.032184359456245794,0.05929379510747499,0.06696158101641421,-0.06534986395344117,0.011150014471413965,0.037222145352574086,0.020964810413107222,,,0.029222900560698754,0.04697827641089869,0.010278662137488655,0.017020266018226416,0.028327213873284705,,0.0017644181393501898,,0.04731803359267529,0.031387825261664955,0.0474231829578897,0.02238245354029853,0.05470538874640989,0.06503704872063548,-0.054823729045380534,0.04055290580939674,0.06903138227521277,0.006634922694110923,0.027327133379116273,0.07590946667334518
2012-03-01,,0.025979252327077422,0.0699320702778506,0.03435145426308935,0.03447936010721751,,0.03435145426308935,0.07709528929173153,0.03423489321817619,0.033980785871533664,0.033980785871533664,0.15735116625583895,0.06758327223686558,0.04313880986434454,0.04554969303752767,0.009886658661513966,0.02833532484003767,0.07302549710865681,0.0037413540644254967,0.028649657730699028,0.06434653833870944,0.023064770098658507,0.029739345662681826,0.07126575995396822,0.02878606749856675,0.030106804268966336,0.035932792453086455,0.03348829940854158,,,0.034734431115336535,0.03829574191035923,0.021424808986058818,0.05318968038511046,0.03435145426308935,,0.03516288754416413,0.046066010815736164,0.05318968038511046,0.03497889800437786,0.05082849443838077,0.02236739731664718,0.029779726023265996,0.05179063999059246,0.012303505621787059,0.050115991099976755,0.07688096349653721,0.03427937572025844,0.050480555428116455,-0.06563526678952128
2012-06-01,0.055165661149931405,0.06233788136612472,0.07383738258119517,0.03468315722441024,0.030439021658530283,,0.03223580674580556,0.07303774631685551,0.026228040763609475,0.031543414409880954,0.038123435566717254,0.027681765786421824,0.0626173831400524,0.029680652155805134,0.037799361563060345,0.01315191667368414,0.01542888443981261,0.08841694750494422,0.029453112263567772,0.021189670136881025,0.0503880442938386,0.055381480437776576,0.024142042260695468,0.011461963665414106,-0.019791149955873423,0.0585450941801987,0.027693660904067868,0.07438562313460363,,,0.020366301975334084,0.0627201453710165,0.026265628135659528,0.055381480437776576,0.031543414409880954,,0.028573678681326063,0.03399076488848563,0.048262536441735275,0.021058694311258685,0.048343095581986816,0.03648974046670905,0.048262536441735275,0.05028122557169493,-0.00999862478118293,0.04806434612059986,0.0001755282449320282,-0.0025648955187478873,0.036535743549531215,0.1403286374339489
2012-09-01,0.047425645896409456,0.03525064969921276,0.07556926887406015,0.03183173440038042,0.01530583978483638,,0.031226722395083607,0.01654684641365366,0.04331052203020759,0.02993769923980514,0.024381491184031743,-0.0052659598371573154,0.024865653477429785,0.03605272052124926,0.03939325063099914,0.016977470747239584,0.035497847307170656,0.12570947478411246,0.03351554135637174,0.046115812125635494,0.02892401696411327,0.04485074585640033,0.03252309782477149,0.07322625328287213,0.007820709776247253,0.06255616076326333,0.030764845257538403,0.028317261386188224,,,0.03101520762174038,0.05308114191091852,-0.004221777010503449,0.03752699112957014,0.022519167865086922,,0.02098069643083197,0.03266278766804306,0.07030365488552728,0.024548726255527755,0.03083562423564085,0.040821324790169915,0.050171540772303125,0.03580768659564053,0.0021909581840327055,0.03863841577064033,0.00038272350585781263,0.04956787158431858,0.03912306646015118,0.034898439855409115
2012-12-01,0.049527451488747654,0.040021807806059975,0.08290839107911044,0.0339775808208207,0.018496429040310215,,0.020487816681841346,0.021681160080447515,0.01791365236089782,0.037247845722536435,0.03214193874756931,0.029288343323628015,0.046986408195027585,0.036537059581259204,0.05765580371337913,0.01954009364327817,-0.03492701373042571,0.03751677891648803,0.021929881748108584,0.012711295618616078,0.0417805857187108,0.015038996207426502,0.03679269441140808,0.06268851604795499,-0.005248457512265326,0.0654099769105571,0.0133357175523969,0.008122272280389082,,,0.02275054911573866,0.03730708055791364,0.026827832110015746,0.0339775808208207,0.03155642095482487,,0.02381869649801218,0.020535648835069416,0.048718770043318926,0.011729615434677225,0.03641414131998122,0.000497781879189883,0.011514276523184912,0.03337921787025646,-0.02297823388104047,0.019081338878839296,0.09374870597433493,0.041483447224080136,0.022389228933906526,-0.18631613530239546
2013-03-01,0.05711772266837855,0.021765963842161687,0.013208773261642371,0.02838349570817337,0.03936605374987734,,0.020853608890572348,-0.009251404707952543,0.019360596597325065,0.03662249061471948,0.02695926398745944,0.031756261104269635,0.02671174390897949,0.0531580708839737,0.03548185485885355,0.016843298210025857,-0.01020874522692998,0.019155981160823857,0.03047839406771827,0.012687610651690088,-0.0019652056371375344,0.028534571465049362,0.03520804561159791,-0.009888165358941133,0.021877566686459602,0.06935980956311712,0.04765554544654158,0.018214232801527053,,,0.018907838076470576,0.020464572857639838,0.045392978506139964,0.03530091488614554,0.021532307037639576,,0.0119793270609547,0.028352082375910793,0.029046986812866868,0.006896291646589925,0.03853504635074059,0.02372878366701923,0.011042091615765531,0.03430998083276209,0.032305240670964554,0.02613081532873973,0.08425229355678551,0.05223840159782271,0.020300625233435454,-0.028506059320541084
2013-06-01,0.05651723630992977,0.021814602843092612,0.00021942031113686436,0.027764631228511683,0.031347469743711706,,0.04159605053889707,0.008396064551747563,0.00973008916242686,0.021523207612950103,0.047308050191414465,0.028839713755310813,0.04868723811526011,0.01247504437221601,0.030483243324616882,0.03483414772435962,0.009589895343417358,0.060142081023028815,0.031617102066333606,0.053090607285817,0.039635115871110196,0.030735269999659115,0.03911088984729543,0.00909033949510661,0.010745645963477098,0.05545680228166242,0.01996283362689637,0.011979286820088078,,,0.0076204063897433675,0.04886694736413666,0.012863158660017682,0.04914317967712793,0.021147925860575255,-0.004890365572811938,0.006378718139733949,0.02891905490123662,0.05252358160756981,-0.014057406755403203,0.05049977716143216,0.04599462108325287,0.042288916886053636,0.04073855517712453,0.023030708636570245,0.020241863967222943,0.09470425606832461,-0.015167774121829293,0.059034697320804956,0.02689200383559779
2013-09-01,0.05713348120076068,0.019348159317213558,-0.034946545254175274,0.0287758814413159,0.029220358591751407,,0.05064204651166567,0.00925538667003365,0.001242790073707107,0.0310877511144972,0.03418842928176271,0.028278737814725296,0.04797672198486275,0.021745297947174877,0.029454867887222003,0.02204756925359521,0.05167250242413723,0.029919121605706058,0.03311540707315141,0.016690643230558733,0.05582822733867767,0.03248615023396844,0.03895917231399392,-0.01679262663804445,0.013669049864706252,0.00902490426718172,0.037398956305662014,-0.02760699492405299,,,0.03809425315684838,0.013449586055403044,0.005634174563734723,0.03631037076761868,0.010096666794881545,0.01472829613260881,-0.020058392896084843,0.0060764220072231576,0.0858057238150395,0.014362752492141721,0.046147586608098104,0.038259252530324916,0.0003362166373775463,0.03582053378365779,-0.021993680743074662,0.016541219186814886,0.15071963559549664,0.013477201279371319,0.049354342876603466,0.0071630416792688445
2013-12-01,0.044781717680222176,0.08017150181080043,0.00046264678623752055,0.03102887778869676,0.04647570594271714,,0.04911969657191138,0.022402491419486567,0.02872052317060022,0.03857168705962101,0.03050359805554888,0.06865477632363225,0.026198017297179292,0.02800576710687826,0.03560938975509576,0.04265242537489736,-0.015590850352999234,0.05355142115805394,0.035456860986508444,0.022052127925293277,0.06694346757327087,0.010616285233070826,0.02184296780577954,0.06378177178671293,0.024044967261053353,0.04933607663076483,0.028131137241412345,0.0002633139892883092,,,0.03566112853572492,0.019192816637206032,0.020523853488525593,0.04032341236863798,0.015365471890409365,0.003102803632556679,0.023715418900683502,0.02960611331745622,0.04397690806489834,0.03838628833349197,0.04166932926121028,0.03543083513643693,0.00918524495315925,0.025873647882938087,0.009532436436569657,0.026538789301200353,0.08532483395790764,0.038629124654538737,0.028798977246150163,0.027957408160995994
2014-03-01,0.08127028198214417,0.09028656534301582,-0.0021268999003069234,0.012333992845958132,0.016966854152882314,0.0034996874885906935,0.019240357066692606,-0.03221972962577165,0.014130899369737318,0.0371212324181821,0.016052058693587553,0.08953175045838,0.047366149700802294,0.04686792702180271,0.052427519203803535,0.05083718728846569,-0.044100256001989434,0.1158042605448011,-0.019335449437377732,0.013250429007802352,0.0709086054591482,0.016301718070442606,0.008509810641965697,-0.024663947632128615,-0.009628094110893722,0.08284533978067721,0.024420067296597934,0.028270152781814155,,,0.008846458621953003,0.015598588567973075,0.048964980806209514,0.04512240331890834,0.009182892844333879,-0.03061171924120198,0.012904671494629164,0.011140247232545667,0.06684027860227015,0.02311355853914886,0.05054535031941209,0.02405801367806761,-0.016633615707411818,0.014548752230316866,0.010048472028505798,0.01410215903757241,0.026693876949064072,0.012775793429214642,0.04288155537886026,0.04524330395486384
2014-06-01,0.06606768533088901,0.07788197940460624,0.02957197712784489,0.02909814347229311,0.006515649913053225,0.039350013797093734,0.04284544308973964,0.02257571411770977,0.023163810823984533,0.030291432711996268,0.026670429384512553,0.0012578197930497384,0.0460907090971809,0.027266457264109017,0.02603804613568333,-0.00446036744949394,-0.013764852109893108,0.0936868171328863,0.04101652335176861,0.009629843297630974,0.0793306914021564,0.007457563385797415,0.014175194030320474,-0.01580928380815244,-0.025926474103661588,,-0.009308883294095887,0.029584174667982154,,,0.021148364317846027,0.04016153191484727,-0.016979884229413333,0.02522409890546233,0.003157150215525274,0.006526808895539929,0.06503877708900367,0.014637077476856488,0.05753254064849669,0.010200823293866755,0.0405459421533812,0.0068765370623892754,0.021034973542896983,0.030800310166486034,-0.018678998036633067,0.024296318877811616,0.0704091550446734,-0.09156382532319929,0.03570320962349497,0.03391101983031257
2014-09-01,0.038662950006457725,0.06574535736914403,0.023496980314068827,0.03659627245160893,0.013670200216061395,0.005368306077838375,0.03568299465001158,0.03286775744172199,0.03029669623454796,0.03346141127368016,0.031152246843572776,0.0017714746902372513,0.05310195356053027,0.02715915384561245,0.0471184772283976,0.030874972882215926,0.046484816624992244,0.04095376756803117,0.03961597588090487,0.037573190630396644,0.05260510330410072,0.040562489057083435,0.031060037046869507,0.0056392847563596395,-0.011413100487379924,,0.058016458474524316,0.08262555091670389,,,0.02026718643560416,0.018200886726425426,0.041012983531539905,0.035561106784379945,0.01819695221424608,0.05811261696115733,-0.08265509972754459,0.031298755129841115,0.08989928759858198,0.015598910467768227,0.036520211392679,0.019018503520509385,0.04130820007617894,0.03561248642395904,0.020303525946158293,-0.0031451996070507,0.04993246927623489,0.08342525499969637,0.03637361907934832,0.006171171000128721
2014-12-01,0.022389025143126153,0.03490300477972423,0.004495638022058104,0.035507511645867275,0.04255426494126934,0.02458694576443584,0.02574836675640032,0.03069304514468446,0.03864835302365366,0.021295685203831495,0.03461371904935282,0.042022058053741304,0.030628138275069987,0.04061423511131645,0.04521668794967864,0.032568738464914475,0.03961113782573637,0.06797199525014508,0.033772977598415764,0.041350847726181986,0.06671245024415508,0.020472483502057555,0.04146210224510591,0.03386492781656752,-0.008374648598224291,0.054314017634345395,0.037779149277197215,0.06426831300966447,,,0.042866043949854944,0.04199725122753004,0.02477774018189118,0.03720212958483624,0.032939126290453216,0.0363393279977526,0.010295317323657972,0.038441121487347595,0.08318023686856699,0.02813693537707568,0.03138741984733422,0.03002107850006699,0.03632720494771294,0.03768979476971479,0.02810892880820963,0.03566903479606725,0.04320856060629454,0.0949379649758132,0.03691933958877518,-0.009845770832299374
2015-03-01,0.05202895657683221,0.007291506863899579,0.05117783852255567,0.028009814224650587,0.04855510933217727,0.02444397171478608,0.029290502873719825,0.0022047603475652856,0.03205685274522662,0.02868535679982523,0.037465702279153947,0.09023375934960501,0.027696525822678453,0.05313553826446971,0.04544832132991784,0.03876019001581956,-0.010918541669302995,0.07859969371145939,0.008515347254426622,0.027751360345896547,0.056722650628827635,0.032787553685594197,0.04421949483091781,0.019408877711019557,0.013941195507547369,0.07973213143671824,0.03989862640813659,0.046217121885026836,,,0.03590520415882961,0.012067145796573019,0.08970006981260906,0.03716541474484403,0.04731391139886725,0.044251497721021556,-0.015289253736144951,0.03973588720468042,0.0752644579150861,0.03369437581087994,0.03860447672475801,0.045921325603282576,0.04124175123018484,0.03687715303087443,0.038063215944305166,0.03388439568314166,0.0781406574734857,0.06634435266315061,0.035676504964527206,-0.05766741879729499
2015-06-01,0.012597289509829019,0.020223789441207254,0.0128859571655617,0.02268477922596151,0.012630385965290973,0.03421566444584819,0.02221170222379617,0.026045937725604085,0.016822317899186486,-0.003504700961696439,0.029924137032061482,0.03540016811879501,0.03463402780774326,0.012742069384500164,0.0431172540098545,0.03191701789959867,-0.008701553907553061,0.11481594991846027,0.0404678749034642,-0.004727617576519422,0.022454399513695433,0.014414130181677937,0.03852472555820281,0.009067699737996779,0.011787967277728725,-0.03861498203856762,0.028272345763073196,0.04314435209482642,,,0.01317158108656484,0.018595072503406446,0.05517431210446602,0.036059229659126904,0.010930786088294696,0.010096987409687345,-0.004176842723319874,0.027423668718948625,0.06784530220473135,0.014789275053390411,0.08281205384572163,-0.007107463285479293,-0.14577616739939173,0.05730954568073548,0.055349927799540906,0.02309966619454344,0.09263847800549022,0.028787247959490222,0.034525797914783184,0.019964725514132125
2015-09-01,0.04188736800993719,0.010677398554687212,0.025862118796026377,0.04215773842320172,0.0031371981616115405,0.01588486269043235,0.04095835591035144,0.039392055478894634,0.03767330227609114,0.026815722615735102,0.03331029439047504,0.03742800586778645,0.0235035901401782,0.018554666212816585,0.026644070033165927,0.04421137467398873,0.0579455633458538,0.11440339147721783,0.04647001058047199,0.022832154559717432,0.05013890791181997,0.012485426009851157,0.0328580878436618,0.012826657136110017,0.029533068895662675,0.06487024068347179,0.03048281033814903,0.033040886092584945,,,0.028815560522235367,0.03753623035754836,0.042365159793899744,0.030041411649390677,0.0174982945696237,0.02116405894022238,-0.004731286090545174,0.03784034811925297,0.01147142073569963,0.03181124579203581,-0.0002887783682838834,0.0401214904058411,-0.09538038386728989,0.02789743986838905,0.03852703473538891,0.026759948848902267,0.10120959355154932,0.07314034586301,0.02965936029033321,0.02864061846046656
2015-12-01,0.020783496683876176,0.014083572202037275,0.022493918900792994,0.03675742053000395,0.04355851126250494,0.027907170243472633,0.02464058762469873,0.037255422259589624,0.023883436764678474,0.030262182821705272,0.004888970911735081,0.05548069815732034,0.01850177893942515,0.028766512228007676,0.022289968227881134,0.04097375865482404,0.018726087223843106,0.06501582147370254,0.010283587424889476,0.03148015469135529,0.06346397285412599,-0.0015784510059603301,0.03525622516541318,0.03178037827199208,0.014292889699833397,0.08589970128938196,0.02303691973372067,0.026435099033192903,,,0.027879588645803484,0.023352206628830207,-0.004177556388580521,0.0404075019268762,0.02430008911945977,0.07106674038892727,0.025086216834055475,0.0334513476832019,0.03305670401222386,0.016600129619458334,0.04858955101606885,0.04125025431543381,0.03078416167279676,0.028934303278212534,0.04547509828614314,0.0359930725557536,0.07851676647823208,0.03440045906013469,0.03028846971670853,0.009248682746707182
2016-03-01,0.06060705137358127,0.011257986960012059,0.021810285129732324,0.03604928969824647,0.039492986532350276,0.032665511912834934,0.015518798109957136,0.03142155611944784,0.011376700027838055,0.047895697103669595,0.023152469450097583,0.07320701071132037,0.03178276010249362,0.07564586108788833,0.043779470622416744,0.05326794684851392,-0.003316481794319058,0.12383123610804228,0.04966750143571152,0.03344269831826271,0.009419314608360596,0.0013920335232774632,0.058009288566507354,0.021572692156824388,0.048885719677139054,0.13441741919545025,0.02713173000791475,0.04360634818858182,,,-0.0039040173121867973,0.0457412405117641,-0.02020523279015922,0.04558590685275082,0.014938552803093747,-0.002301195208288389,0.09537928107635925,0.009837531544694796,0.023757337843193643,0.026352799876438786,0.06706935712497376,0.03985132513489004,0.02735510573812049,0.037612087571025486,0.046881183003373954,0.03982289784419955,0.052558699608623624,0.05657569044227916,0.034568277532474295,-0.037013183224131885
2016-06-01,0.041483621645089355,0.015605753896258984,-0.027332403103144987,0.02163596314126815,-0.010204372070596265,0.01609832931701175,0.028494190257680567,0.046827312957109436,0.007300756741453557,0.001491439567576319,0.034013118841709655,0.06401735588067807,0.032571568586608854,-0.00476713660150229,0.03428493079823024,0.03164217163140191,0.031291153151679255,0.11162910928305735,0.04945755495363527,0.030152271457793263,0.04031627570409346,-0.013481297921295297,0.004375074021831288,0.004746741749828271,0.05090204800793808,0.048843536399749275,0.01378181338353911,0.05041515331737145,,,-0.017366380571918666,0.048430401021075,-0.013501281816470458,0.017847609894035086,-0.02056650927252836,0.017682357905462773,0.13912732786552842,0.037068165146765523,-0.012984195399752069,0.015197706346005617,0.06362194257026833,0.019786062258342584,0.04854034015011803,0.0061998490431931265,0.06260510367412706,-0.0057331835731014,0.0068254246303701555,-0.03091350510077937,0.028525094100745975,-0.000750347973248432
2016-09-01,0.04214352714248911,0.04129545242344687,-0.017039450124728982,0.026015320334312173,0.020032530848586933,0.015631345356765823,0.040581294523577664,0.04707777910742614,0.03402342030337647,0.00414034448400241,0.034778084786936586,0.04342677271650559,0.03443379393786756,0.032625123240219774,0.0350705758844912,0.024973808805328495,0.05689250738811777,0.05768264279543691,0.053245198416518334,0.03951919462357933,0.06233897358407198,0.009469341344576807,0.01791765854007489,0.04124100244872375,0.05127851001045421,0.09066843794817245,0.04913255726680053,0.04473584809058124,,,0.038033164232377986,0.026471985134264152,0.012728663752669539,0.03690978111753961,0.06029439643140137,0.042948953692551764,0.10689167320685576,0.04082519154019269,0.004018376458993946,0.0069603154138058974,0.05585976830316786,0.04262414250491897,0.03278227080919688,0.03608154046857795,0.06429201739277458,0.014349216031849932,0.06812362800559045,0.0038449276922203797,-0.022901521701404276,-0.02973881705679318
2016-12-01,0.05727982102552814,0.02950945108254401,0.025097980351439637,0.024306505987715183,0.040019641268647495,-0.007721784600603613,0.02942287994121078,0.05022186502543592,0.024707297523989553,0.051463865535308524,0.038614280604058526,0.05734894266836329,0.032294529848614056,0.07468542927069237,0.03538654085765642,0.04690001013677863,0.04159579040952904,0.08782968876560786,0.04683453119184239,0.037802899014120345,0.06983490886253949,0.01698272668300642,0.030141648730689495,0.04537815419016587,0.005185489456866764,0.0762423477811481,0.04618316088602116,0.026833011148724335,,,0.03299117178163446,0.0282270009801502,-0.010644804298189463,-0.0124777121797625,0.04395108304336707,0.05581036551067606,0.0014370200540331595,-0.03486707005740171,0.006155712344551257,0.08690152537434881,0.04488929888508579,0.03189162014775669,0.03521286663525188,0.025888962833370954,0.0419775049811525,0.0001344117539320553,0.0939428920742119,0.022746574957147117,-0.025510369527612126,0.009167797331208224
2017-03-01,0.030932784549443617,0.040010048399033195,0.018140183598649415,0.024492703985270144,0.03803608729984666,0.017199231284782065,0.03557169074541411,-0.007877321801957746,0.01950001438655422,0.05909130289444282,0.029540605592136573,0.051505946753539714,0.027734363346182435,0.08131621828798628,0.046024752725918286,0.06476002702574318,0.024601095169516397,0.017578306188007372,0.04487716764933161,0.03849834304110277,0.048030773547395975,0.011857255843443708,0.0344193774761882,0.04523557643977841,0.01946165096991945,0.07971278505736053,0.04664007062720656,0.046030689654972826,,,0.025804624858657425,0.02996724492531412,0.011888970215546286,0.05902726067954948,0.053925756967072594,0.023040746853315097,0.029492536991679197,0.023188537633144827,0.015359642278561892,-0.0004898250200873022,0.080226768702372,0.02982871681808345,0.03587620683677326,0.02885521217309577,0.058029999999132546,0.02934126686809883,0.08516712796144765,0.08742085664855995,0.0226294632338288,0.0010957189239779337
2017-06-01,0.017491565302457827,0.026377733701067173,0.014857225462535198,0.01833421645836104,-0.03543465245836807,0.020093508298030756,0.042459156244569765,0.015571066024478754,0.0054644369917494235,0.06722447777847852,0.027903106058749044,0.03260896903378882,0.03674453805335048,0.0007534029760153472,0.02829512705519199,0.03812912904879199,0.021498426397967736,0.017816261699668722,,0.031193979453670872,0.03158077789644903,0.0032927701417437296,0.03574586312457099,0.021376180765489715,0.023411664548626292,0.12408332130408904,0.032461051521222764,0.02642741906516311,,,-0.008932673132789573,0.045383951172382385,-0.02779693131315371,0.02461903854063946,0.0663695470019915,-0.002057392277327753,-0.03207935380305373,0.02063253851133828,-0.039684767532284955,-0.00916177368188891,0.0473404468912707,0.0296985917218233,0.03221268831666509,0.02113062533261133,0.06151295091768202,0.01673164779580728,0.04201709998675704,-0.01708427781187765,0.017009995359623557,-0.019023028908528607
2017-09-01,0.029553023687172487,0.04587520239790848,0.017868534023122995,0.02398808393925547,-0.02952535755970811,0.04789962477981701,0.05749283194766773,0.04478006262654337,0.022827906425511826,0.04826999130357203,0.025896420789673403,0.032874894393314716,0.0415061491084876,0.04980634757267394,0.03614447368091888,0.04336285803489087,0.05855295571324188,0.026058053659982434,0.024464737586710337,0.03788514993539913,0.05947022118240243,0.020309363898606953,0.04671058830796114,0.04463521059858271,0.03155133233341557,0.03086738497485039,0.06815997090779972,0.019446054081561134,,,0.04247460971253612,0.04921306866257993,0.06264462965362708,0.06938403132465776,0.0475764510617306,0.029546352943813053,-0.047248339388041016,0.02429065872702733,0.004780378283187803,0.021055689233966224,0.026486446200266505,0.024533557032150582,-0.004402894133175673,0.02804254759477344,0.0475764510617306,-0.003239739515600644,0.05308991139974077,0.02335749191913043,0.03722675342627363,-0.0057036382001286355
2017-12-01,0.053302218739175664,0.0289138113130516,-0.019547805121626995,0.01800463812600747,0.03302801451338847,0.05065975162992098,0.044606312703334344,0.037546769721826745,0.01523082656539904,0.04688254369683095,0.026041641433821146,0.022338305923492154,0.01930275623207312,0.055624824056051944,0.04792180077333655,0.045399881678692716,0.02239316370275084,0.031726517568457874,0.04369195431184909,0.031497221958403744,0.04762354744954496,0.018805579986255466,0.04538815441315534,0.04497908333647273,0.020479648697411035,0.08563514665847693,0.03802067589983743,0.020270472486957507,,,0.012234054356847972,0.022306540931248484,0.051843046050020866,0.134220189087013,0.0426762137372798,0.052011768473065774,-0.006193180931531644,0.020338724508046673,-0.018106763158912006,0.06066964796503186,0.007816870054126962,0.029200337977160398,0.009773837621464719,0.02671081308419932,0.05442082855371702,0.0050475468097230915,0.09984537414996875,0.05119788126669391,0.03226287581332895,-0.010615368613229221
2018-03-01,0.03937646393574005,0.033269583246541376,-0.03669370630226709,0.0236147184935796,0.046719715761704556,0.025292178722056132,0.04682632590444456,-0.005812580102502786,0.01663954789362412,0.030581369316280638,0.026508554993409907,0.012644426675937303,0.03986981471458234,0.05470511883411352,0.04111771234457187,0.028992085851355816,0.003701765321150721,0.06515586634229646,,0.03084332289842042,0.0029915652810295706,0.036607307507283145,0.03479911380307351,0.016512037723505752,0.004529906712410658,0.08399209787407551,0.035320631456995946,0.043729364473859056,,,0.0026430777190314656,0.020897193865663476,0.03883622560447567,0.10239648294339122,0.032800271833001396,0.021156736875610083,0.03788268110509361,0.020804984897300136,-0.03614550078591085,0.01600003222945698,0.008159338393824154,0.020449950869053914,0.06839499325762936,0.02925071797300387,0.04012005826031718,0.03115126666804924,0.09344582634059709,0.06186710119331834,0.04283612991480255,-0.02056202329050937
2018-06-01,0.010313887738803571,0.02453360313161732,0.015209960952905135,0.00973365965285389,0.011695417252820212,0.013638965600568834,0.03994562721767891,0.028794234596526004,-0.00022743236649609726,0.03695091971376259,0.01988068123279236,0.019822553141439974,0.026434265794761158,0.04429307110251675,0.026354075096246068,0.04736348068572562,0.027108458590654808,0.009065299373999549,,0.025856552269374746,0.05225466841521895,0.02414080410875832,0.05155198378503315,0.01129891198191908,0.008880072934953319,0.08131227099488329,0.03409483919787905,0.04581871461396919,,,0.0021473279120743658,0.04472759189831599,0.015725153799361,0.022272057123155553,0.03753749485485287,0.0012070197572095437,0.00978958344786455,0.018426351848517514,-0.04954375388437616,0.006274439952827591,0.01508500005632241,-0.0066297958600168945,0.004446210128306311,0.012723114906226931,0.04653038239715405,0.021105683190077166,0.08954606842794119,-0.023396547872073053,0.028091632902868157,0.0012058091043161663
2018-09-01,0.021457648720822457,0.016389610985014,0.03226397122552582,0.028355104716103502,0.047419705224529436,0.033907409042909606,0.04536231514086068,0.04922500145711147,0.011578486872371145,0.046433966780293705,0.008698423309541223,0.03922325666741848,0.016683358608261437,0.011479271172858558,0.022325301657195457,0.04409699348614816,0.04747569442092608,0.01588768981900466,0.04557733159842186,0.03133359918893367,0.06566575122744257,0.03760517315971219,0.01766727078655922,0.03898488083764056,0.03381812435828106,0.06292682398301871,0.07129187878712945,0.020772369851257445,,,0.025932051548741432,0.04460006675390509,0.01272545100855471,0.0442520545085301,0.04038927942042991,0.044150371715046016,0.0814739312485787,0.023334064982026136,-0.021384719363824783,0.05844922881023009,0.0387814610298504,0.030150599317583505,0.05180291760497701,0.031479285220977635,0.023659454269119095,0.019675455922206455,0.034862551205789995,-0.029551769195540346,0.04169250993400364,-0.03126883568726556
2018-12-01,0.04047742413713061,0.03417132427783129,0.08374995022634062,0.02904570300993219,0.0797675280028925,0.026415609679193625,0.05851181412619827,0.06062360164598386,0.028839182683767083,0.04162231057630781,0.014880762414535448,0.05954640674157644,0.008557495120698174,0.055585799510760946,0.02631292325520314,0.049043773179892974,0.024677648252415793,0.02288134074387731,0.041966501536553326,0.030362348024221077,0.08674090361010903,0.044297286414313686,0.0335927707637364,0.037356765498969526,0.026153267250722236,0.029107363625100535,0.030321339663646932,0.025737713497238475,,,0.025747899416911756,0.059411463603761316,0.0016532797175462528,0.08484680072567319,0.04331270861355083,0.05274269693823895,0.05451217696279904,0.0308792698895364,-0.029903169282679054,0.07912423340384547,0.02437850005229372,0.020430958566351826,0.033316676037771456,0.03718757327238169,0.045200096006897166,0.0265640976002729,0.006579494812093719,-0.008318764459748038,0.022695398174367002,-0.009646665013617477
2019-03-01,0.07588917061664342,0.07801019427357732,0.02932515498235215,0.02851424501131279,0.01947368983873736,0.02368950184921286,0.03642353644985094,0.028444584278408572,0.03951761727931757,0.036635641237675,0.024830798477887883,0.08299725712778352,0.025237915591288507,0.08957967046719276,0.05258356726808528,0.02620278013694875,0.02040630303677661,0.024116734451245958,,0.03632037167439054,0.049439806822065384,0.030847747382268923,0.029741601246625556,0.04726078141654648,0.031383342537622816,0.02597349322205349,0.049313770882877146,0.05341387054958732,,,0.00504074600583777,0.05168850618583857,0.019883066606622805,0.05106513995898359,0.03786222196839931,0.05411413928819876,0.05308304088693462,0.04107326360435448,-0.03951549438381583,0.025832955205418996,0.05265715698560809,0.029904465053911554,0.05107426994645714,0.031993414701018665,0.046584997316170766,0.046273017568810866,0.008814618398786533,0.03217652698832367,0.03258826755276398,-0.03006742338073242
2019-06-01,0.021013151844988396,0.18085400985464356,0.005931642903833413,0.0042149526174983555,-0.001893786102219157,0.03444189123969769,0.032645389211454295,0.09306332420301812,0.012107016728647455,0.019648793061318278,0.03253380809001418,0.03361548374339328,0.02360453997452124,0.017108214887721733,0.01731045646321999,0.05614505179848642,0.02840175223529077,0.05897488802910344,,0.036872239025063314,0.059398436983291926,0.016722419795338724,0.04436681595103357,0.01627287161128154,0.01734678234913144,0.022290642175290004,0.01702715502533916,0.05138370416941966,,,0.012084488563877022,0.05103074401251498,0.018283188748194325,0.0379296293578039,0.032810454465264684,0.020486696748126747,0.044545830711924014,0.02861574782826126,-0.023005298893541335,0.01428321854247909,0.04110166819952697,0.006082459141185591,0.033530134870998596,0.013274392349163066,0.043851430618299214,0.01379202533199111,-0.002983946059640336,-0.01752275418244716,0.027915775983038106,-0.06582561722947783
2019-09-01,0.01632772984560411,0.029330265818088595,0.028781472406993323,0.028139193248723694,0.006911947250978429,0.03892123425128403,0.03927421985776696,0.09252161650862349,0.03832833895039405,0.04139511707037943,0.029270522107068597,0.04333455143141476,0.03064672887920385,0.025195444675489436,0.028712534093570954,0.056244936790520075,0.05908840692584558,0.10588756805405629,0.04300817213624655,0.048666392772187546,0.10099098522354653,0.03782787466625469,0.041873828572470725,0.05473220918273644,0.02061451623241612,0.0005029670243580963,0.06136114617057715,0.028141031972082287,,,0.03875948251182035,0.061925804697466405,0.01847694827355064,0.03711838518250937,0.04289792809274837,0.05206795237652172,0.016685483889487693,0.039942820325036564,-0.026049634676575548,0.025597451834137204,0.061425488285151826,0.03588856683889602,0.02682594850089279,0.039569305242203666,0.0414515829012361,0.039795210050824086,0.019257008603990333,0.013994766016657697,0.02307769588168309,-0.031796246294266556
2019-12-01,0.06386394006330837,0.02158817298926136,0.0356689974375233,0.04070108653232321,0.040468724106299724,-0.01852571129995067,0.03895718981114189,0.04457962129653453,0.031483842956338506,0.032824839095562275,0.030692550446201172,0.04571300413496768,0.03222486771426553,0.06084219561224929,0.03412672824261287,0.05113316106899613,0.052179657211145425,0.03725411411406835,0.03839096150054207,0.03965289191219604,0.05872066029576165,0.038614584111235827,0.0460185852879113,0.04927882240760791,0.042725257341147134,0.03446969898809341,0.04577536735421479,0.03024558942928279,,,0.03492777958945647,0.028740896247702145,0.02820556655125574,0.04088579641045031,0.04023272017245006,0.05599366178291045,0.023966177226985443,0.03330220498511554,0.02665634607743241,0.042499217043759495,0.05511303614878539,0.039583535986714366,0.041507197014702416,0.05034860744996286,0.043046672548884446,0.030544662832384193,0.033713549579701796,0.030859674962608847,0.034360159566634366,-0.029535893527504985
2020-03-01,0.04048356044947452,0.07237238503527618,0.030620446850989646,0.021887125558505246,0.03542908869523849,0.02312782072941998,0.042823324818416136,0.00786213331606921,0.03903932907052543,0.03941270195312017,0.03777313441579549,0.05676674183218849,0.03233746434969115,0.05085980782210253,0.05007558606621839,0.05378367099531098,0.060551403246081666,0.05843962361784273,0.04015655481799666,0.033297507428318544,0.04890849679806006,0.03606368639436321,0.04025460628219351,0.028769067556036268,0.022022234571438523,0.041871435257046466,0.0613691348773872,0.043629975003955344,,,0.024566517737918687,0.04357492759299534,0.02601435582994562,0.04002469015874883,0.06034591523013513,0.029071359478963065,0.05285564448974314,0.02867564359826169,0.015004023334995962,0.027375547136665807,0.04681605516201081,0.04285990475839087,0.04232782968413879,0.034444669028795144,0.043171268616476154,0.02542596118960167,0.028700939541952703,0.0282667354252902,0.05026805600276521,0.04181157983081183
2020-06-01,0.0353651941939517,0.13837586185154144,0.06841266473143967,0.03469971211889661,0.022756483615297907,0.03665965803734874,0.04963087118815661,0.02606916264240332,0.05594836438421616,0.02755066643093933,0.051936624810504,0.048084011320704015,0.05178065368558151,0.03332117036220889,0.05134631028699052,0.053667355225816,0.03774185905400309,0.07256777753641377,,0.028382989373492228,0.059187692193919936,0.037413476622621296,0.05609254348430877,0.055187237686751316,0.03786705287733089,0.0343928550491992,0.03592940288680323,0.046240685645085156,,,0.034239267005859685,0.06255361212244154,0.03453005970936831,0.055774935854257364,0.021958920930942018,0.08251275721303071,0.06013977750602149,0.04138334100981905,0.009628418953353233,0.035285633653455564,0.0630055479000267,0.049144388410814775,0.04787904449316686,0.0672544194643704,0.046442141658410124,0.054233997558202664,0.027360795520708178,0.01485610681131977,0.0343773428908809,0.05409809453389791
2020-09-01,0.048876411604792995,0.1741247199494444,0.027380743352579166,0.03646050624062351,0.02076632968440483,0.03995069694518099,0.04745566757153254,0.01171709890036641,0.047464804185676716,0.009505917668387003,0.019822899304590857,0.04969751503331275,0.07561403023017642,0.05264421462621549,0.04613215162314723,0.054441554602298055,0.03589109741963179,0.05674577088446045,0.048562803209953445,0.03953464947052082,0.052762712269833055,0.03749415958906359,0.04027837520299119,0.026613485335443915,0.0273833506628409,0.045118505701369625,0.03738567093597792,0.022970192326507228,,,0.045878933647206806,0.040532516064972546,0.018328934791029466,0.055395481735700684,0.04757283597466574,0.03237506561416103,0.04075966898823416,0.05163207318726119,0.018203030180383356,0.030852971068358003,0.05047045107420123,0.031942660670929,0.03003717314665335,0.051678621845975756,0.04401682999019815,0.03532662752439231,0.07158515123374776,0.029318372139802304,0.0733703338866904,0.07547441957950414
2020-12-01,0.06893823484645237,0.1756730270346007,0.03753789446580613,0.04311592790339231,0.02591192282478379,0.024530452876474047,0.051985071902260545,0.044391923767020995,0.03104345818490368,0.039932237293971024,0.026647161865792395,0.05201896957913651,0.013727183534186485,0.06412713105267397,0.02633266238749835,0.04863995338738446,0.046834420290625844,0.030478940239813877,0.048278301764322976,0.033706529963972005,0.05297622486178866,0.025141907480411216,0.04726455650355777,0.056012896620994276,-0.0012932822126704908,0.047531378530986206,0.028244177395653835,0.04973253789742232,,,0.012382838461984432,0.04197788265018412,0.02693083400229675,0.04037612025826506,0.041410968086229905,0.03900618356683376,0.0481982624766915,0.027998392738461532,0.022085618361709285,0.03327121174028145,0.04161036087974273,0.0451817969283427,0.04040606728087957,0.05816928954330724,0.014326873478553246,0.004916411769059994,0.03890552315950469,0.019341287305835068,0.00980452919380721,0.07479335673784943
2021-03-01,0.044782911733573606,0.006219856450081011,0.01676935394467814,0.03783708333825804,0.04635536274424422,0.015401156370235397,0.06462282517830364,0.047195075034369496,0.05692267933224075,0.035687212280227205,0.00996949759550902,0.05108803633954336,0.017641545032779322,0.05830779735716267,0.027512374240028756,0.05072044052977841,0.013872663353206438,0.052335202868609314,0.048540678484133355,0.028848291443898135,0.04730520774779999,0.03031858720439267,0.06506915711670463,0.028639169677274656,0.005838519740052419,0.052085960766530125,0.025633838087807222,0.05075159031062084,0.018811957141015356,0.021174126689671953,0.01458742286993052,0.019958671964080167,0.024017963141326665,0.0662014443388583,0.034351071818620765,0.04221109622494735,0.04611263157342436,0.024528539369644393,0.016709477296569127,0.010957700183043624,0.06610227873271048,0.04392495771688005,0.02458023119375979,0.04612249420374596,0.04208700894020586,0.022004157656503067,0.015879494100628326,0.028286022502194016,0.05151792789982014,0.07532205413092742
2021-06-01,0.04638455998067821,0.008277708642464389,0.019010447866115946,-0.02181763046964019,-0.025200365692915973,-0.0012493797168172745,0.03833239665888092,0.025562728665952144,0.03840222104436307,-0.02948033015765975,0.024801911788973716,0.02851691419873708,0.008694883857603048,0.030451430310804353,0.028297273802154188,0.030674296751322955,-0.0031660353372580273,0.029719980952002407,,0.0031121868257569115,0.02652513642890162,-0.018264602493497813,0.03585025401124062,-0.004783774065236781,0.005191220640694883,0.033616315245979425,0.0150826551502176,-0.033327568834632414,0.021317375780771974,0.01783479235717652,0.018793188340637534,0.014593368766682217,0.010531072036554363,0.03364843719046765,0.02674672547395535,0.004450689263487973,0.017512507202215404,-0.006151656753878193,-0.01998555850903028,0.001996353830566614,-0.003338703054284764,0.002823690753928324,0.016859854429178714,0.0195700785683169,-0.024049868756422003,0.009624843983567046,0.01990891951438828,0.021991816351628623,0.007775994133769338,0.0453943928881535
2021-09-01,0.04867903339263426,0.029842010402318722,0.023571824707710246,0.003952739905556853,0.032256967298369806,0.027401019070660768,0.036566787499549155,0.03139985905636397,0.03506359726248809,0.035393275330261514,0.03171167794783299,0.023289765414684603,0.02742279424864173,0.03564576222754533,0.025950316067032967,0.03569892777667359,0.009791931070068566,0.02537708886972435,0.03651593968875555,0.011445918617881695,0.040895195776828,0.026330186531742943,0.040000724446082075,0.023667044419546823,0.03055997981529445,0.03257274572611663,0.03542625085211271,-0.005292813860356549,0.02844721057601104,0.016850873120308515,0.03564576222754533,0.024949179353314314,0.030665578604853565,0.007884867253687367,0.03623199716096035,0.031204981204574555,0.022596342592082614,0.024669655307001638,0.022560521523949145,0.02669277006741583,0.03826020494654533,0.04007788965122039,0.017602342175521913,0.026344739606961997,0.02754598858906675,0.031360631254128656,0.037601726961012806,0.035537067584847,0.034324409654881476,0.03352430167402481
2021-12-01,0.051256269059753466,-0.002703617187105044,0.019205262564749352,0.010580663733112892,0.023927407364129186,0.009521393391071843,0.0559657101515092,0.06021875390062432,0.01463752294494941,0.026133011615308056,0.02479300056767213,0.06107526449614345,0.029133992220108408,0.034458112212140714,0.03318658261862642,0.03513565534007883,0.024608526764867467,0.03251864446974771,0.03451353292850279,0.03594243666359556,0.05295259890669791,0.03537959090927182,0.040291405045282544,0.02461513280129325,0.015692064305782297,0.030108680307783613,0.027283357321254226,0.0308507655686668,0.022335566041599697,0.030137373149719666,0.030902943663110582,0.027168895693395756,0.011467879598499734,-0.035864741465128094,0.032031281630717674,0.015408904627594205,0.012971446611704384,0.026227405325620304,-0.005695085746089714,0.016426425347295794,0.04068100194380431,0.040393617378870594,0.04476195361617507,0.03882539377892601,0.019749658543219938,0.003181569980164241,0.02653669477140718,0.03213846311037042,0.03012266840423196,-0.0010997102838641883
2022-03-01,0.048393328516673884,0.009744767350050403,0.024603320776361168,0.003563910362418657,0.015105277110783816,0.03230014407541864,0.022548866028007583,0.04573002244477278,0.016416414846374048,0.01068610013657708,0.029009273950611703,0.048063299827127946,0.036451172605761986,0.045782250243780694,0.036525549481520675,0.0334607627143256,0.04279813739636645,0.02309369236016257,0.03414098508404688,0.042310803183517605,0.0334607627143256,0.03128444107817422,0.03427138898324858,0.04201685388414002,0.029343474762161034,0.033947243572998706,0.02455470608003792,0.03487318133846031,0.01152981049715278,0.07298301065968305,0.019742792008485797,0.005460061460187149,0.03926640042087187,-0.0006890109537413241,0.03125011221792413,0.04233194935958003,0.034555370581248315,0.07298301065968305,0.03588911496432326,0.044614461267295,0.032876985066487605,0.020875482519847915,0.060240256977723276,0.034424637545127465,0.0201341399751839,0.04077122289130786,0.02876469246618992,0.021172376180215002,0.033021900872359,0.034772492593238793
2022-06-01,0.052528888628766396,0.023233520396768563,0.08306710949645439,0.018230759130460718,-0.020214920209449573,-0.00023517089764932538,0.03275685298938391,0.07884954681088989,0.03827137377054537,0.027175295992106423,0.022379696107727026,0.05619254662808749,0.019612590256677116,0.046112533923315914,0.022185954169733013,0.03496467796397394,0.0844908458816721,0.025337715191187094,,0.07012221647871807,0.07697319087304898,0.03132437747009683,0.030081063706919663,0.030951717992897507,0.027333135264013514,0.038031823162985076,0.003264135647755207,0.03460927943001271,0.038036916770656515,0.03403897612208343,0.0205338287036696,0.032011265991138765,0.05730043993227401,0.0046341114526542455,0.035657784771813195,0.08200654440238427,0.03250204026430196,0.04031396695670662,0.021927639483074985,0.01535422637973013,0.0368964165394982,0.017541281960153417,0.09554229196206317,0.03713928311746535,0.030559728222941143,0.043411767078114116,0.03011705060838352,0.03287131273916949,0.02843104118298311,0.03882095751062338
2022-09-01,0.06984975622174042,0.010868430268663095,0.07110093767210401,0.020973715778929432,0.020978617714942655,-0.0023484644333508207,0.06373551003552629,0.06796803250451391,0.04347874161120759,0.02704187535140162,0.023776238750963054,0.07386325684835243,0.028591693682895648,0.056471498728070495,0.03265766237729624,0.029019689794416395,0.04696238627742465,0.03585402404764126,0.03691611272475369,0.06686709629335783,0.07452466494574853,0.03776525713197509,0.03948783686967181,0.058812690313102295,0.025629852500064134,0.03477710221549003,0.0524922769899546,0.02965086228680335,0.053259449096129514,0.00850428410685384,0.03880520694500182,0.018190459782569342,0.02384292394493253,0.04073957046785706,0.03428453745562605,0.04071895314467221,0.03145590306393966,0.02630988530289726,0.019371439001005797,0.02264198013279352,0.054143970189043565,0.02425178097491929,0.05669472540976416,0.04287932246068408,0.037163218897948325,0.04427861139954641,0.022416023968366568,0.029604864333118926,0.03578627862418795,0.03416912334034211
2022-12-01,0.044006543039440814,0.023398635917711665,0.05458355592092581,0.03476535850837053,0.023618696177674276,0.01634618731123458,0.04072906720437608,0.059051892988964294,0.03309361999494575,0.031288232395224456,0.03489519307925925,0.05895949721307085,0.031014613409346962,0.05023769249251059,0.03766865120778346,0.04173289715455499,0.058145111287081566,0.042406067408710814,0.034952218950007566,0.05444147089744165,0.059051892988964294,0.028509047813522898,0.04115772975180154,0.049046033610170084,0.03636994844937243,0.03678283691778217,0.01997007684212393,0.019457193439588225,0.03572456388951967,0.029795004816528123,0.03634768350758082,0.04249239014116911,0.05102213976892198,0.042983601692172996,0.03630956473437336,0.0435762789189643,0.02717387264903062,0.04230661212151259,0.002828538900045714,0.04591028463911554,0.05209783247997598,0.03321686955393646,0.042539554185309456,0.043457673998374156,0.03691082045902433,0.041862910245915645,0.03893638687415299,0.03439532150446043,0.03726817724121178,0.033155932268082215
2023-03-01,0.03351799243860608,0.0210282983508805,0.027915665967082278,0.027174302423878936,0.02993557359434444,0.026034649705913255,0.03111130755733359,0.03211345101541694,0.02130240350605276,0.03166938504351019,0.03134715631194834,0.03404854888538127,0.03094634939793511,0.036778875637912975,0.031210305005970485,0.0354252254851093,0.044260257259908876,0.02896034262146264,,0.028477754080767418,0.03445755057519941,0.02934604604914762,0.025183492793462447,0.034012263453953154,0.03306165027939844,0.036203268379705375,0.03469426726081827,0.02754975977658926,0.03792006612029688,0.0307719696811294,0.02561874877151044,0.021394968347290336,0.05081523240252169,0.02752475994923375,0.03137921055432445,0.044260257259908876,0.03794136630898951,0.0353034272825021,0.032438569212582515,0.03394660835891026,0.03414679705832828,0.03192049373090399,0.037603553994746595,0.03206067170469817,0.03193140778017086,0.029359730295888054,0.03383954241356036,0.031564628565898346,0.03311325318866761,0.03237467932555456
2023-06-01,0.02443030299862783,0.04615907364580253,0.025552527574276274,0.015689171760580007,0.02900339838729223,0.023605063300603666,0.02499373118782101,0.024707015962019272,0.027219521134016055,0.026726893984953874,0.023828710811090864,0.02780770330754865,0.02454461888269694,0.02443030299862783,0.02371144852076551,0.026295338075860795,0.03951120533806423,0.027642518409265238,,0.027536769184566486,0.024681252527666748,0.023447708452725778,0.014706291713776383,0.02518053123950321,0.025941377425810853,0.023605063300603666,0.00695188482936923,0.02180345721863335,0.024205703658923963,0.02945661751672167,0.008035432385751426,0.027423561241375734,0.027384182552288562,0.008035432385751426,0.023564970743051132,0.0012738846310435894,0.028641135729522184,0.021920833879343106,0.025547606472524253,0.027981263955148106,0.025854221011987567,0.017307859429397613,0.02945661751672167,0.0279300144328686,0.018444230959623695,0.02945661751672167,0.017817468736582007,0.023605063300603666,0.026295338075860795,0.023605063300603666
2023-09-01,0.026256276452382335,0.016583907849776158,0.02735664280126075,0.004945737091871793,0.026057602607311957,0.01103471647206484,0.025825153096359896,0.017697790684069663,0.016178111347000868,0.02390309985632332,0.017399131945693477,0.03007039786901111,0.014755346809478756,0.02051835839598278,0.02232112998643488,0.022489448493956798,0.03846844692769486,0.030164166542705845,0.02311035305379074,0.028443916195463357,0.01753811996875376,0.022341045804826425,0.02255967883847844,0.027972912238628495,-0.03481504802110823,0.018197578742600848,0.02276770952698352,0.018372266829754205,0.02758664170458019,0.018110479136693076,0.02305416916406436,0.024611630632865474,0.030286677182865235,0.010461212817786279,0.022120450777542204,0.04784037073061607,0.01781429587069288,0.008741526851186855,-0.03481504802110823,0.015288775140931587,0.02291844022890668,0.02011211078261785,0.024478402450926393,0.029135967415743643,0.028729018425814202,0.024655074274295884,0.01187086078105709,0.014201234802994359,0.022882262944182618,0.017310755040410672
2023-12-01,0.024414218455662218,0.012214996576796975,0.023249084463705848,0.008518755367866974,0.017600943220190225,-0.002700965884350583,0.020735225616076363,-0.0003737568232066463,0.0222909819787418,0.022130084037772176,0.01508298934073917,0.02753191983119238,0.016514889990207424,0.023192878242362044,0.020610797393691992,0.020812933563619185,0.021383168933695247,0.02747390594685494,0.02104021587529515,0.045312489966768586,0.0214997810778099,0.023881847244549514,0.007137329793379721,0.024248887398819727,-0.03610332353303257,0.029397123676673922,0.015958065153599724,0.004671890876643767,-0.04099645181308653,-0.00504769754620825,0.010297454625987613,0.0003596641111068507,0.025421463146890932,0.01781481154051679,0.020879317934325525,0.004461197174946938,0.025236300451908316,0.002388901646988227,-0.03610332353303257,0.026903485894676612,0.022853465719353136,0.008300990460240845,0.031021341129397997,0.02334960629210079,0.023785671450103997,0.023579185602763064,-0.010064223949391977,0.018277376722249272,0.020517472058117228,0.016706583771548524
2024-03-01,0.023990720176251177,0.015887108835775234,0.024070855412222824,0.011318412259303776,0.03473262999990976,0.010424563155514497,0.016541923226934565,0.016315328409804635,0.021922518160994747,-0.004558322181269466,0.016541923226934565,0.016315328409804635,0.021922518160994747,0.021922518160994747,0.0236782278832331,-0.004558322181269466,0.015697994634941558,0.0232260031178039,,0.019470115422548666,0.016315328409804635,0.021922518160994747,0.02780799535740985,0.016538113438137284,-0.0038918761116167647,0.021922518160994747,0.02298229480105087,0.018730267815866924,-0.004558322181269466,0.022149046909624676,0.012764008964144655,0.019251147306043482,0.015810666370270683,0.009899866943562359,0.022149046909624676,0.01178486494744925,0.0236782278832331,0.01890901070881883,-0.004558322181269466,0.008839413831719772,0.011204015131465872,0.016315328409804635,0.011891145472178415,0.019952413725440897,0.022149046909624676,0.022379130742186167,0.020366939859373434,0.021922518160994747,0.021922518160994747,0.016548405420492664
2024-06-01,0.01744275807819108,0.01744275807819108,0.036731816981806,0.017104567592077465,0.016100894701081437,0.00883726152639225,0.020485028984219028,0.020485028984219028,0.020485028984219028,-0.005866015756608568,0.022567348674452488,0.020485028984219028,0.020485028984219028,0.020485028984219028,0.021412110037388198,-0.005866015756608568,0.00794742730737192,0.03017758953365251,,0.018929808932414756,0.020485028984219028,0.02275364749925994,0.02275364749925994,0.01605518534033026,0.024479812022122068,0.013126538810909244,0.018807457718294406,0.020485028984219028,0.005222438109143019,0.024479812022122068,0.013126538810909244,0.018237218314431047,0.00792441941612649,0.013126538810909244,0.024479812022122068,0.03017758953365251,0.021201508258859303,0.017091414910614545,-0.005866015756608568,0.009501973052030793,0.022567348674452488,0.020485028984219028,0.023867297063115963,0.017091414910614545,0.013126538810909244,0.023111003291029122,0.014942492419144698,0.013126538810909244,0.024810832294246445,0.024479812022122068
2024-09-01,0.018874689805222566,0.018483378422122745,0.03787615691223588,0.019352480196751218,0.0271130644322688,0.020397473422608524,0.021451207798688525,0.021451207798688525,0.021451207798688525,0.0017897824505630538,0.021982021201233753,0.021451207798688525,0.021451207798688525,0.021451207798688525,0.021451207798688525,0.0017897824505630538,0.019570789372694318,0.026791703338096443,0.021451207798688525,0.01934073094783087,0.021451207798688525,0.023722908047117828,0.023722908047117828,0.017662546620554883,0.021451207798688525,0.014491324765467653,0.020169445941932134,0.021451207798688525,0.006475296855989019,0.025838788818989676,0.021451207798688525,0.02809998970643432,0.019198013503365637,0.021451207798688525,0.02490763076398027,0.01850000926784985,0.022317363733613323,0.02269768076064011,0.0017897824505630538,0.01934073094783087,0.026152202888086708,0.021451207798688525,0.023722908047117828,0.024045867314896698,0.014491324765467653,0.025429441362309003,0.01985227694504466,0.02490763076398027,0.021451207798688525,0.025838788818989676
2024-12-01,0.009589377920606946,0.001289445371301241,0.010387960525613745,0.016096748380474767,0.02967677047527988,0.00655862245748148,0.016691586951489687,0.016691586951489687,0.016934900502727033,0.016691586951489687,0.015780059685496176,0.016934900502727033,0.016691586951489687,0.016691586951489687,0.016691586951489687,0.016691586951489687,0.015780059685496176,0.029459613766237607,0.016691586951489687,0.001289445371301241,0.016691586951489687,0.0162475193863403,0.0162475193863403,0.003938803136299967,0.016691586951489687,0.016691586951489687,0.015780059685496176,0.016620120309377963,-0.006501774187432479,0.00655862245748148,0.016691586951489687,0.019746940527792266,0.00655862245748148,0.016691586951489687,0.016691586951489687,0.029459613766237607,0.018941437001897512,0.01782153346078403,-0.006501774187432479,-0.006501774187432479,0.01694056853347944,0.016691586951489687,0.029459613766237607,0.019562658350151647,0.016691586951489687,0.015780059685496176,0.020755785915437447,0.016691586951489687,0.016691586951489687,0.015691859935521437
2025-03-01,0.01721972631007713,0.01839056263809418,0.009913547446256672,0.012333451334112485,0.01843413097852165,0.014566009934834118,0.008730742844143189,0.01745978300273852,0.016122939728908346,0.017662461731320637,0.016011721677515325,0.01870156673296265,0.01773441931924812,0.01936538329154711,0.017742181904505203,0.018547373201164768,0.01889388021311561,0.020976422180006473,0.017205266401979266,0.017062158036314525,0.01745978300273852,0.017741265055673878,0.012883934294418179,0.00982769675925485,0.004591943717501921,0.017957218649621194,0.01548256876024648,0.0009044293594951511,0.013014947215332863,0.009259895761412042,0.0153045442803094,0.021395746369785366,0.01706100452780366,0.01373448316363383,0.01871643178103656,0.02582467088040537,0.019327570626588776,0.02005170522949655,0.007885364939312644,0.010067900245556347,0.01885308855297833,0.017654699146063553,0.025765870364821832,0.02213232350372622,0.01444166828109933,0.016152756901562378,0.016674336433871177,0.01936538329154711,0.01936538329154711,0.01835978884581789
2025-06-01,0.024336009046822447,0.01211598748932076,-0.0021439924933645774,0.015313258422264315,0.0142816560629274,0.019834624182885563,0.013481163663785257,0.01686910511071156,0.015447913274053754,0.020953755719461044,0.015247519057399959,0.015447913274053754,0.020892844501080674,0.022522301518579063,0.020245122255834826,0.02067611271211005,0.02290495894520669,0.04485512932789975,,-0.007727939332234326,0.025142700771041932,0.020209188742297036,0.0018261158806316294,0.011563496313678253,-0.0014834425267601032,0.027717025542026683,0.015447913274053754,-0.00932598231068654,0.025985510879697384,0.020209188742297036,0.020148277523916666,0.03057730656294383,0.01966250650382439,0.018098582149774906,0.019463328850678776,0.0451778465460576,0.025064112026875363,0.033289868565549476,0.001454820548424837,-0.031184645583553244,0.02272578065032641,0.016123677175354616,0.042974018486313145,0.028369746097406414,0.022522301518579063,0.02414849124281439,0.02129653432894577,0.023180993909715446,0.020934377758293085,0.06417376288614987
2025-09-01,0.0168560663690885,0.009029890361698937,0.009029890361698937,0.016802721206167322,0.012195843346110258,0.013363746658626852,0.01506818541084185,-0.0026148969237512368,0.015993162211698685,0.0154296140802195,0.014886571766965999,0.015993162211698685,0.0154296140802195,0.019390600147761065,0.009007669233271277,0.01752507179545831,0.02049903621361253,0.021127769222335644,0.015993162211698685,0.008217645323380644,0.01752507179545831,0.007303230481056279,0.010457215648919204,0.016802721206167322,0.014345834821550852,0.02164332496519759,0.015993162211698685,0.014345834821550852,0.017878416551918467,0.01970378091950351,0.016802721206167322,0.022343459000456967,0.01970378091950351,0.01752507179545831,0.016018666626635678,0.01795456371063364,0.014886571766965999,0.012195843346110258,-0.0026148969237512368,-0.0026148969237512368,0.020807563770482162,0.0154296140802195,0.013725175328004503,0.01792301653854123,0.019390600147761065,0.020774847105002,0.018054757674870855,0.01752507179545831,0.019390600147761065,0.015177496697591176
