,1209,1913,1988,4060,4213,6078,6104,7881,8030,8247,9667,11228,14590,25124,29392,29733,29751,34443,35168,64030,100243,128978,162129,163946,283184,294524
2001-06-01,-0.0008386267581954598,0.019695963710546494,-0.005384434014558792,-0.0015703956596553326,-0.0039022157434374094,-0.01183401420712471,-0.0015908475033938885,0.0012519605224952102,0.0041353097185492516,0.0041353097185492516,0.010484307073056698,0.012261771596968174,-0.022703666239976883,-0.0037418310530483723,0.003649468068033457,0.012261771596968174,0.0041353097185492516,,,0.0032696796115487814,0.004321259446442127,0.008684822358191013,,,,
2001-09-01,-0.005601149518042803,-0.00332449353300035,-0.004685692954808474,-0.007304075174033642,9.886053157970309e-05,-0.00978928618133068,-0.01309120561927557,-0.015494118444621563,-0.011559882201254368,-0.006482831668108702,-0.0044510941952466965,-0.004991238936781883,-0.012784433551132679,-0.006189526524394751,-0.004602049943059683,-0.004895355086773634,-0.006374795455485582,,,-0.014276872389018536,-0.012583904899656773,0.004067471716552973,,,,
2001-12-01,-0.01246673863634781,-0.01246673863634781,-0.01246673863634781,-0.01246673863634781,-0.01246673863634781,-0.01246673863634781,-0.01246673863634781,-0.01246673863634781,-0.01246673863634781,-0.01246673863634781,-0.01246673863634781,-0.01246673863634781,-0.01246673863634781,-0.01246673863634781,-0.01246673863634781,-0.01246673863634781,-0.01246673863634781,,,-0.01246673863634781,-0.01246673863634781,-0.01246673863634781,,,,
2002-03-01,-0.045020540777983294,-0.011053217879916062,-0.017145463793073034,0.008712929312790134,-0.025707853973068635,-0.017474577777250637,-0.004452116691719659,-0.03423736717987314,-0.007833563850719634,0.0035484324938579058,0.01314730108950213,0.0032022008339632107,-0.013413320604350536,-0.02425263268081202,0.028206530190858572,0.011390189016676924,0.03334812845829566,,,0.01694599014671283,0.010190909925687636,-0.0013493241076691584,,,,
2002-06-01,-0.007459282676015306,-0.008751372849194614,-0.0026745818613046883,-0.002838976386725404,-0.006147254723519466,-0.011959702210346385,-0.004083508892397906,-0.008580694057707214,-0.006408474115879409,-0.00543517820572161,0.0015400877551959538,-0.005149145985550163,-0.0026885272551565535,-0.01065296891482123,-0.004449552433955658,0.004598386765273973,-0.001574121369350574,,,-0.0024053913103450494,0.0006220513473416898,-0.006408474115879409,,,,
2002-09-01,-0.00866607201519036,-0.004695615264963909,-0.0038583725557499874,0.01156398438326379,-0.001892933579058557,0.0005814677446344272,-0.0041590304460282865,-0.008117854349126534,-0.0034028424987662736,-0.0006536180071128674,-0.002659417940700941,0.0018222875591671613,0.0018222875591671613,-0.010006211739423806,-0.0008150020974153871,0.009384148280698171,0.0122094456115003,,,0.009384148280698171,-0.0041590304460282865,-0.0034028424987662736,,,,
2002-12-01,-0.005386302108923382,-0.006460281437458002,-0.0023547310878491903,-0.00829446722754801,-0.00979378138250773,-0.005042577169590901,-0.010203268326407763,-0.013713649274478152,0.000966298004327374,-0.004507303254496832,-0.002651863280601885,0.006180966889706075,-0.0023230944730618136,-0.007694146740633525,-0.0063163447903502945,0.006298668286463717,0.01235727074766903,,,0.005002784897977611,0.003810424917000638,-0.008098967919581156,,,,
2003-03-01,-0.0011842619494094916,-0.004609696850240344,0.001834345046417052,0.0022527881969989423,-0.005398566604276802,-0.0061099678695835545,0.009986248653194023,-0.003369632835821837,0.013513696039503338,-0.00719723059177815,-0.002777989793546058,0.0003459972060039775,0.005247074572134744,-0.005348301645616612,0.01736572071081623,0.00918449383998497,0.014982448707781865,,,0.019198682764656458,0.012068943072486966,0.0073194613295487635,,,,
2003-06-01,0.005174157243896996,-0.007276236067711198,0.009842695659375804,-0.0021770080511252397,-0.005630084696086731,0.004021275251672236,0.012613083084131343,-0.001182700883922337,0.01703256185607833,-0.005502433613571619,0.01296829817628692,0.018992999762579343,0.00603678649881518,0.0008559214570705924,0.02237776985572902,0.03238000308048184,0.0278374803467642,,,0.030014423587872208,0.02093681450606872,0.016615906879543955,,,,
2003-09-01,0.0036734567475805247,0.004972272371353074,0.017255450695056403,0.001980932334979785,-0.007354320438375077,-0.0037980303308234936,0.008132788420365623,0.003110270245635821,0.014543449976137345,0.004471334686092362,0.0177366166743085,0.011662284243556895,-0.0018461348609172031,-0.004662781020852225,0.019017417494084404,0.01295943041496273,0.021688116249894945,,,0.01480773910782216,0.01711247587313885,0.013122912532486621,,,,
2003-12-01,0.007267317268997431,0.005703920032829046,0.0067076911218464375,-0.013315546326339245,0.01577232964336872,0.0022633960470557213,0.0035178104881197214,0.004248259123414755,0.0035178104881197214,-0.0059282416477799416,0.014181417413055897,0.0035178104881197214,0.003735644742846489,-0.000669494504109025,0.0035178104881197214,0.007516058161854744,0.007267317268997431,,,0.021939663216471672,0.005712048150599003,0.0035178104881197214,,,,
2004-03-01,-0.014031138271093369,0.0037003050092607737,0.009447506628930569,-0.001747922389768064,0.011898426339030266,0.01120630744844675,-0.0037701951805502176,-0.0018659622874110937,-0.006310042459517717,0.010834692046046257,0.0022867023944854736,0.0012573187705129385,0.0021598958410322666,0.005585178267210722,0.007489948533475399,0.006148738320916891,0.006874163635075092,,,0.003053360152989626,-0.002658520359545946,0.004585985094308853,,,,
2004-06-01,-0.006445009592258705,-0.0034028575595795984,-0.0017206774196898641,0.0008018501539252962,0.002129914586654955,-6.42719701169684e-05,-0.0024198028863502328,-0.0066131788669140275,0.0028417213022063495,-0.003006884845262749,0.003918306871664145,-0.004956315653468707,-0.0066131788669140275,0.006852714604549887,0.008744362964240292,-0.0005250047895216889,0.0018868834772397276,,,-0.0072726679270388155,0.0012634833771661537,0.00806270453901369,,,,
2004-09-01,-0.00661373390326199,-0.0029303256344613447,0.015055476806149262,0.0019248495430580596,-0.00541058225569275,0.0010442700112788762,-0.0008112701909944172,-0.0035916393413148273,0.017714328752351072,-3.104090130550664e-05,0.011166429933077883,-0.0012114313426025887,0.0009864183962232302,-0.006548240254647955,0.0014707477671598163,0.008239872046283715,0.009841046049801551,,,0.017629948544603924,0.006847625750210217,-0.0034609724964572573,,,,
2004-12-01,0.009244575165212154,0.006990139838308096,0.009268466383218765,0.0048774247989058495,0.010987041518092155,0.007804465480148792,0.005534866359084845,0.008580767549574375,0.009291145019233227,0.008901829831302166,0.0072684320621192455,0.008827044628560543,0.004060562700033188,0.01040627807378769,0.006666330620646477,0.008497406728565693,0.00595529330894351,,,0.009620072320103645,0.011002862825989723,0.009890114888548851,0.009890114888548851,,,
2005-03-01,0.002897771029957926,0.008754177186497476,0.012535773093995126,0.013647678102078679,-0.0035142477115950605,-0.003123135692896854,0.005013360676259538,-0.0005642999365861643,0.020143510510683003,0.008237653996612285,0.014159947403815378,0.000463272465806762,0.008032948615156707,0.0033930648268635315,0.0022134118743199183,0.00547783321087062,0.012333246364999518,,,0.024798303392719368,0.02063025121816863,0.005898014623381212,0.011000490243495907,,,
2005-06-01,0.008640536713652159,0.011903629957681723,0.014098516368935263,0.009772539478888917,0.018399018677484134,0.005497848119271754,0.0228868523971962,0.00606629634914522,0.025782762590105465,0.018802003982209263,0.009761290737214084,-0.011948217008764094,0.017154103018838737,0.0057038348077867165,0.018761758723404753,0.011573832010765426,0.00869650020268571,,,0.023155827366159978,0.019147401866902742,0.02090219068608655,0.00606571393387394,,,
2005-09-01,0.00507771210576799,0.014690321382555199,0.0262244183074853,0.017571512905308916,-0.0005228609443129503,0.00839313302053296,0.009082608280221558,0.003039194546350195,0.021876253091960497,0.015076622133732056,0.023412990582649805,0.003751501819335382,0.01279675243574008,0.005949348046060321,0.018366485526767208,0.007857771135216378,0.024321522540278397,,,0.028125155223527258,0.023614450088537926,0.009105467020161205,0.015899992004314495,,,
2005-12-01,0.0155915766954422,0.0155915766954422,0.020490942522883415,0.0155915766954422,0.011839145794510841,0.011041160672903061,0.01314536388963461,0.009467164985835552,0.0311895702034235,0.0155915766954422,0.011655451729893684,0.0011372559238225222,0.015298123471438885,0.011201445944607258,0.0030121176969259977,0.017436174675822258,0.020702974870800972,,,0.015954986214637756,0.020297760143876076,0.017263038083910942,0.01707419380545616,0.021910686045885086,,
2006-03-01,0.017855361104011536,0.018582772463560104,0.011416220106184483,0.018582772463560104,0.009956398978829384,0.018101302906870842,0.01449804287403822,0.016944048926234245,0.03113899566233158,0.018101302906870842,0.010310846380889416,0.014653893187642097,0.018101302906870842,0.006201815791428089,0.018101302906870842,0.01987653784453869,0.01736660674214363,,,0.0249958373606205,0.014252100139856339,0.014252100139856339,0.018646210432052612,0.011569258756935596,,
2006-06-01,0.010240842209760988,0.009390221595179866,0.009505391215055146,0.01566384811188846,0.010657391433080308,0.015278799018220103,0.013230019717595614,0.012967032154383063,0.02372692681851559,0.020541385861535737,0.011375311939303334,0.012967032154383063,0.01683385269749281,0.007993185571212483,0.020985115386042384,0.008349214816534785,0.013675706753363288,,,0.02372692681851559,0.01828202357405748,0.018015060949344745,0.007940120661795363,0.024889547853462892,,
2006-09-01,0.01469730949354707,0.01868469691727895,0.021043709971549866,0.019517506514158244,0.01443562398775659,0.010861772916236447,0.009822114157465221,0.009062188870896094,0.029526404965277125,0.0019876107032942383,0.024412820190248742,0.015199804492031331,0.022330957550382037,0.012200173520202813,0.012588979722666172,0.02183188943984375,0.018499640846923623,,,0.009767097844920719,0.018969729268561473,0.022970108352471454,0.024914020336014548,0.03084814656912818,,
2006-12-01,0.011529508269673997,0.007314362924771777,0.02201029513963691,0.007863059464224432,0.02853655102877844,0.023586621191831334,0.00970324390539568,0.009175289361913126,0.027358163601840728,0.007111308200585669,0.0342135924633291,0.0002318026869824372,0.024642582034793387,-0.001182239797337506,0.01796968565617053,0.010417182088991686,0.01178091015885929,,,0.016498767503154852,0.017170542267624222,0.002740916749809811,0.023775284198486044,0.028650654424479182,,
2007-03-01,0.010615461917695784,0.012445885176280218,0.0185964987352921,0.019297001636538944,0.0044956523970806125,0.005195620744881034,0.01852919735616666,0.004046179097299515,0.021978289869113928,0.01209087008400222,0.0100007698978151,0.007227170204597326,0.019764734760614862,0.0076751524967445086,0.019226499786025943,0.009166381412609281,0.015535410332738456,,,0.021714443153433523,0.02172718616444913,0.016301426347833152,0.003518705811723358,0.015551688871396572,,
2007-06-01,0.014942451117017874,0.011135496542678336,0.027954843916544778,0.018084146451405225,0.0046317878013766335,0.012038040781549334,0.022505523211691136,0.0023724937865916016,0.025393598209953037,0.012551549135499818,0.01453935433308352,0.004216422691441506,0.01006289411900878,0.007291375843942641,0.023723717942832907,0.002332252749957436,0.00881191058646534,,,0.017958548215405323,0.020767770463151942,0.013118270804010507,0.006209002514245099,0.02544222623522592,,
2007-09-01,0.012972891086361576,0.012217941640889582,0.024993043366721725,0.021489786557514965,0.005698014675954449,0.019718525482701837,0.01680398753081235,0.019201754444010514,0.027980681470490005,0.01821419577304385,0.022435245319951332,0.009297461215888411,0.024150684704513252,0.010635083929608649,0.027613820091570044,0.007086999760440666,0.022634714282744134,,,0.025194736618962387,0.02330329440601519,0.018072706705297228,0.010390133752259145,0.03177845251250184,,
2007-12-01,0.017752688874375623,0.01372280788067733,0.017759949338296506,0.021906220083286708,0.010750909704057378,0.018598161723930126,0.02695344685832136,0.02109217184338928,0.024030379147320768,0.022074464831366457,0.024664872980769584,0.01943941428906265,0.02551583783340194,0.010285104499627804,0.018945018598703928,0.019725116153335186,0.01884840642031123,,,0.0237511479253215,0.02277705415230396,0.02086125757604283,0.019470606661586648,0.02751475940495258,,
2008-03-01,0.008469178037899061,0.025160074577296597,0.03439404660285966,0.02661108656495687,0.013572700841473329,0.015877860718695232,0.031007440333855354,0.02316627953227877,0.03175965528989211,0.025619023441816734,0.03159334991514207,0.020492222217621862,0.016640525450319785,0.014471511413348633,0.0323236044974231,0.017765616542611697,0.01991802351303748,,,0.027710862299831593,0.027076759906369752,0.023927571190485747,0.01837232076227074,0.030961411139437334,,
2008-06-01,0.023146621882915497,0.026590712368488312,0.029436957091093063,0.021356578916311264,0.02680422179400921,0.02680422179400921,0.02545064315199852,0.02680422179400921,0.02680422179400921,0.024568412452936172,0.02143203280866146,0.023146621882915497,0.023146621882915497,0.02143203280866146,0.013765128329396248,0.026590712368488312,0.02680422179400921,,,0.026590712368488312,0.01876538060605526,0.02680422179400921,0.017553189769387245,0.02680422179400921,,
2008-09-01,0.024047913724744435,0.02034100237685973,0.04335510947164316,0.030339756298200307,0.025059726425411155,0.02965936039305239,0.01699173594095105,0.02459263042745982,0.028141689136508972,0.01699173594095105,0.02357560078376233,0.024253586601822738,0.034209589453801224,0.022551766861597183,0.02134248080713855,0.02088010666303801,0.021225754554670528,,,0.02396541274262317,0.02309564517579066,0.02896021841108054,0.025119710974176066,0.034209589453801224,,
2008-12-01,0.03806887889623046,0.016756348113957327,0.05793159119069511,0.04387066840019103,0.01751058625733312,0.031942604803897885,0.020188064151937225,0.02798936531214177,0.050080096458266096,0.0049109622157375655,0.02499393314838918,0.007168136425595319,0.049428681116843884,0.017462135967574923,0.03872029423765267,0.019506079498800122,0.028351344207609486,,,0.0409871843106917,0.027015053497301444,0.03712519778316527,0.05043426992606971,0.043475674541626645,,
2009-03-01,0.02385919727385044,0.02420090138912201,0.03898674622178078,0.044222813099622726,0.028482800349593163,0.030764857307076454,0.02190300077199936,0.028482800349593163,0.05044405907392502,0.014387708157300949,0.028497062623500824,0.021234385669231415,0.04666799679398537,0.023814616724848747,0.01949821040034294,0.025159941986203194,0.028922611847519875,,,0.04086995869874954,0.02316095679998398,0.0279416311532259,0.03420834243297577,0.03898674622178078,,
2009-06-01,0.019931104592799752,0.0391371305868291,0.015598337702892822,0.03377319828795671,0.026679473625968123,0.026731351829256372,0.0391850657477066,0.021317105724161674,0.025489935824424898,0.03309915391972758,0.02563362825475038,0.02476851486641798,0.024071930129744408,0.02207387005152112,0.0348372865616155,0.031345674328442694,0.027371877703496375,,,0.03855427825745592,0.03599657593841548,0.026414580774486322,0.03718756347886769,0.02615833002865779,,
2009-09-01,0.012315487131514298,0.015911945907998305,0.05446963184444795,0.03038501983361503,0.01535695635388509,0.026085435962940738,0.05251166801732439,0.030590516422167795,0.03506859550054528,0.023483114229781995,0.049737479187925066,0.023308637571402762,0.03297917189378851,0.01768264490487121,0.04895828095112424,0.022580501693075655,0.03646889147318671,,,0.04867464859456885,0.03618387291340238,0.04447240727627522,0.029099965278244048,0.055686148339222134,,
2009-12-01,0.001950800969834513,0.0364976324256726,0.04491712360955897,0.026009329153883876,0.006235692072354192,0.020783501536104837,0.04939139249665583,0.04047142822811853,0.028312417496331642,0.013945659956292869,0.03509437562078918,0.01696646359334185,0.01853978953894224,0.0017196235715284422,0.03497971275452516,0.0015456133617250281,0.01974521589177318,,,0.03196249076510559,0.03842336342076489,0.035966730461153236,0.019470617286625257,0.03974218920695149,,
2010-03-01,-0.01803723907921788,0.006682741991265026,0.04122313898212999,0.002201113551794749,0.016132349293825465,-0.013121933987017154,0.021031059132975285,0.00901421113754668,0.0179685879858546,-0.01396924759206702,0.021257346913396185,0.021698118593391755,0.012423803441948659,0.01504918979067135,-0.013152858443178964,0.009078247087630576,0.013857674066856725,,,-0.015586680619020157,0.00047290250190119544,0.011470612130539314,0.010030278083173678,0.059227314453545746,,
2010-06-01,0.00880846381187439,0.012537587434053421,0.012537587434053421,0.011865450069308281,0.014705994166433811,0.014033856801688671,0.011865450069308281,0.014033856801688671,0.015443230047821999,0.0173571165651083,0.01767624169588089,0.01737329363822937,0.014033856801688671,0.009824165143072605,0.012123632244765759,0.015443230047821999,0.014033856801688671,,,0.011865450069308281,0.014159278944134712,0.015443230047821999,0.014033856801688671,0.015443230047821999,,
2010-09-01,-0.017650965687071574,0.016510271392164648,0.05346559873118327,0.006233730401605709,0.0003718303274815556,-0.0036335586361072657,0.023975214557218256,0.013979055064108374,0.03862505327717392,-0.0181626640075491,0.014662484187982433,0.009669218874627237,0.022991766480381277,-0.015560105516001004,-0.017599459533296495,-0.0011164886595460694,0.009137366481017711,,,0.052351989706425184,0.0033704163254004724,0.015509695164575983,0.013090734060947448,0.020404870937959972,,0.05324611885010277
2010-12-01,0.0003883208985298926,0.00608578316685189,0.027165370143050274,0.01878319016789128,0.03401717535331906,0.03439433435890405,0.059519255799397194,0.012890002794289871,0.041341070362430184,0.024265734435661115,0.016991155456405425,0.059519255799397194,0.027764580160552103,0.00047274755937507624,0.007515021077460056,0.022477345354915183,0.007914778185579336,,,0.04593899446031231,0.0046865078915987205,0.034467562944278954,0.03857220986545944,0.007965918914320316,,0.05309476786265811
2011-03-01,-0.019724419086804727,-0.03305103691116543,0.006268995502784414,0.0021136811695230463,0.004438315614961359,0.0047927313317141515,0.028023160298433027,0.038789918745970264,0.04142937435343693,0.02586214468336217,0.050330933000974055,-0.03007077314544171,0.008826941992912592,0.020438829993893962,0.027749827980864557,-0.03920752828997497,0.029356393167775555,,,0.051182463529731236,0.004686115795388102,0.033634285151954844,0.06708932990570633,-0.03511120766169235,,0.04285883573498258
2011-06-01,-0.027825982147412304,-0.0053073122930684885,0.005678746081317845,-0.016614970153650592,0.030412700420492798,0.0201520314012879,-0.0017152261578242778,0.03707304095377667,0.0036270954976152224,0.030153824717162273,0.042553315448362564,-0.01279084642604479,0.04207023738508669,-0.025023773227581377,0.012668181260602452,-0.019253529130439644,0.022438937135686288,,,0.03333341954769411,-0.010177907625894352,0.033698553918542,0.051219931546249764,-0.026772488044583508,,-0.010110778035671942
2011-09-01,-0.041117963670492544,0.005325485039305367,0.022331585403033375,-0.04037183674916494,0.027254975507989533,-0.003381883860827868,-0.017420233571455678,-0.01649027098508827,0.022797539180988837,-0.0033066419237724977,0.022520157607643615,0.048463359956759856,0.04049743738145152,-0.0024088551538705115,0.007401606898821579,-0.02471476874538518,0.027596634338458152,,,0.03694097445518183,0.005613579843408166,-0.008725549735874973,0.029400034480836612,-0.015729505302164774,,0.009124886637679266
2011-12-01,0.05814731233303775,0.007221774552692844,0.032410151320329594,0.002998938781169153,0.03917121915075724,0.022233539360283532,0.01309935062455269,0.051338703510417034,0.023754712332122667,0.0369388712920847,0.015281505099471066,0.04897768146702426,0.05531485731805767,0.001610743947806939,0.03023224633039399,-0.025807609424054686,0.03235794111723686,,,0.09305574631628473,-0.0009277343091594548,0.029690806963145695,0.053176840855557246,-0.025807609424054686,,0.043029020286371705
2012-03-01,-0.02926795132903651,0.01217677881036517,0.013868313138857615,-0.014592225129471025,0.015799162593996663,0.014604995639136671,-0.0002419429731173167,0.05391455042576153,0.021930885671447093,0.06226599748552259,0.02896550788947496,-0.001598976271016108,0.06305514178098588,0.05393338061793935,0.030668381571025822,-0.007888702946816312,0.07168199646882271,,,0.08405261992080691,0.019037452838445223,0.03645468960864468,0.04965824044495264,0.009775191162203538,,0.01790147037208863
2012-06-01,-0.005572602834208711,0.014110881093182958,0.06141279890787735,0.011894007055873174,0.016646529263345592,0.014673046306680064,0.03309950308326837,0.025743070374528193,0.048432291529750836,0.009930859706487351,0.024915453098632953,0.05526363610891735,0.04030825869091595,-0.010226354931893443,0.04149722730230656,0.024410877184030275,0.03444925732215134,,,0.0844342485527758,0.03995300532043025,0.03407932260212885,0.04122903050555914,0.04386057361374584,,0.033806626612937624
2012-09-01,-0.0036091818012005217,0.017709067637068192,0.06856859700844019,0.0143312480885251,0.011837847755573026,0.020877138992449154,0.033553980420798386,0.012116701974484174,0.0425954271650643,0.013379498266870824,0.023538331402764935,0.031383302583265583,0.048190639510672456,0.002463521588197607,0.0463074049837835,-0.005084296349634016,0.015601648722973614,,,0.11281970063304798,0.0312015913722155,0.044374311157265624,0.011199382305226345,0.032065448345021966,,0.05306993601352513
2012-12-01,0.049237966537475586,0.01681637205183506,0.015809480100870132,0.015215502120554447,0.02683933451771736,0.02683933451771736,0.01681637205183506,0.022436613216996193,0.01681637205183506,0.018869664520025253,0.02548394910991192,0.057909660041332245,0.02683933451771736,0.01258314773440361,0.028891006484627724,0.04533157870173454,0.02683933451771736,,,0.051337987184524536,0.01681637205183506,0.02683933451771736,-0.051504023373126984,-0.005396135151386261,,0.02032928168773651
2013-03-01,0.06683258712291718,0.017424600198864937,0.017424600198864937,-0.0045802174136042595,0.026104163378477097,0.026104163378477097,0.017424600198864937,0.015675434842705727,0.020638085901737213,0.03079470992088318,0.040185943245887756,0.004857263993471861,0.029317645356059074,0.040185943245887756,0.02603190205991268,-0.0016249882755801082,0.040185943245887756,,,0.06142285093665123,0.017424600198864937,0.02603190205991268,-0.09275349229574203,0.02895212173461914,,0.04075445979833603
2013-06-01,-0.014357673799395258,0.002244556363909993,0.06363552151288132,0.005409236174963833,-0.007525781840050561,0.0029901581128899337,0.02371228725019129,-0.0014465550452561111,0.018159617133558063,0.0014809227951263979,0.015168441482535995,0.02095591107526831,0.047642610267846226,-0.0012788721395001483,0.02269488978952843,-0.0018179010397632008,-0.01525159795068944,,,0.08783763633391363,0.02711743272128128,0.03521603105417941,-0.024560503558373713,0.014989677373019804,,0.022262985859673075
2013-09-01,-0.006244196475380928,0.019877945123299042,0.061809455594025405,-0.006689321958154307,-0.0031707408396108292,0.008223987647644863,0.04071340517892629,0.016649845601939578,0.020349282068632877,0.0009738950993046895,0.023232590050742418,0.02640429856214738,0.03339968814444978,-0.011768992956815775,0.014044148082413459,-0.0018020736583613728,0.011088852471009072,,,0.07119135042268927,0.026913776402031124,0.026442922992297998,,0.03295549010055798,,0.017416137455038144
2013-12-01,0.015198398381471634,0.02585246041417122,0.026993298903107643,0.019791748374700546,0.019791748374700546,0.05441867560148239,0.02585246041417122,0.11217620968818665,0.02435922995209694,0.006641029380261898,0.03995859995484352,0.029947401955723763,0.03170251101255417,0.020542217418551445,0.056569699198007584,0.019839541986584663,0.03057975135743618,,,0.023902587592601776,0.023590121418237686,0.032730769366025925,0.03573119640350342,0.0450182743370533,,0.05765925347805023
2014-03-01,-0.0029340946986910737,0.014905734032976592,0.036955336867305226,0.04567440815805171,-0.005993642085013396,0.036061487585670224,0.039869616576104654,0.09162578756185956,0.02210657574992056,0.012350804766975558,0.07193311988417052,0.03760404935964404,0.051140319624158895,0.04676124552836059,0.07089541638316821,-0.006623534920965417,0.06000061253755859,,,0.012183887183103675,0.04616159252506705,0.036720161639144114,0.01776587750802184,0.04184491811868504,,0.06373786050089247
2014-06-01,-0.0040785908801211105,0.025585557420517702,0.05727102513112461,0.006058226684243752,0.00984843396079554,-0.0009967578762985411,0.03243512682599934,0.04567643029391087,0.04365102296566602,0.009585002843732458,0.01792079017985377,0.03423150558049581,0.03320572727122753,-0.0015107159081176708,0.012233857123643698,0.016009592305666162,0.00779193064788965,,,0.06973949931989167,0.021486844016779,0.031272941119142444,0.017199653141122335,0.01434617457391903,,0.026248358976705646
2014-09-01,0.02707456797361374,0.03180016577243805,0.03241521492600441,0.025979353114962578,0.025979353114962578,0.025979353114962578,0.030966956168413162,0.057806625962257385,0.03180016577243805,0.02707456797361374,0.03939367085695267,0.03180016577243805,0.03180016577243805,0.025979353114962578,0.02707456797361374,0.025979353114962578,0.03180016577243805,,,0.030966956168413162,0.03241521492600441,0.03241521492600441,0.02646765299141407,0.05280783399939537,,0.05280783399939537
2014-12-01,0.008423445082839891,0.04171245146935304,0.07191610223864152,0.01237112363923974,0.0020264225198956707,0.01545086865202529,0.051025686610527206,0.04184702597195008,0.0396483129728337,0.021600749252484817,0.06645704833941612,0.013786067066701192,0.03373368700644691,0.014438196443668429,0.025575563561605466,-0.015494728966531719,0.019954204329706626,,,0.029041091678148914,0.01359460925242907,0.05044498575070571,0.013842195028979551,0.004809554504826861,,0.03967009957345187
2015-03-01,0.025420334190130234,0.031982384622097015,0.028871968388557434,0.025420334190130234,0.031791869550943375,0.031791869550943375,0.031982384622097015,0.036647241562604904,0.031982384622097015,0.03161514922976494,0.05009188875555992,0.031982384622097015,0.028755368664860725,0.031791869550943375,0.031791869550943375,0.013125170953571796,0.031982384622097015,,,0.031982384622097015,0.031982384622097015,0.028871968388557434,0.02810247428715229,0.05009188875555992,,0.05009188875555992
2015-06-01,0.006340325762945986,0.04133667279446637,0.055640827843181445,0.019645895582473767,0.012698784765514629,0.009471464407197802,0.05199700167824608,0.030963173390840818,0.03882270018697781,0.021351659210893114,0.05323122062788794,0.02255431808576442,0.04039984986928547,0.017149126503847315,0.0497143289931509,-0.00614995147067129,0.014463512266039858,,,0.05893465795990418,0.004758781544080434,0.03445298883185291,-0.011867317112651448,0.017513039514222648,,0.05289922159333623
2015-09-01,0.033360082656145096,0.03189113363623619,0.03189113363623619,0.03189113363623619,0.03189113363623619,0.03189113363623619,0.03189113363623619,0.029680918902158737,0.030912073329091072,0.03189113363623619,0.033360082656145096,0.03189113363623619,0.047142405062913895,0.03189113363623619,0.03189113363623619,0.005242749582976103,0.03189113363623619,,,0.030912073329091072,0.03189113363623619,0.03189113363623619,0.029680918902158737,0.043322499841451645,,0.04091766104102135
2015-12-01,0.029276138171553612,0.029589194804430008,0.029589194804430008,0.037937261164188385,0.029589194804430008,0.03259798511862755,0.029589194804430008,0.027369190007448196,0.0290781632065773,0.03259798511862755,0.03259798511862755,0.029589194804430008,0.019043322652578354,0.03259798511862755,0.04040522873401642,0.012052897363901138,0.02429431863129139,,,0.0290781632065773,0.027369190007448196,0.04040522873401642,0.027369190007448196,0.04138558730483055,,0.04040522873401642
2016-03-01,0.011723755535023639,0.04433113349265449,0.07098755963202878,0.03060519735829014,0.02022089389466708,0.016024022633463232,0.06703422603721651,0.020088253708377194,0.034336065590485916,0.03667848967603201,0.056347083988256844,0.04101394565979209,0.08437043226225624,0.03326431414094702,0.04308335226247082,0.018277239103456865,0.015453429737970339,,,0.06456869795179286,0.04280662247525368,0.06884539403647429,-0.014449247712282795,0.05066888906411546,,0.059869646182267464
2016-06-01,0.0034244045510433132,0.04572538383332838,0.058775433880189173,0.03116884664305342,0.01669541064649882,0.011635353771777662,0.06033918572994269,0.02143922735039614,0.044101230449057977,0.018228898218355927,0.050491900658054104,0.027317737237148122,0.09740959033782341,0.016347115503279015,0.02396851078865985,0.015033682771607862,0.004078212663138463,,,0.06971306549237595,-0.0021651571730926483,0.05014089050675601,-0.004322811296108281,0.042019280388183845,,0.04961498325145301
2016-09-01,0.011116314390086857,0.04775830989071118,0.0551849667011314,0.010653778835035684,0.01322712207099571,0.00696471183290747,0.058085745013215104,0.030684293588124453,0.03788466541841257,0.01296279211286974,0.05305740840272759,0.0200004965464671,0.10843248365681424,0.019440814485163986,0.04025089851467163,0.009784824554822755,0.006646624202895834,,,0.06974393316786101,0.049505309395967444,0.04269524199602613,0.009198394000843737,0.0467193506739979,,0.06332442789902015
2016-12-01,0.007258690961053136,0.024558074837572653,0.03587908581119796,0.019368678396829105,0.00439284829078014,0.010525608025497226,0.05228270465002836,0.02361374006617456,0.017913650460798392,-0.00418023204488325,0.034062241335383006,0.014012940041453857,0.10675226261524214,0.006372844601276181,0.028109555770606764,-0.002081478456897666,0.0075791790616205,,,0.08038926126706793,0.007456337435712564,0.0450683223859839,-0.004504637865854841,0.005482635098738083,,0.04118570872398686
2017-03-01,0.012700775375699549,0.04803049658611114,0.05818494249251081,0.02392208780208522,0.015428946153232566,0.018677357868310228,0.04713172047063438,0.00764861774505359,0.014066557696935383,0.03924192611213137,0.030909916966274893,0.027193388076507306,0.09869963757623196,0.01382551144273706,0.02266846202855916,-0.0035363544605855153,0.038114733141465636,,,0.06559526878096036,0.04292256526954058,0.04461395282683141,0.006438600549534279,0.033585693613995715,,0.048969425178404594
2017-06-01,0.03382808342576027,0.026229428127408028,0.02910810522735119,0.018767379224300385,0.018767379224300385,0.018767379224300385,0.026229428127408028,0.04585426300764084,0.01909147948026657,0.018767379224300385,0.020469794049859047,0.03674749657511711,0.028560757637023926,0.018767379224300385,0.020793894305825233,0.0006493270047940314,0.03674749657511711,,,0.026229428127408028,0.01314797904342413,0.018767379224300385,0.002243578899651766,0.026731275022029877,,0.022746333852410316
2017-09-01,0.03769996762275696,0.03151553496718407,0.03036549687385559,0.016315367072820663,0.025165284052491188,0.016315367072820663,0.03756760060787201,0.08016321063041687,0.033960312604904175,0.035050589591264725,0.0321849025785923,0.021678505465388298,0.12747102975845337,0.016315367072820663,0.0410720631480217,-0.10707733780145645,0.012828589417040348,,,0.02802874892950058,0.018604906275868416,0.016315367072820663,-0.002772716572508216,0.032024238258600235,,0.0321849025785923
2017-12-01,-0.017055296666883636,0.050860068904502884,0.06731779220178973,0.029924716624739757,0.018374407211666884,0.02999245969232017,0.043273306931589206,0.02462731031398599,0.012604961713507303,0.03676393255235881,0.05083146363706184,0.039530525965501315,0.0751534552093826,0.02592477393512476,0.02275462070427728,0.004886662070113861,0.0034579687206281367,,,0.05727617817796277,-0.0031258291265522727,0.049476196735120305,0.0012475323408776208,0.01568826796225424,,0.04371762593694098
2018-03-01,-0.0008133926408717309,0.029774654695551253,0.04106820270158625,0.0006808694223280275,0.016092766330421157,0.010779855075862776,0.0512676000126971,0.03140988112984283,0.013585603793502538,0.040213232743613325,0.02551821523367217,0.03335258183344229,0.06462860378228259,0.02559071432326873,0.02789901131075459,0.03436582324483417,0.009854231550104365,,,0.07311729480689536,0.03110713430144124,0.03797141052686053,0.041318463283820536,0.047505282814464526,,0.04443584193852855
2018-06-01,-0.03931551960870747,0.030678952251515432,0.04218898696524319,0.003331096215385333,0.011441228115417312,0.008494663091708547,0.01526158593058894,0.028589352596876984,-0.019901461788998976,0.0027253478568297286,0.019745495301354467,0.019295619039039067,0.06328761147956805,-0.004097117643044036,0.013321012847397926,0.025091961224781703,0.008647052514218722,,,0.04222251330510885,-0.02520885669042124,0.017380954423199455,0.04448217039912452,0.02985100700272131,,0.03158623606017108
2018-09-01,-0.1669951277565408,0.026242093045789654,-0.006559821924496163,0.03778914523793901,0.020210211377862983,0.028837011715874692,0.015265197925734733,0.06792831208387334,0.0480076907775846,0.0005558031965231248,0.02977370329311017,0.03486182747733266,0.007021602549357756,-0.00428762186701625,0.08138615596629085,0.031103471173075936,0.08006780666630314,,,0.04348569113680459,0.007746040440350052,0.01402017730324113,0.007416061987911571,-0.01884272760374249,,-0.008055830945354317
2018-12-01,0.007702701725065708,0.018745185807347298,0.01860283873975277,-0.03717491775751114,0.018745185807347298,0.018745185807347298,0.024087728932499886,0.020389284938573837,0.020389284938573837,0.018745185807347298,0.018745185807347298,0.017511069774627686,0.01817980781197548,0.018745185807347298,0.024087728932499886,0.022393997758626938,0.024087728932499886,,,0.024087728932499886,0.012139616534113884,0.018745185807347298,0.025996794924139977,0.01704413630068302,,0.020438916981220245
2019-03-01,-0.0050923083908855915,0.02382788062095642,0.026868414133787155,0.0198146291077137,0.02382788062095642,0.024768078699707985,0.030741697177290916,0.025132589042186737,0.025132589042186737,0.02382788062095642,0.02382788062095642,0.024768078699707985,0.05774617940187454,0.01759897731244564,0.024768078699707985,0.024768078699707985,0.024768078699707985,,,0.029643278568983078,0.02275164984166622,0.024768078699707985,0.02127896249294281,0.025349490344524384,,0.02382788062095642
2019-06-01,0.012379896827042103,0.01662680320441723,0.031232865527272224,0.01438160240650177,0.019080180674791336,0.019080180674791336,0.01954295113682747,0.02083599753677845,0.02083599753677845,0.01438160240650177,0.016496913507580757,0.019080180674791336,0.03510346636176109,0.016458993777632713,0.01954295113682747,0.019080180674791336,0.01954295113682747,0.01954295113682747,,0.019216148182749748,0.016458993777632713,0.019080180674791336,0.014862758107483387,0.02346152998507023,,0.019216148182749748
2019-09-01,-0.05062708182605823,0.030026594568289038,0.03548263530597486,-0.052671149642184265,0.012371864201490826,0.010198632239829964,0.020443833850069267,-0.030584147437813982,-0.002100468463632848,0.020810864683421724,0.01947460085111623,-0.009898717063403804,0.036923658105731644,-0.02512080357701084,0.013457490319007594,0.0038711106324056566,-0.008209650464326073,0.02636452278075895,-0.02312850031099178,0.06437946383475238,0.04643346971116461,0.046793096281052625,0.009024896264845182,0.011315769152776121,,0.03989960802482079
2019-12-01,-0.024913550507082393,0.035016233002778556,0.047311627510730966,-0.028360104739171544,0.007943150377344728,0.014516524168735327,0.03485587608562989,-0.01721589350411198,0.004095810172684144,0.02641989699701909,0.023519329064363895,0.0020252670054346127,0.04636664173769105,-0.03815684460329207,0.020832992748447188,-0.002370947108243092,0.0029991436411678164,0.026950254628991775,-0.016705973803934196,0.05629371945867901,0.05466964904708779,0.049174890388590346,0.028187089879244807,0.03393235886631949,,0.03594628668535875
2020-03-01,-0.02166473888710663,0.02968375428749904,0.039696094131147525,0.006525000250522404,-0.0049184890096425566,0.014104592641273315,0.032746702088134155,-0.01257050098836054,0.010362086372675737,0.012713696891326138,0.009500560573572476,-0.005684639050461181,0.05320536874593083,-0.008828727485804556,0.031370375691049474,-0.011079439313597976,0.024794147729310295,0.021965817817672498,0.019774865590074683,0.04684602382528065,0.04924171973057545,0.023942304515394464,0.04107612222001092,0.028481687497898298,,0.03375768435654738
2020-06-01,-0.02469551365591557,0.032726877717703835,0.0467983217949177,0.010139227364797011,0.014729465159477637,0.027348055204588627,0.061766088473211675,-0.01697658435897544,0.07074463948497409,0.02514849717858606,0.027078242053534454,0.030227224445282194,0.02241052355187097,-0.015464135174631074,0.004329721469511862,-0.016371532802920086,0.011706104322317655,0.05923021744723808,0.02192649542105573,0.09026771247419696,0.023890760584339147,0.05044935070639074,0.05936371339954492,0.03407157534042803,,0.03022621610072525
2020-09-01,0.013952714723368452,0.019543134772971173,0.04531496622239567,0.0017951125658283286,0.009129716505448223,0.030547156938515677,0.042151971331497146,0.014672842444409993,0.021170368166781646,0.029718950231669095,0.008378931157717663,0.01909671183219651,0.02910155726287517,0.007492204384775452,0.03528361908164696,0.003818795808273265,0.023944531959858576,0.03055282453185709,0.029939924079864486,0.03207030362032497,0.02836572371957584,0.03365120462267541,0.017260234022993953,-0.00370420362158456,,0.024660126593712625
2020-12-01,0.011191588513714368,0.029600495381088172,0.03238162315199173,-0.008116704754420329,-0.0011590820385305278,0.019344905146149415,0.018998488268658256,-0.008361432672594808,0.0014102278669617507,0.023757722292872124,0.015578486135673393,0.004907954974060836,0.014458137032986228,-0.012795192947863148,0.03107019975743204,0.005072594906838841,0.0114931583389677,0.0011060440089554037,-0.029155443755958767,0.0675112651175771,0.03241976102990709,0.03938586045722873,-0.00373261993455078,-0.00669075636406981,,0.04042364267917995
2021-03-01,-0.008502248411642474,0.034947600976062115,0.011418780497666507,-0.03198074303497979,-0.015393814542251801,0.041623243336777596,0.04468091313515172,0.0017018856098877985,0.06309486221681085,0.03025617449643807,-0.008385706058987561,0.002688837684108291,-0.0038561165663166925,-0.00820085563187562,0.07396225981686062,-0.07408491500855381,-0.0030989427436555698,0.013983377776544709,-0.0006759439268659379,0.07009620706761283,-0.012269805627255619,0.04269869695164058,0.12348458758892916,0.047312328858108856,,0.04660287345921768
2021-06-01,0.007059258408844471,0.009576041251420975,0.012496007606387138,0.008964451029896736,6.212221342138946e-05,0.0040430775843560696,0.009576041251420975,0.008287540636956692,0.00944674201309681,0.009576041251420975,0.011874998919665813,0.009509027004241943,0.009659852832555771,0.0036605370696634054,0.009576041251420975,0.0021274895407259464,0.009509027004241943,0.009576041251420975,0.009844482876360416,0.00944674201309681,0.006959583144634962,0.009576041251420975,0.006959583144634962,0.008287540636956692,,0.00944674201309681
2021-09-01,0.008726813830435276,0.01823366805911064,0.01823366805911064,0.01790628395974636,0.01823366805911064,0.01823366805911064,0.01823366805911064,0.009970196522772312,0.01790628395974636,0.01823366805911064,-0.03094206377863884,0.01790628395974636,0.011665144003927708,0.035968273878097534,0.014085724949836731,0.016537265852093697,0.01790628395974636,0.01823366805911064,0.004405089654028416,0.01823366805911064,0.011742323637008667,0.01823366805911064,0.023064671084284782,0.016072295606136322,,0.01823366805911064
2021-12-01,0.008943440392613411,0.01786431483924389,0.01786431483924389,0.025838082656264305,0.01786431483924389,0.01786431483924389,0.0176310446113348,0.012654004618525505,0.0176310446113348,0.01786431483924389,0.028691420331597328,0.01786431483924389,0.025837309658527374,-0.002930470509454608,0.0176310446113348,0.028691420331597328,-0.002930470509454608,0.0176310446113348,-0.0014317024033516645,0.0176310446113348,0.016853345558047295,0.0176310446113348,0.025837309658527374,0.012654004618525505,,0.0176310446113348
2022-03-01,0.018044177442789078,0.018766503781080246,0.018766503781080246,0.020868325605988503,0.018044177442789078,0.020868325605988503,0.018434399738907814,0.014464984647929668,0.018434399738907814,0.018766503781080246,-0.00240651099011302,0.020868325605988503,0.007642919197678566,0.018044177442789078,0.018434399738907814,0.009103246964514256,-0.037490688264369965,0.018766503781080246,0.020868325605988503,0.02834443747997284,0.018766503781080246,0.018434399738907814,0.018434399738907814,0.018434399738907814,,0.018434399738907814
2022-06-01,0.018258001655340195,0.020394688472151756,0.01607145369052887,0.020394688472151756,0.020394688472151756,0.020394688472151756,0.020394688472151756,0.015508400276303291,0.020394688472151756,0.020394688472151756,0.018258001655340195,0.020394688472151756,0.01981075294315815,0.028046652674674988,0.020394688472151756,0.028046652674674988,-0.03567226603627205,0.020394688472151756,0.004330579657107592,0.020394688472151756,0.019908985123038292,0.020394688472151756,0.020394688472151756,0.020394688472151756,,0.020394688472151756
2022-09-01,0.015935578055385723,0.014971456763917347,-0.05212760749515162,0.013619944088392429,-0.00908824918255422,0.01564887109125221,0.014852137034821295,0.017541812403330505,0.012948731964190963,-0.010510377524441497,9.417642243087588e-05,0.031440350381235244,0.0003966934933112013,0.003315371848568776,0.031048702544395654,0.03191571980598576,-0.011895106851982053,0.015045530883732663,-0.015171110312619368,0.01602741666201548,0.027769005493693443,0.012596795950777612,0.01888344632618741,-0.0017525349967201234,,0.012000439082800775
2022-12-01,0.01921778731048107,0.02230415865778923,0.02230415865778923,0.02230415865778923,0.02230415865778923,-0.0020443620160222054,0.0360957533121109,0.01922275498509407,0.030973045155405998,0.02230415865778923,0.02230415865778923,0.02230415865778923,0.01895449124276638,0.01921778731048107,0.02230415865778923,0.01921778731048107,-0.016690116375684738,0.01950809359550476,0.02230415865778923,0.024943115189671516,0.02203589491546154,0.02230415865778923,0.03369540348649025,0.01922275498509407,,0.01950809359550476
2023-03-01,0.01542862318456173,0.018329063430428505,0.018329063430428505,0.018558677285909653,0.018783781677484512,0.01833617314696312,0.0259541142731905,0.018556341528892517,0.018331237137317657,0.018783781677484512,0.014973904006183147,0.018783781677484512,0.018054937943816185,0.01542862318456173,0.018783781677484512,0.01542862318456173,-0.01973240077495575,0.018783781677484512,0.018558677285909653,0.018331237137317657,0.019828667864203453,0.018783781677484512,0.014526010490953922,0.0124360928311944,,0.019843995571136475
2023-06-01,0.015042772055170343,0.012445645201651558,-0.017144151598999128,0.021697437132003915,-0.022973738416650385,0.014878034064241041,0.031014276400256686,0.021890786702753476,0.026287758021169526,-0.008494097370499817,-0.009675340487464597,0.019042481380884126,0.0170088194134778,0.011418321830003771,0.026655149585028654,0.0196173133512408,0.005317694966771922,0.028723264049758654,-0.012688907394242565,0.02934046371764782,0.026381867666973768,0.02782534449756483,-0.0003352035219738772,0.026533098504159774,-0.030214453141944552,0.026072352852825133
2023-09-01,0.011354794125094367,0.014956896341541062,0.01143924366283905,0.012799022077341082,0.008731271916168497,0.0050459796960760205,0.014684816233701995,0.010116194245339593,0.011562090995454424,0.00770545344081502,-0.0061191075992522645,-0.0061191075992522645,0.00041226929460442684,-0.0061191075992522645,0.02365224903617876,0.011354794125094367,-0.039213372331816626,0.006034971233700187,0.023611079754361518,0.011562090995454424,0.013392003166258139,0.015774922435182248,-0.0054281253909681994,0.019007304270403327,-0.039213372331816626,-0.0025518083326705656
2023-12-01,0.007901556265880556,0.0022929828569341316,0.005993083520646552,0.004614732917590315,0.003516813029906072,0.002266130446503037,0.014950665391338111,-0.00550950308511669,0.0015971653703589354,0.011664304744281345,-0.009476630054408113,0.008800274871891322,0.003723450594459707,0.007901556265880556,0.0019911015048355743,0.007901556265880556,0.010987493808036522,0.008532569846880647,0.007103544739575102,0.0015971653703589354,0.014705968455029616,0.013903190943009498,0.009142043600985101,0.010595818936864525,-0.04265414208664031,0.00746590756738299
2024-03-01,0.0020593595691025257,0.007824111729860306,0.009286866523325443,0.009286866523325443,0.007824111729860306,0.005689480807632208,0.014837990514934063,0.005689480807632208,0.007745988667011261,0.007824111729860306,0.008311129175126553,0.008311007171869278,0.009208744391798973,0.008311007171869278,0.009234519675374031,0.008311007171869278,0.007824111729860306,0.011627866886556149,0.009286866523325443,0.007745988667011261,0.009839694947004318,0.007824111729860306,0.013931513763964176,0.007360807154327631,0.009218679741024971,0.007745988667011261
2024-06-01,0.007903283461928368,0.00828839372843504,0.011262831278145313,0.008196390233933926,0.003755007404834032,0.019436346367001534,0.011262831278145313,0.006431656889617443,0.008674382232129574,0.008674382232129574,-0.01942170225083828,0.007903283461928368,0.008196390233933926,0.002953748684376478,0.008674382232129574,0.002953748684376478,0.008196390233933926,0.011262831278145313,0.008196390233933926,0.007037858944386244,0.008674382232129574,0.008674382232129574,0.008196390233933926,0.008674382232129574,-0.18144360184669495,0.008674382232129574
2024-09-01,0.009552286006510258,0.00012294019688852131,0.008751695975661278,0.009456486441195011,-0.0006108271772973239,0.00902567058801651,0.01288278866559267,0.0018291797023266554,0.009422470815479755,0.008751695975661278,0.007905378937721252,0.007171612698584795,0.008529252372682095,0.009552286006510258,0.008751695975661278,0.007171612698584795,0.005422436166554689,0.009696445427834988,0.008785711601376534,0.009422470815479755,0.012608814053237438,0.009422470815479755,0.007666848134249449,0.008529252372682095,0.009699421003460884,0.009422470815479755
2024-12-01,0.012527329847216606,-0.011580529622733593,0.004615012090653181,0.007920476607978344,-0.011580529622733593,-0.0023704429622739553,0.003927143756300211,-0.0021362171974033117,0.006489388179033995,0.003927143756300211,0.004569109063595533,0.007920476607978344,0.0027572461403906345,0.007920476607978344,0.003927143756300211,0.0021694174502044916,0.010602104477584362,0.007920476607978344,0.003927143756300211,0.006489388179033995,0.004615012090653181,0.007920476607978344,0.004615012090653181,0.006489388179033995,0.0024858079850673676,0.010941766202449799
2025-03-01,0.008483759127557278,0.0070829070173203945,0.0070829070173203945,0.008483759127557278,0.0070829070173203945,-0.01480715349316597,0.0031783487647771835,0.0038554552011191845,0.0038554552011191845,-0.004029156640172005,0.0070829070173203945,0.008483759127557278,0.0038554552011191845,0.008483759127557278,0.008483759127557278,0.008483759127557278,0.008483759127557278,0.0031783487647771835,0.008483759127557278,0.0038554552011191845,0.0070829070173203945,0.008483759127557278,0.01030184980481863,0.0038554552011191845,0.0070829070173203945,0.014077495783567429
2025-06-01,0.009022356010973454,0.007984464056789875,0.007984464056789875,0.008275377564132214,0.007984464056789875,-0.006570722442120314,0.007984464056789875,0.004967671353369951,0.009143858216702938,0.009143858216702938,0.007984464056789875,-0.03933168575167656,0.005057908594608307,0.009143858216702938,0.005425087176263332,-0.03933168575167656,0.009800156578421593,-0.006358983926475048,0.005425087176263332,0.009143858216702938,0.009234094992280006,0.009143858216702938,0.007756085135042667,0.009143858216702938,0.005425087176263332,0.011364861391484737
2025-09-01,0.0011926037527399973,0.006968419232416871,0.0022375822597337845,0.016167243982956818,0.005389896791935178,-0.03747125745125649,-0.005840289647237123,-0.00032804087197657974,0.009093595441342228,0.0024598537357053314,0.008271171626872728,-0.0013477222964689535,0.0005249167445127984,0.0043218019389174725,-0.0025865897188196325,-0.009913643790819967,0.020082287529909232,-0.003224012893675554,-0.004694200351293509,0.0034479067816396915,-0.0020332236733413478,0.00338985004211655,0.0019744426100832945,0.0014028264203150387,-0.005117321854043271,0.00631273944633494
