gvkey,predicted_return,trade_date
3226,0.0538267008960247,2001-06-01
4066,0.0514179430902004,2001-06-01
13714,0.0498000271618366,2001-06-01
6136,0.057127824232396,2001-09-01
125240,0.0610885126973564,2001-09-01
126136,0.0658378446010975,2001-09-01
2136,0.0546429742083087,2001-12-01
4066,0.0454702651068833,2001-12-01
125240,0.0546516453664331,2001-12-01
3226,0.0639181752966083,2002-03-01
64630,0.0643365398157806,2002-03-01
126136,0.0857746110802271,2002-03-01
3226,0.0514978318890173,2002-06-01
3980,0.0607825220439012,2002-06-01
126136,0.0549129137572906,2002-06-01
3980,0.0680565004285674,2002-09-01
64630,0.0648665955631693,2002-09-01
126136,0.0755036929756594,2002-09-01
147579,0.0703862916800946,2002-09-01
4066,0.0490626531121606,2002-12-01
9899,0.0599923114872809,2002-12-01
64630,0.0460625120288583,2002-12-01
125240,0.0416415718288873,2002-12-01
3980,0.0627466115046152,2003-03-01
16721,0.0509247819666327,2003-03-01
64630,0.0603074637870163,2003-03-01
147579,0.06295594599572,2003-03-01
3980,0.0624461936404957,2003-06-01
6136,0.0557825083882273,2003-06-01
9899,0.0562028437426439,2003-06-01
147579,0.0528061638147688,2003-06-01
3980,0.0640562251592738,2003-09-01
4066,0.0472818639450165,2003-09-01
6136,0.0528312753887172,2003-09-01
147579,0.0374581077730891,2003-09-01
3226,0.0226837005466222,2003-12-01
6136,0.0569831505417823,2003-12-01
126136,0.0678370893001556,2003-12-01
147579,0.0216476246714591,2003-12-01
6136,0.1032113954424858,2004-03-01
9899,0.0424431450664997,2004-03-01
125240,0.037512619048357,2004-03-01
126136,0.0869905725121498,2004-03-01
9899,0.0220540501056,2004-06-01
26061,0.0405312258605,2004-06-01
64630,0.0149748310174345,2004-06-01
147579,0.0273254223373036,2004-06-01
3980,0.0231839437037706,2004-09-01
6136,0.0360550470650196,2004-09-01
64630,0.0233174450695514,2004-09-01
125240,0.0260185375809669,2004-09-01
3226,0.0234158150851726,2004-12-01
6136,0.0388947427272796,2004-12-01
13714,0.0246419869363307,2004-12-01
64630,0.03439387306571,2004-12-01
3226,0.0209992136806249,2005-03-01
6136,0.0380008295178413,2005-03-01
64630,0.0187949631363153,2005-03-01
147579,0.0305858124047517,2005-03-01
3226,0.0195278525352478,2005-06-01
6136,0.0195278525352478,2005-06-01
125240,0.0195278525352478,2005-06-01
147579,0.0417280942201614,2005-06-01
160329,0.0195278525352478,2005-06-01
3226,0.0178153701126575,2005-09-01
125240,0.0178153701126575,2005-09-01
147579,0.037378117442131,2005-09-01
160329,0.0170856453478336,2005-09-01
6136,0.04156019058367,2005-12-01
26061,0.0186494522411423,2005-12-01
64630,0.0395715889697765,2005-12-01
125240,0.0213874098450055,2005-12-01
26061,0.0387110039591789,2006-03-01
64630,0.0435447879135608,2006-03-01
147579,0.0437914542853832,2006-03-01
160329,0.0420191325247287,2006-03-01
6136,0.02336393785537,2006-06-01
13714,0.0201456697145818,2006-06-01
64630,0.0236631567285595,2006-06-01
165746,0.0179106661243392,2006-06-01
9899,0.0184329689752141,2006-09-01
26061,0.0181590686140936,2006-09-01
147579,0.0290008793233148,2006-09-01
160329,0.0180704418571297,2006-09-01
6136,0.0497510186262532,2006-12-01
26061,0.0358842379989284,2006-12-01
147579,0.0667224464284983,2006-12-01
165746,0.0490216410520996,2006-12-01
2136,0.0229075887079975,2007-03-01
13714,0.03307611491876,2007-03-01
147579,0.0732206730880385,2007-03-01
160329,0.0449182227050461,2007-03-01
6136,0.0217939626566318,2007-06-01
147579,0.0425480126412821,2007-06-01
160329,0.0241947899087802,2007-06-01
164296,0.0330533313106187,2007-06-01
3980,0.0109603749588131,2007-09-01
13714,0.015020702034235,2007-09-01
147579,0.0230446830391883,2007-09-01
160329,0.0157757513225078,2007-09-01
3226,0.0274873692542314,2007-12-01
6136,0.0155840804800391,2007-12-01
126136,0.024390622973442,2007-12-01
165746,0.0235475283116102,2007-12-01
2136,0.0230484679341316,2008-03-01
3226,0.0177940130233764,2008-03-01
6136,0.0177940130233764,2008-03-01
64630,0.0177940130233764,2008-03-01
125240,0.0177940130233764,2008-03-01
147579,0.0177940130233764,2008-03-01
165746,0.0177940130233764,2008-03-01
2136,0.0179026033729314,2008-06-01
64630,0.0247010998427867,2008-06-01
126136,0.0862647145986557,2008-06-01
160329,0.0166357662528753,2008-06-01
6136,0.0164927318692207,2008-09-01
64630,0.0167642626911401,2008-09-01
126136,0.0842582881450653,2008-09-01
165746,0.0164927318692207,2008-09-01
2136,0.0123889856040477,2008-12-01
3980,0.0123889856040477,2008-12-01
9899,0.0123889856040477,2008-12-01
64630,0.0164600443094968,2008-12-01
126136,0.0817086100578308,2008-12-01
147579,0.0164600443094968,2008-12-01
64630,0.0231538069497073,2009-03-01
125240,0.022857170254179,2009-03-01
147579,0.0237881251555443,2009-03-01
160329,0.0216245349938574,2009-03-01
6136,0.0145351618760068,2009-06-01
13714,0.0102693581657825,2009-06-01
64630,0.0102251405763974,2009-06-01
126136,0.0102693581657825,2009-06-01
3226,0.0042550761347808,2009-09-01
13714,0.004163775755075,2009-09-01
126136,0.0182162929178003,2009-09-01
160329,0.0054833135692213,2009-09-01
9899,0.003060600164697,2009-12-01
13714,-0.0011851557110018,2009-12-01
125240,0.008332104137207,2009-12-01
165746,-0.0011851557110018,2009-12-01
2136,-0.0248731225728988,2010-03-01
3226,-0.0248731225728988,2010-03-01
3980,-0.0248731225728988,2010-03-01
4066,-0.0248731225728988,2010-03-01
6136,-0.0248731225728988,2010-03-01
9899,-0.0248731225728988,2010-03-01
13714,-0.0248731225728988,2010-03-01
16721,-0.0109517127275466,2010-03-01
125240,-0.0248731225728988,2010-03-01
147579,-0.0248731225728988,2010-03-01
160329,-0.0248731225728988,2010-03-01
164296,-0.0248731225728988,2010-03-01
3226,-0.0176573288860546,2010-06-01
9899,-0.0105357903354127,2010-06-01
26061,0.000142370872427,2010-06-01
160329,-0.015431677760597,2010-06-01
3226,-0.0166154317557811,2010-09-01
13714,-0.0166154317557811,2010-09-01
16721,0.0153794316574931,2010-09-01
26061,0.010063056834042,2010-09-01
125240,-0.0166154317557811,2010-09-01
164296,-0.0166154317557811,2010-09-01
3226,0.0040903210130189,2010-12-01
26061,0.0230814046789182,2010-12-01
125240,0.0126951146164761,2010-12-01
160329,0.0086140573420943,2010-12-01
3226,0.017359908692447,2011-03-01
26061,0.0084044090323884,2011-03-01
125240,0.0206397550937146,2011-03-01
164296,0.0067126872102337,2011-03-01
9899,0.0323749048861801,2011-06-01
26061,0.0231163140346115,2011-06-01
125240,0.0320880524738693,2011-06-01
160329,0.0586953161731965,2011-06-01
9899,0.0414475133558097,2011-09-01
16721,0.0286932390135684,2011-09-01
125240,0.0431675769288482,2011-09-01
147579,0.0325901989278023,2011-09-01
6136,0.0135972788923091,2011-12-01
64630,0.0311837171776931,2011-12-01
125240,0.0241320005678487,2011-12-01
126136,0.0291165826260255,2011-12-01
165746,0.0135972788923091,2011-12-01
4066,0.0101091577556481,2012-03-01
6136,0.0101091577556481,2012-03-01
13714,0.0101091577556481,2012-03-01
125240,0.0157422851971662,2012-03-01
147579,0.0101091577556481,2012-03-01
164296,0.0101091577556481,2012-03-01
165746,0.019100267088773,2012-03-01
2136,0.0026752457488328,2012-06-01
3226,0.0026752457488328,2012-06-01
3980,0.0026752457488328,2012-06-01
4066,0.0026752457488328,2012-06-01
6136,0.0026752457488328,2012-06-01
9899,0.0026752457488328,2012-06-01
13714,0.0026752457488328,2012-06-01
16721,0.0026752457488328,2012-06-01
26061,0.0026752457488328,2012-06-01
64630,0.0026752457488328,2012-06-01
125240,0.0126770585775375,2012-06-01
126136,0.0026752457488328,2012-06-01
147579,0.0026752457488328,2012-06-01
160329,0.0026752457488328,2012-06-01
164296,0.0026752457488328,2012-06-01
165746,0.0158740952610969,2012-06-01
6136,0.0169630553573369,2012-09-01
64630,0.0106570068746805,2012-09-01
125240,0.0106570068746805,2012-09-01
147579,0.0169630553573369,2012-09-01
165746,0.0169630553573369,2012-09-01
64630,0.0350028631070422,2012-12-01
125240,0.0446441668688034,2012-12-01
126136,0.0239076710321876,2012-12-01
147579,0.0357937090418526,2012-12-01
165746,0.0444519571382841,2012-12-01
26061,0.0186131121241436,2013-03-01
64630,0.0873457376172022,2013-03-01
125240,0.0663078636454419,2013-03-01
160329,0.0168077327918982,2013-03-01
170617,0.0728769566650285,2013-03-01
6136,0.0265558338256325,2013-06-01
26061,0.0278469968130888,2013-06-01
125240,0.0543890170561828,2013-06-01
126136,0.0436959576274657,2013-06-01
170617,0.0834008659795132,2013-06-01
13714,0.0243063409596606,2013-09-01
18043,0.0319821643954365,2013-09-01
26061,0.0231761413945824,2013-09-01
125240,0.0309948258434278,2013-09-01
126136,0.0399455585075496,2013-09-01
9899,0.0396826974544164,2013-12-01
13714,0.0438284190146181,2013-12-01
16721,0.0260073085468873,2013-12-01
125240,0.0294407703222224,2013-12-01
126136,0.0331521930478801,2013-12-01
2136,0.0152842253446578,2014-03-01
3226,0.0152842253446578,2014-03-01
3980,0.0152842253446578,2014-03-01
4066,0.0152842253446578,2014-03-01
6136,0.0152842253446578,2014-03-01
9899,0.0152842253446578,2014-03-01
13714,0.0152842253446578,2014-03-01
16721,0.0152842253446578,2014-03-01
17874,0.0152842253446578,2014-03-01
18043,0.0152842253446578,2014-03-01
26061,0.0152842253446578,2014-03-01
64630,0.0152842253446578,2014-03-01
125240,0.0152842253446578,2014-03-01
126136,0.0152842253446578,2014-03-01
147579,0.0152842253446578,2014-03-01
160329,0.0152842253446578,2014-03-01
164296,0.0152842253446578,2014-03-01
165746,0.0152842253446578,2014-03-01
170617,0.0152842253446578,2014-03-01
2136,0.0360335951870483,2014-06-01
9899,0.0383891969991736,2014-06-01
13714,0.0545377940013831,2014-06-01
64630,0.0548530245887665,2014-06-01
126136,0.0597117227742185,2014-06-01
4066,0.0487898591687058,2014-09-01
13714,0.0617267004384086,2014-09-01
64630,0.0742321417143112,2014-09-01
126136,0.0645697554973785,2014-09-01
170617,0.0389672074425992,2014-09-01
2136,0.0210870448499918,2014-12-01
3226,0.0210870448499918,2014-12-01
3980,0.0210870448499918,2014-12-01
4066,0.0210870448499918,2014-12-01
6136,0.0210870448499918,2014-12-01
9899,0.0210870448499918,2014-12-01
13714,0.0227002594619989,2014-12-01
16721,0.0210870448499918,2014-12-01
17874,0.0210870448499918,2014-12-01
18043,0.0210870448499918,2014-12-01
26061,0.0210870448499918,2014-12-01
64630,0.0227002594619989,2014-12-01
126136,0.0235318355262279,2014-12-01
147579,0.0210870448499918,2014-12-01
160329,0.0210870448499918,2014-12-01
164296,0.0210870448499918,2014-12-01
170617,0.0541414245963096,2014-12-01
2136,0.0247820783406496,2015-03-01
3226,0.0247820783406496,2015-03-01
3980,0.0247820783406496,2015-03-01
4066,0.0247820783406496,2015-03-01
6136,0.0247820783406496,2015-03-01
9899,0.0247820783406496,2015-03-01
13714,0.0247820783406496,2015-03-01
16721,0.0247820783406496,2015-03-01
17874,0.0247820783406496,2015-03-01
18043,0.0247820783406496,2015-03-01
26061,0.0247820783406496,2015-03-01
64630,0.0247820783406496,2015-03-01
125240,0.0370799005031585,2015-03-01
126136,0.0247820783406496,2015-03-01
147579,0.0247820783406496,2015-03-01
160329,0.0247820783406496,2015-03-01
164296,0.0247820783406496,2015-03-01
165746,0.0247820783406496,2015-03-01
2136,0.0391526632010936,2015-06-01
3226,0.0257165022194385,2015-06-01
3980,0.0257165022194385,2015-06-01
4066,0.0257165022194385,2015-06-01
6136,0.0257165022194385,2015-06-01
9899,0.0257165022194385,2015-06-01
13714,0.0257165022194385,2015-06-01
16721,0.0257165022194385,2015-06-01
17874,0.0257165022194385,2015-06-01
18043,0.0257165022194385,2015-06-01
26061,0.0257165022194385,2015-06-01
64630,0.0257165022194385,2015-06-01
125240,0.0415765829384326,2015-06-01
126136,0.0391526632010936,2015-06-01
147579,0.0257165022194385,2015-06-01
160329,0.0257165022194385,2015-06-01
164296,0.0257165022194385,2015-06-01
165746,0.0257165022194385,2015-06-01
2136,0.0256639495491981,2015-09-01
3226,0.0256639495491981,2015-09-01
3980,0.0256639495491981,2015-09-01
4066,0.0256639495491981,2015-09-01
6136,0.0256639495491981,2015-09-01
9899,0.0256639495491981,2015-09-01
13714,0.0256639495491981,2015-09-01
16721,0.0256639495491981,2015-09-01
17874,0.0256639495491981,2015-09-01
18043,0.0256639495491981,2015-09-01
26061,0.0256639495491981,2015-09-01
64630,0.0256639495491981,2015-09-01
125240,0.0256639495491981,2015-09-01
126136,0.0466962158679962,2015-09-01
147579,0.0256639495491981,2015-09-01
160329,0.0256639495491981,2015-09-01
164296,0.0256639495491981,2015-09-01
165746,0.0256639495491981,2015-09-01
170617,0.0256639495491981,2015-09-01
13714,0.0321426131266349,2015-12-01
26061,0.0321022133092455,2015-12-01
64630,0.0371113452478628,2015-12-01
125240,0.0411660391533887,2015-12-01
126136,0.0868708846196245,2015-12-01
17874,0.0312550138949441,2016-03-01
26061,0.0339011205649283,2016-03-01
125240,0.0370374077747511,2016-03-01
126136,0.0461872957882023,2016-03-01
165746,0.034015563155187,2016-03-01
16721,0.0305896823851024,2016-06-01
17874,0.0327582355734736,2016-06-01
26061,0.0333844445175014,2016-06-01
125240,0.0358573576301254,2016-06-01
170617,0.0310626906996822,2016-06-01
4066,0.03078368678689,2016-09-01
6136,0.03078368678689,2016-09-01
13714,0.03078368678689,2016-09-01
18043,0.0451085865497589,2016-09-01
125240,0.0430879704654216,2016-09-01
147579,0.0462350137531757,2016-09-01
164296,0.03078368678689,2016-09-01
6136,0.0466382709187969,2016-12-01
13714,0.0550080469286944,2016-12-01
27885,0.0901171521374361,2016-12-01
125240,0.0665902764953369,2016-12-01
147579,0.0686092812514433,2016-12-01
4066,0.0339910946786403,2017-03-01
6136,0.0339910946786403,2017-03-01
13714,0.0339910946786403,2017-03-01
27885,0.073123037815094,2017-03-01
147579,0.0339910946786403,2017-03-01
160329,0.0352173931896686,2017-03-01
13714,0.0591223881153351,2017-06-01
27885,0.0795468818422485,2017-06-01
125240,0.0626717007212524,2017-06-01
126136,0.0715395022422657,2017-06-01
147579,0.0628859355849913,2017-06-01
13714,0.0831641078392739,2017-09-01
27885,0.0916549500248763,2017-09-01
125240,0.0667684092003642,2017-09-01
126136,0.0963165334417363,2017-09-01
147579,0.0587154602214046,2017-09-01
27885,0.0915899322358966,2017-12-01
125240,0.0568421430861848,2017-12-01
126136,0.0868239472497239,2017-12-01
147579,0.0607441795774732,2017-12-01
164296,0.0501594148432309,2017-12-01
13714,0.0811382370903256,2018-03-01
27885,0.0739339642612534,2018-03-01
125240,0.0670896415758697,2018-03-01
126136,0.1040884243439947,2018-03-01
164296,0.0497120381674621,2018-03-01
9899,0.0435144812371349,2018-06-01
26061,0.0419399045268561,2018-06-01
27885,0.0649743701251551,2018-06-01
125240,0.0412905159190206,2018-06-01
170617,0.0418673949238779,2018-06-01
13714,0.0627334808084806,2018-09-01
26061,0.0532467772031355,2018-09-01
27885,0.0965634729498689,2018-09-01
126136,0.0736913081984284,2018-09-01
147579,0.0665332642877114,2018-09-01
13714,0.0555579958996718,2018-12-01
27885,0.0816069698752918,2018-12-01
125240,0.0722534565177856,2018-12-01
126136,0.0829035111057578,2018-12-01
147579,0.0781269800375435,2018-12-01
13714,0.0608338824856866,2019-03-01
18043,0.0543431397413762,2019-03-01
27885,0.053956764287672,2019-03-01
125240,0.0452994362063428,2019-03-01
126136,0.0935282471512956,2019-03-01
17874,0.0465791598047088,2019-06-01
27885,0.0582999810794999,2019-06-01
34636,0.0482511006819839,2019-06-01
125240,0.0604606103634709,2019-06-01
126136,0.0774724250117339,2019-06-01
147579,0.0534761796766556,2019-06-01
13714,0.0584482472653229,2019-09-01
27885,0.0838473202033339,2019-09-01
64630,0.0706672129245267,2019-09-01
125240,0.0700676187450348,2019-09-01
126136,0.0950610051612667,2019-09-01
147579,0.0568165321448032,2019-09-01
16721,0.0485539473593235,2019-12-01
26061,0.04945595189929,2019-12-01
27885,0.0729659274220466,2019-12-01
64630,0.0485539473593235,2019-12-01
160329,0.0485539473593235,2019-12-01
170617,0.0485539473593235,2019-12-01
6136,0.0509927245237541,2020-03-01
13714,0.0511411220800522,2020-03-01
27885,0.0883100641863394,2020-03-01
34636,0.055039843466861,2020-03-01
164296,0.0479109250917846,2020-03-01
165746,0.0600876216546246,2020-03-01
9899,0.057832584714092,2020-06-01
13714,0.1038658074427747,2020-06-01
18043,0.1189779388230459,2020-06-01
34636,0.0626666654178737,2020-06-01
64630,0.0873230818144577,2020-06-01
125240,0.0514963752967116,2020-06-01
3980,0.0577353359100143,2020-09-01
13714,0.0947019870671187,2020-09-01
18043,0.0806443409484156,2020-09-01
26061,0.096661792307395,2020-09-01
126136,0.0818306669607742,2020-09-01
165746,0.0824101596027523,2020-09-01
13714,0.0539258827987577,2020-12-01
26061,0.071932502387565,2020-12-01
27885,0.0684339746321358,2020-12-01
34636,0.0537391725180028,2020-12-01
126136,0.0820964791417485,2020-12-01
165746,0.0725838039684995,2020-12-01
3980,0.0433306166606692,2021-03-01
17874,0.0413579472812933,2021-03-01
26061,0.0471414528658435,2021-03-01
27885,0.0587396810488574,2021-03-01
64630,0.0408060677092949,2021-03-01
126136,0.0407747603924967,2021-03-01
3980,0.035433060300071,2021-06-01
17874,0.0306269603755823,2021-06-01
18043,0.0418303966444024,2021-06-01
26061,0.0425939098558739,2021-06-01
64630,0.033681971930065,2021-06-01
164296,0.0373496514097657,2021-06-01
16721,0.0383933000266552,2021-09-01
18043,0.0389680303633213,2021-09-01
125240,0.0520901121199131,2021-09-01
147579,0.0383933000266552,2021-09-01
165746,0.0392227470874786,2021-09-01
170617,0.0383933000266552,2021-09-01
3226,0.0361600406467914,2021-12-01
17874,0.0363363400101661,2021-12-01
27885,0.037749495357275,2021-12-01
126136,0.0433035343885421,2021-12-01
147579,0.0482246540486812,2021-12-01
165746,0.0482246540486812,2021-12-01
13714,0.0607875213027,2022-03-01
17874,0.0412044450640678,2022-03-01
26061,0.0412044450640678,2022-03-01
27885,0.0479041114449501,2022-03-01
126136,0.0412044450640678,2022-03-01
147579,0.0617895536124706,2022-03-01
13714,0.0558032588389474,2022-06-01
16721,0.0458600109327841,2022-06-01
17874,0.0454028761862602,2022-06-01
18043,0.0575832961546573,2022-06-01
64630,0.0599425852199933,2022-06-01
160329,0.073786957860091,2022-06-01
3226,0.0395294092595577,2022-09-01
13714,0.0608071386814117,2022-09-01
16721,0.0466276668012142,2022-09-01
17874,0.0410925708711147,2022-09-01
26061,0.0466276668012142,2022-09-01
147579,0.0395294092595577,2022-09-01
170617,0.0466276668012142,2022-09-01
13714,0.0445398762822151,2022-12-01
27885,0.0788037255406379,2022-12-01
64630,0.0597036816179752,2022-12-01
125240,0.0457365959882736,2022-12-01
164296,0.0663273259997367,2022-12-01
165746,0.0432825870811939,2022-12-01
13714,0.0707065480151794,2023-03-01
27885,0.080864011932076,2023-03-01
64630,0.0500071107792117,2023-03-01
147579,0.0489308866753095,2023-03-01
160329,0.0534941951979917,2023-03-01
164296,0.0598419039420215,2023-03-01
3226,0.0344979986548423,2023-06-01
9899,0.0372017174959182,2023-06-01
16721,0.0344979986548423,2023-06-01
18043,0.037327617406845,2023-06-01
26061,0.0416297763586044,2023-06-01
147579,0.0344979986548423,2023-06-01
164296,0.0361384227871894,2023-06-01
170617,0.0416297763586044,2023-06-01
9899,0.067958265542984,2023-09-01
13714,0.0534557625651359,2023-09-01
18043,0.0383941531181335,2023-09-01
27885,0.0400254242122173,2023-09-01
64630,0.0338080711662769,2023-09-01
164296,0.0375383831560611,2023-09-01
13714,0.0301565583795309,2023-12-01
18043,0.0448035486042499,2023-12-01
64630,0.0368804261088371,2023-12-01
160329,0.0290104765444993,2023-12-01
164296,0.0301565583795309,2023-12-01
170617,0.0270718596875667,2023-12-01
6136,0.0339095060314479,2024-03-01
9899,0.0349890813928184,2024-03-01
13714,0.0524958665443384,2024-03-01
27885,0.0682657217087951,2024-03-01
160329,0.0492867820290541,2024-03-01
164296,0.0528011412834579,2024-03-01
6136,0.0251920446753501,2024-06-01
9899,0.0251920446753501,2024-06-01
18043,0.0251920446753501,2024-06-01
26061,0.0379245281219482,2024-06-01
27885,0.0251920446753501,2024-06-01
64630,0.0408763065934181,2024-06-01
164296,0.0629851594567298,2024-06-01
165746,0.0251920446753501,2024-06-01
2136,0.0289411647709099,2024-09-01
6136,0.0281783428280874,2024-09-01
13714,0.0409552318436466,2024-09-01
16721,0.0285218705595464,2024-09-01
27885,0.0319803887092262,2024-09-01
164296,0.0409552318436466,2024-09-01
13714,0.0189969845091824,2024-12-01
26061,0.0330840632716524,2024-12-01
27885,0.0560816190476176,2024-12-01
164296,0.0327370392994126,2024-12-01
165746,0.0111404026596409,2024-12-01
170617,0.0128315465559834,2024-12-01
6136,0.0343175171629874,2025-03-01
13714,0.0330833353832829,2025-03-01
26061,0.0248460882074485,2025-03-01
27885,0.020681625568878,2025-03-01
125240,0.0306689425673895,2025-03-01
164296,0.0285637933866285,2025-03-01
9899,0.0211233422160148,2025-06-01
27885,0.0189169999212026,2025-06-01
34636,0.0197269152849912,2025-06-01
64630,0.0211233422160148,2025-06-01
164296,0.0484339371323585,2025-06-01
170617,0.0194678604602813,2025-06-01
6136,0.0234781026900898,2025-09-01
9899,0.0178040483235699,2025-09-01
27885,0.0350975997503361,2025-09-01
34636,0.0189869726783347,2025-09-01
64630,0.0268132253854064,2025-09-01
147579,0.0199629017665181,2025-09-01
4383,0.0137415904965646,2001-06-01
8099,0.0174926282794265,2001-06-01
9846,0.0322093992721354,2001-06-01
11550,0.0167547120694946,2001-06-01
11554,0.0119747163048353,2001-06-01
24216,0.0147809762739676,2001-06-01
135990,0.0323891804913164,2001-06-01
4383,0.0164728302390226,2001-09-01
7970,0.0170996109472249,2001-09-01
8264,0.0318287758636589,2001-09-01
8272,0.019430844171193,2001-09-01
9846,0.017577094282541,2001-09-01
11550,0.0174773446923594,2001-09-01
135990,0.0123538837871031,2001-09-01
7970,0.0564251445551652,2001-12-01
7974,0.0472090228995917,2001-12-01
8264,0.0619197433492401,2001-12-01
8455,0.0447193562001792,2001-12-01
9846,0.054745439094408,2001-12-01
24216,0.0581247216632774,2001-12-01
135990,0.0487882946601231,2001-12-01
4517,0.030334148555994,2002-03-01
6338,0.0219543296843767,2002-03-01
7970,0.0224178098142147,2002-03-01
7974,0.0203327238559722,2002-03-01
8272,0.019740056246519,2002-03-01
11550,0.0425375029444694,2002-03-01
135990,0.0440276078879833,2002-03-01
3439,0.024667126745925,2002-06-01
7974,0.0284805839624461,2002-06-01
8272,0.027105399181159,2002-06-01
8455,0.027032779238175,2002-06-01
11550,0.0300698971211295,2002-06-01
24216,0.0297174847694354,2002-06-01
135990,0.0246195722461906,2002-06-01
3439,0.0174999926239252,2002-09-01
6338,0.0171964336186647,2002-09-01
7970,0.0245959851890802,2002-09-01
8264,0.0219897720962762,2002-09-01
8272,0.0476906299591064,2002-09-01
8810,0.015636021271348,2002-09-01
11554,0.015636021271348,2002-09-01
3439,0.0127916438505053,2002-12-01
6338,0.0127916438505053,2002-12-01
7970,0.0127916438505053,2002-12-01
8272,0.0127916438505053,2002-12-01
8455,0.0127916438505053,2002-12-01
8810,0.0127916438505053,2002-12-01
9846,0.0127916438505053,2002-12-01
11550,0.0127916438505053,2002-12-01
3439,0.0630393847823143,2003-03-01
6338,0.0257604997605085,2003-03-01
8264,0.0498999170958995,2003-03-01
8455,0.0246800184249877,2003-03-01
8810,0.0237803179770708,2003-03-01
11554,0.0255780518054962,2003-03-01
24216,0.068478338420391,2003-03-01
3439,0.0206263959407806,2003-06-01
5742,0.0206263959407806,2003-06-01
7977,0.0106577603146433,2003-06-01
8264,0.0289031062275171,2003-06-01
8455,0.0106577603146433,2003-06-01
8810,0.0110610332340002,2003-06-01
9846,0.0106577603146433,2003-06-01
24216,0.0261705704033374,2003-06-01
3439,0.0317617047034605,2003-09-01
4383,0.0186873182936392,2003-09-01
5742,0.0187355887570457,2003-09-01
6338,0.0171239831987525,2003-09-01
7366,0.0193769408441867,2003-09-01
7970,0.027019521433946,2003-09-01
9846,0.0170897034926324,2003-09-01
3413,-0.0032203220762312,2003-12-01
3897,-0.0032203220762312,2003-12-01
4383,-0.0041467258706688,2003-12-01
7977,-0.0030960314907133,2003-12-01
8264,-0.0059838234446942,2003-12-01
8272,-0.0059838234446942,2003-12-01
10860,-0.0032203220762312,2003-12-01
11554,-0.0023308522067964,2003-12-01
3439,0.0509670950592536,2004-03-01
3897,0.0189777546045415,2004-03-01
6338,0.0187283432284534,2004-03-01
7977,0.0152807175957524,2004-03-01
8272,0.0300690050193233,2004-03-01
11554,0.0166259947731451,2004-03-01
135990,0.0230448589568174,2004-03-01
3897,-0.0036243232898414,2004-06-01
4093,-0.0040868469513952,2004-06-01
4517,-0.0046270573511719,2004-06-01
7974,-0.0022818546276539,2004-06-01
7977,-0.0046270573511719,2004-06-01
8272,-0.0022818546276539,2004-06-01
8455,-0.0046158717013895,2004-06-01
8810,-0.0046158717013895,2004-06-01
11550,-0.0046270573511719,2004-06-01
135990,-0.0046270573511719,2004-06-01
3439,0.0297441353703199,2004-09-01
4517,0.0183814307689958,2004-09-01
6338,0.0115430329807492,2004-09-01
7970,0.0099897759574111,2004-09-01
9846,0.0133826726023117,2004-09-01
24216,0.0127621618221827,2004-09-01
135990,0.0305103050152838,2004-09-01
3439,0.0695757294192514,2004-12-01
4383,0.031485450911954,2004-12-01
7970,0.0377737996814736,2004-12-01
9846,0.0386667295725765,2004-12-01
10860,0.0297302595477022,2004-12-01
11554,0.0340553578333148,2004-12-01
135990,0.046710125553283,2004-12-01
3439,0.0736957343788513,2005-03-01
7974,0.0245371192351543,2005-03-01
8272,0.0268131033533259,2005-03-01
9846,0.0402492927567591,2005-03-01
11550,0.0210410617683223,2005-03-01
11554,0.0231042662471149,2005-03-01
135990,0.026460406471442,2005-03-01
3439,0.0677223425701202,2005-06-01
4383,0.0292029699534725,2005-06-01
7974,0.0285045075346201,2005-06-01
8272,0.032807083389955,2005-06-01
9846,0.0312164312262393,2005-06-01
11550,0.0312360986588851,2005-06-01
135990,0.0202442785841817,2005-06-01
3439,0.0396345630546561,2005-09-01
6338,0.0151839952154114,2005-09-01
8264,0.0183428648801463,2005-09-01
9846,0.0206305383233007,2005-09-01
11554,0.0112101879687375,2005-09-01
24216,0.0206644470298387,2005-09-01
135990,0.0228638764363786,2005-09-01
3439,0.0413738687758116,2005-12-01
6338,0.0222128350788467,2005-12-01
7977,0.0220837398059338,2005-12-01
9846,0.0301793311627251,2005-12-01
11554,0.0212931083446774,2005-12-01
24216,0.0379747188247209,2005-12-01
135990,0.021055977287327,2005-12-01
3439,0.0302186643791301,2006-03-01
3897,0.0197124702193957,2006-03-01
5742,0.0474966104039393,2006-03-01
7974,0.017236739113644,2006-03-01
8272,0.016366563576677,2006-03-01
24216,0.0273727943410498,2006-03-01
135990,0.0302687169461979,2006-03-01
3439,0.0584665995945605,2006-06-01
4029,0.0235791827965919,2006-06-01
4383,0.0251199639144939,2006-06-01
5742,0.0281276212355343,2006-06-01
6338,0.0281084576299036,2006-06-01
8272,0.026036307364628,2006-06-01
24216,0.041629909148428,2006-06-01
1075,0.0252146077419219,2006-09-01
3439,0.0666453451402931,2006-09-01
3897,0.0272847114641065,2006-09-01
4517,0.0274107576656905,2006-09-01
5742,0.0285458261097887,2006-09-01
24216,0.0421181128328257,2006-09-01
135990,0.0304687862820053,2006-09-01
3439,0.0375083486576041,2006-12-01
7366,0.0468600510935821,2006-12-01
7970,0.0315681629784126,2006-12-01
7977,0.0300768933853397,2006-12-01
9846,0.0506318153103526,2006-12-01
24216,0.0453699167993325,2006-12-01
135990,0.0564033203805734,2006-12-01
3439,0.0248087723190001,2007-03-01
7366,0.0243414536036458,2007-03-01
7970,0.049619220541453,2007-03-01
9846,0.0384427953124633,2007-03-01
11554,0.0227456261907253,2007-03-01
24216,0.057069220584265,2007-03-01
135990,0.0455297704152881,2007-03-01
3439,0.0245822668476993,2007-06-01
4383,0.0245533990809956,2007-06-01
7366,0.0206969824367636,2007-06-01
7970,0.0441968852299536,2007-06-01
9846,0.0329855836486323,2007-06-01
24216,0.0362389305342354,2007-06-01
135990,0.025842545093575,2007-06-01
3439,0.0471795380150878,2007-09-01
3897,0.0197932311709652,2007-09-01
4383,0.0275986275056239,2007-09-01
7366,0.0201901318588571,2007-09-01
7970,0.0356761862292697,2007-09-01
24216,0.0445901742569521,2007-09-01
135990,0.0403348705670705,2007-09-01
3439,0.0412894409799121,2007-12-01
4093,0.0305066024189307,2007-12-01
7366,0.0296808372509577,2007-12-01
7970,0.0366300846961869,2007-12-01
9846,0.0291275534505001,2007-12-01
24216,0.0342794133155618,2007-12-01
135990,0.0395254857144588,2007-12-01
4383,0.029982225501652,2008-03-01
7366,0.0181401520006819,2008-03-01
7970,0.0405718489426495,2008-03-01
9846,0.0257329344373258,2008-03-01
11554,0.0460706172685749,2008-03-01
24216,0.0418225424748806,2008-03-01
135990,0.0263379744917737,2008-03-01
3413,0.0312935965131444,2008-06-01
3439,0.0723585764579953,2008-06-01
3897,0.0254159079804753,2008-06-01
4029,0.0224427164601228,2008-06-01
5742,0.0472480548954335,2008-06-01
8810,0.0221974916589772,2008-06-01
24216,0.0389119651768082,2008-06-01
1075,0.0285740425690256,2008-09-01
3413,0.0262196544934041,2008-09-01
4383,0.0220755370196244,2008-09-01
5742,0.035525971053608,2008-09-01
6338,0.0192942165792717,2008-09-01
10860,0.0245234155305719,2008-09-01
24216,0.0194351041780451,2008-09-01
179437,0.0248231051889842,2008-09-01
3439,0.0445823111780234,2008-12-01
3897,0.0321291348975625,2008-12-01
5742,0.0352999811148767,2008-12-01
7977,0.0359343677794074,2008-12-01
9846,0.0403480695535108,2008-12-01
11554,0.0355091100329505,2008-12-01
24216,0.0435525318015844,2008-12-01
135990,0.0344720133056695,2008-12-01
3439,0.0374967845869779,2009-03-01
3897,0.0381349003814086,2009-03-01
5742,0.0305477396357034,2009-03-01
9846,0.033291589373631,2009-03-01
11550,0.0285616948774575,2009-03-01
24216,0.0614360104243011,2009-03-01
135990,0.0480970408866602,2009-03-01
179437,0.0353631311170553,2009-03-01
3439,0.023430537601759,2009-06-01
3897,0.0247184233188494,2009-06-01
4093,0.0234158024049092,2009-06-01
7970,0.0238401006494279,2009-06-01
7974,0.0249453373840979,2009-06-01
9846,0.0260596720007274,2009-06-01
24216,0.0335311493658573,2009-06-01
135990,0.0307556778084497,2009-06-01
3439,0.0449410677997701,2009-09-01
4029,0.0368460642786204,2009-09-01
5742,0.0409137321618867,2009-09-01
6338,0.0318174763002953,2009-09-01
7970,0.0410782040552196,2009-09-01
9846,0.0450468333919667,2009-09-01
10860,0.0412501057068643,2009-09-01
24216,0.059804126719156,2009-09-01
3439,0.0426701934354357,2009-12-01
3897,0.0321498035539746,2009-12-01
5742,0.0324818788442993,2009-12-01
7366,0.0300619468400767,2009-12-01
9846,0.0370355316670822,2009-12-01
10860,0.0294886189098281,2009-12-01
24216,0.0377633639740644,2009-12-01
135990,0.0442858073019063,2009-12-01
3413,0.0179140478343693,2010-03-01
4383,0.0244094876847267,2010-03-01
4517,0.0195055851672885,2010-03-01
5742,0.0367370388392712,2010-03-01
7366,0.0188805889068038,2010-03-01
7970,0.0165373322806777,2010-03-01
9846,0.0242985419006049,2010-03-01
24216,0.0228125192461216,2010-03-01
1440,0.0207954028461906,2010-06-01
3439,0.039766786901398,2010-06-01
3897,0.0297939346060559,2010-06-01
4383,0.021973042654599,2010-06-01
4517,0.0245816013136298,2010-06-01
7974,0.0226377107098181,2010-06-01
10860,0.0206027573373545,2010-06-01
24216,0.0340857494679424,2010-06-01
3439,0.0475368369218032,2010-09-01
5742,0.0224673429856183,2010-09-01
7366,0.0198929643047802,2010-09-01
7970,0.020430648081039,2010-09-01
9846,0.0323573562687135,2010-09-01
10860,0.0401494367034277,2010-09-01
24216,0.0329802278831159,2010-09-01
135990,0.0477271863660636,2010-09-01
3413,0.0324796021592507,2010-12-01
3439,0.0495387186405757,2010-12-01
4517,0.0349694884303409,2010-12-01
8539,0.0421227029801644,2010-12-01
9846,0.0427554787669124,2010-12-01
10860,0.0588793890982143,2010-12-01
24216,0.0320994794215407,2010-12-01
135990,0.0529907218276056,2010-12-01
3413,0.033614131279024,2011-03-01
3897,0.0279649100482656,2011-03-01
5742,0.040423698231321,2011-03-01
7970,0.0346397030414009,2011-03-01
8099,0.0306406255573218,2011-03-01
8272,0.0297612951494905,2011-03-01
24216,0.0325446908349838,2011-03-01
135990,0.0620726342223091,2011-03-01
3439,0.0165302325040102,2011-06-01
3897,0.0163890179246664,2011-06-01
5742,0.015811488032341,2011-06-01
7974,0.0167416464537382,2011-06-01
8272,0.0163890179246664,2011-06-01
8539,0.0148042468354105,2011-06-01
9846,0.0144186941906809,2011-06-01
10860,0.0144186941906809,2011-06-01
11550,0.0148042468354105,2011-06-01
3439,0.0437064919460634,2011-09-01
3897,0.0409329936793391,2011-09-01
4517,0.03251519924651,2011-09-01
5742,0.0263835613753007,2011-09-01
8539,0.0267113074845582,2011-09-01
10860,0.0423222875747208,2011-09-01
24216,0.0345610816802458,2011-09-01
135990,0.0351459711455593,2011-09-01
3413,0.0360162968222955,2011-12-01
3439,0.0313098972941025,2011-12-01
3897,0.0588766531102023,2011-12-01
6338,0.0242002852527067,2011-12-01
8539,0.0373062368238495,2011-12-01
10860,0.0484668026939945,2011-12-01
24216,0.0399580197541006,2011-12-01
135990,0.027184250481555,2011-12-01
3413,0.0225361212348163,2012-03-01
3897,0.0313541932120519,2012-03-01
4517,0.0233522864300265,2012-03-01
5742,0.0252870844528294,2012-03-01
8455,0.0169926885176154,2012-03-01
8539,0.0234483965627629,2012-03-01
24216,0.0222799533707721,2012-03-01
135990,0.0413525488702281,2012-03-01
3413,0.0323751391677432,2012-06-01
3439,0.0231495753963693,2012-06-01
3897,0.0283512673469149,2012-06-01
5742,0.0378375011362926,2012-06-01
7366,0.019217541559956,2012-06-01
8455,0.0302912856952857,2012-06-01
11550,0.0182359258574743,2012-06-01
24216,0.0232749192066562,2012-06-01
3413,0.0282201421008741,2012-09-01
3439,0.030036610230976,2012-09-01
3897,0.0381419871017077,2012-09-01
5742,0.0307367394530881,2012-09-01
7366,0.0192480620222288,2012-09-01
8455,0.0239951315091011,2012-09-01
24216,0.0248624019800334,2012-09-01
135990,0.0397658907293282,2012-09-01
1075,0.026194610024994,2012-12-01
3413,0.0296184559476384,2012-12-01
3439,0.0399217142809334,2012-12-01
3897,0.0425217071887207,2012-12-01
5742,0.0346530250501972,2012-12-01
7977,0.0276052098555946,2012-12-01
10860,0.0447925049378717,2012-12-01
24216,0.0290547231190479,2012-12-01
1440,0.0160308252772181,2013-03-01
4383,0.026592444644376,2013-03-01
7366,0.0306470373703428,2013-03-01
8272,0.0164649649510823,2013-03-01
9850,0.0160308252772181,2013-03-01
10860,0.0169196997801818,2013-03-01
24216,0.0335069466906014,2013-03-01
135990,0.0191715656011061,2013-03-01
3897,0.0530441927997215,2013-06-01
4383,0.0179406654072659,2013-06-01
4517,0.0445660776883502,2013-06-01
5742,0.0166465593033025,2013-06-01
8272,0.0230506349067952,2013-06-01
8539,0.0220008634454207,2013-06-01
11550,0.0167847609528366,2013-06-01
135990,0.0276167970978573,2013-06-01
3413,0.0410976495021436,2013-09-01
3439,0.0377053547929979,2013-09-01
3897,0.036037699147147,2013-09-01
5742,0.0402972173442889,2013-09-01
7366,0.0248697214833508,2013-09-01
8539,0.0424327353876199,2013-09-01
24216,0.0372444600012727,2013-09-01
135990,0.0310482594412535,2013-09-01
1075,0.0262616034597158,2013-12-01
3413,0.0262616034597158,2013-12-01
3897,0.0262616034597158,2013-12-01
4093,0.0262616034597158,2013-12-01
7366,0.0239107720553874,2013-12-01
7974,0.0240332502871751,2013-12-01
10860,0.0371011793613433,2013-12-01
24216,0.0303516425192356,2013-12-01
3413,0.0261731371283531,2014-03-01
3897,0.0267933011054992,2014-03-01
4093,0.0261731371283531,2014-03-01
4517,0.0261731371283531,2014-03-01
5742,0.021349836140871,2014-03-01
8099,0.021349836140871,2014-03-01
8272,0.0261731371283531,2014-03-01
11550,0.021349836140871,2014-03-01
135990,0.021349836140871,2014-03-01
3413,0.0328954234719276,2014-06-01
3897,0.091296799480915,2014-06-01
4093,0.0328954234719276,2014-06-01
4517,0.0264509096741676,2014-06-01
8099,0.0276932083070278,2014-06-01
8272,0.0328954234719276,2014-06-01
24216,0.0262879282236099,2014-06-01
135990,0.0280249323695898,2014-06-01
1075,0.0219355132430791,2014-09-01
3413,0.0217183418571949,2014-09-01
3439,0.0215155333280563,2014-09-01
3897,0.0219355132430791,2014-09-01
4093,0.0217183418571949,2014-09-01
4517,0.0219355132430791,2014-09-01
5742,0.0215155333280563,2014-09-01
6338,0.0215155333280563,2014-09-01
7974,0.0215155333280563,2014-09-01
7977,0.0215155333280563,2014-09-01
8099,0.0215155333280563,2014-09-01
8455,0.0215155333280563,2014-09-01
8539,0.0215155333280563,2014-09-01
10860,0.0215155333280563,2014-09-01
11554,0.0215155333280563,2014-09-01
24216,0.0215155333280563,2014-09-01
135990,0.0215155333280563,2014-09-01
1075,0.0235385678863353,2014-12-01
3413,0.0293681646654691,2014-12-01
3897,0.0293681646654691,2014-12-01
4517,0.0235385678863353,2014-12-01
7977,0.0219752478844151,2014-12-01
8099,0.0231055216847196,2014-12-01
8272,0.0235385678863353,2014-12-01
8539,0.0218714701645224,2014-12-01
3413,0.0287027684746667,2015-03-01
3897,0.0357651986696676,2015-03-01
5742,0.0367608902043029,2015-03-01
8099,0.0267880957148172,2015-03-01
8264,0.0206919353823579,2015-03-01
8539,0.0296049755956853,2015-03-01
24216,0.0356449378353988,2015-03-01
135990,0.0349915766269313,2015-03-01
3897,0.0539748221635818,2015-06-01
4517,0.0222029294818639,2015-06-01
5742,0.0207615029066801,2015-06-01
6338,0.0206801686435937,2015-06-01
8455,0.0210549887269735,2015-06-01
8810,0.0206801686435937,2015-06-01
11554,0.0207615029066801,2015-06-01
135990,0.021996721625328,2015-06-01
3439,0.0242323279380798,2015-09-01
4093,0.023732891306281,2015-09-01
4517,0.023732891306281,2015-09-01
5742,0.0242323279380798,2015-09-01
7977,0.0242323279380798,2015-09-01
8272,0.023732891306281,2015-09-01
8455,0.0242323279380798,2015-09-01
8539,0.0242323279380798,2015-09-01
11554,0.0242323279380798,2015-09-01
135990,0.0242323279380798,2015-09-01
1075,0.0267199997157323,2015-12-01
3413,0.0257718056415217,2015-12-01
3897,0.0444276205797437,2015-12-01
4093,0.0257718056415217,2015-12-01
4517,0.0267199997157323,2015-12-01
7366,0.0684082247787646,2015-12-01
8272,0.0267199997157323,2015-12-01
24216,0.0290368000493911,2015-12-01
135990,0.0374696299512305,2015-12-01
1075,0.0233438499271869,2016-03-01
3413,0.027563901618123,2016-03-01
3897,0.0398084484040737,2016-03-01
4029,0.0242669936269521,2016-03-01
8099,0.0272745750844478,2016-03-01
8272,0.0239064395427703,2016-03-01
24216,0.0977332293987274,2016-03-01
135990,0.037574715912342,2016-03-01
1440,0.0200713537633419,2016-06-01
3413,0.0206442195922136,2016-06-01
4029,0.0206442195922136,2016-06-01
4093,0.0220188964158296,2016-06-01
7366,0.0201022867113351,2016-06-01
8099,0.0234027039259672,2016-06-01
9846,0.0206442195922136,2016-06-01
11554,0.0201954580843448,2016-06-01
4093,0.0421425215899944,2016-09-01
4517,0.0147334365174174,2016-09-01
7366,0.0173512231558561,2016-09-01
7974,0.0136250583454966,2016-09-01
8099,0.0195016078650951,2016-09-01
8455,0.0135414218530058,2016-09-01
8539,0.0158401243388652,2016-09-01
24216,0.0195016078650951,2016-09-01
1075,0.028638814355525,2016-12-01
3413,0.0320678552498619,2016-12-01
3897,0.0352135987742465,2016-12-01
4093,0.0390887271520203,2016-12-01
4517,0.0273746533354956,2016-12-01
7366,0.0476282468478536,2016-12-01
8272,0.0270176878750022,2016-12-01
8539,0.0281917377968427,2016-12-01
3413,0.0180790643865766,2017-03-01
4093,0.0368764065063659,2017-03-01
4517,0.031978020874857,2017-03-01
7366,0.0244536857218215,2017-03-01
8264,0.0196518884478012,2017-03-01
8272,0.0247114219529749,2017-03-01
8539,0.0206143760900504,2017-03-01
135990,0.0213774256374673,2017-03-01
1440,0.0350609723424468,2017-06-01
4093,0.0297805333923432,2017-06-01
4383,0.0235272944857746,2017-06-01
7366,0.0350609723424468,2017-06-01
8264,0.0232419794123944,2017-06-01
8539,0.0294499004825505,2017-06-01
24216,0.0253505645382051,2017-06-01
157373,0.0322071226095174,2017-06-01
1440,0.0327328525038139,2017-09-01
3897,0.0331474312526609,2017-09-01
4093,0.0248023048302817,2017-09-01
4517,0.0272094178085734,2017-09-01
7366,0.0310893092917026,2017-09-01
8264,0.0284635895142107,2017-09-01
10860,0.0251261973140774,2017-09-01
179437,0.0249447996578895,2017-09-01
4093,0.0308470547291844,2017-12-01
7366,0.0329314056458766,2017-12-01
8272,0.0225976140440435,2017-12-01
8539,0.0292643432235731,2017-12-01
10860,0.0230115821180809,2017-12-01
24216,0.0342295325645685,2017-12-01
135990,0.0338759882247037,2017-12-01
157373,0.0261784510210936,2017-12-01
4093,0.0272292138993151,2018-03-01
8099,0.0176133910674859,2018-03-01
8264,0.051357620832372,2018-03-01
8539,0.0325643785024176,2018-03-01
9846,0.0167359085105917,2018-03-01
11554,0.0205041093692269,2018-03-01
24216,0.0435241767932114,2018-03-01
157373,0.0203697703664291,2018-03-01
1075,0.0148103702813386,2018-06-01
4093,0.0190988779067993,2018-06-01
4517,0.0175817795097827,2018-06-01
6338,0.0148103702813386,2018-06-01
7974,0.0162788201123476,2018-06-01
7977,0.0148103702813386,2018-06-01
8264,0.0159376133233308,2018-06-01
8272,0.015774792060256,2018-06-01
8455,0.0162336304783821,2018-06-01
8539,0.016635475680232,2018-06-01
9846,0.0148103702813386,2018-06-01
10860,0.0148103702813386,2018-06-01
11554,0.0148103702813386,2018-06-01
4093,0.02107117138803,2018-09-01
5742,0.0169066414237022,2018-09-01
8264,0.0228581633418798,2018-09-01
8272,0.0217863172292709,2018-09-01
8455,0.017569400370121,2018-09-01
8539,0.0210125725716352,2018-09-01
9850,0.0166095029562711,2018-09-01
11554,0.0175862908363342,2018-09-01
3413,0.0445664533671305,2018-12-01
4093,0.0536484388162566,2018-12-01
4383,0.0307617168391186,2018-12-01
4517,0.031500501082265,2018-12-01
8264,0.0300544987504588,2018-12-01
9846,0.0356598493976133,2018-12-01
9850,0.0444829534169439,2018-12-01
11554,0.037030597564775,2018-12-01
4383,0.0299582379261848,2019-03-01
4517,0.0270010439688488,2019-03-01
7977,0.0236725126118111,2019-03-01
8099,0.0287079920320495,2019-03-01
8264,0.034981920624889,2019-03-01
8455,0.0333320500567025,2019-03-01
9850,0.0344848103998345,2019-03-01
11554,0.0271884756156297,2019-03-01
3413,0.0164714036320918,2019-06-01
7974,0.0196261737013078,2019-06-01
8272,0.0173519434259956,2019-06-01
8539,0.01923456034766,2019-06-01
8810,0.0192775206679646,2019-06-01
9850,0.0168825149037896,2019-06-01
157373,0.0201752648234297,2019-06-01
179437,0.0216801417444318,2019-06-01
4517,0.0176702780564782,2019-09-01
5742,0.0177045723297631,2019-09-01
6338,0.0198941113600662,2019-09-01
7974,0.028055947763126,2019-09-01
8455,0.0139089882762963,2019-09-01
8539,0.034234102103928,2019-09-01
9846,0.0183982663112425,2019-09-01
157373,0.03775698971481,2019-09-01
5742,0.0197503305971622,2019-12-01
7974,0.0197503305971622,2019-12-01
8264,0.023138128221035,2019-12-01
8455,0.0183537378907203,2019-12-01
8539,0.0224571917206048,2019-12-01
24216,0.0197503305971622,2019-12-01
157373,0.0197503305971622,2019-12-01
179437,0.0200841072946786,2019-12-01
4093,0.020696161314845,2020-03-01
4383,0.0188058502972126,2020-03-01
5742,0.0194951742887496,2020-03-01
7974,0.0194951742887496,2020-03-01
8455,0.0194951742887496,2020-03-01
8539,0.020696161314845,2020-03-01
24216,0.0190111901611089,2020-03-01
157373,0.0194951742887496,2020-03-01
179437,0.0188058502972126,2020-03-01
3413,0.0243037398904562,2020-06-01
4093,0.024912005290389,2020-06-01
4383,0.0242003165185451,2020-06-01
5742,0.02541059628129,2020-06-01
8539,0.0240042731165885,2020-06-01
9846,0.0240042731165885,2020-06-01
24216,0.026136914268136,2020-06-01
157373,0.0240042731165885,2020-06-01
3439,0.0276363771408796,2020-09-01
5742,0.0253691989928483,2020-09-01
7366,0.0219492074102163,2020-09-01
8264,0.0289751943200826,2020-09-01
8272,0.022942591458559,2020-09-01
8539,0.0219122860580682,2020-09-01
9846,0.0232186987996101,2020-09-01
135990,0.0219662748277187,2020-09-01
3413,0.022280216217041,2020-12-01
4093,0.022280216217041,2020-12-01
5742,0.0246616825461387,2020-12-01
6338,0.022280216217041,2020-12-01
8272,0.022280216217041,2020-12-01
8539,0.0222452767193317,2020-12-01
157373,0.0222452767193317,2020-12-01
179437,0.0210825782269239,2020-12-01
1075,0.0168759990483522,2021-03-01
3413,0.0172617137432098,2021-03-01
6338,0.0168759990483522,2021-03-01
8272,0.0168759990483522,2021-03-01
8455,0.0168724935501813,2021-03-01
8539,0.0217570625245571,2021-03-01
9846,0.0168759990483522,2021-03-01
11554,0.0168724935501813,2021-03-01
157373,0.0171639826148748,2021-03-01
3413,0.0217188935924852,2021-06-01
6338,0.0126675745380234,2021-06-01
7366,0.0154407155970033,2021-06-01
8272,0.0158675967665682,2021-06-01
8455,0.0137763855926475,2021-06-01
11554,0.0137763855926475,2021-06-01
24216,0.0140221238570456,2021-06-01
157373,0.0201482252967915,2021-06-01
3413,0.017283234745264,2021-09-01
4517,0.0155362552031874,2021-09-01
6338,0.0155362552031874,2021-09-01
7974,0.0155362552031874,2021-09-01
8272,0.0155362552031874,2021-09-01
8455,0.0155362552031874,2021-09-01
8539,0.0155362552031874,2021-09-01
9846,0.017283234745264,2021-09-01
135990,0.016018608585,2021-09-01
157373,0.0204283017665147,2021-09-01
3413,0.015068975277245,2021-12-01
6338,0.0127239879220724,2021-12-01
8264,0.0150410896167159,2021-12-01
8455,0.0195312742143869,2021-12-01
8539,0.0127794798463583,2021-12-01
9846,0.0132195791229605,2021-12-01
24216,0.0127338115125894,2021-12-01
135990,0.0133664924651384,2021-12-01
3413,0.0147286551073193,2022-03-01
3897,0.0186476875096559,2022-03-01
5742,0.0147286551073193,2022-03-01
7366,0.0147286551073193,2022-03-01
8264,0.0161890890449285,2022-03-01
8455,0.0212306156754493,2022-03-01
9846,0.0147286551073193,2022-03-01
24216,0.0214726626873016,2022-03-01
135990,0.0169426035135984,2022-03-01
157373,0.0212306156754493,2022-03-01
1440,0.0187038350850343,2022-06-01
3413,0.0151971224695444,2022-06-01
4517,0.0150328744202852,2022-06-01
8264,0.0218527726829051,2022-06-01
11550,0.0187038350850343,2022-06-01
24216,0.0190879739820957,2022-06-01
40614,0.0274404920637607,2022-06-01
135990,0.0150404190644621,2022-06-01
1075,0.0109807252883911,2022-09-01
3439,0.0109807252883911,2022-09-01
3897,0.0171239338815212,2022-09-01
4029,0.0109807252883911,2022-09-01
4093,0.012770814821124,2022-09-01
5742,0.0109807252883911,2022-09-01
6338,0.0109807252883911,2022-09-01
7974,0.0109807252883911,2022-09-01
7977,0.0109807252883911,2022-09-01
8099,0.0109807252883911,2022-09-01
8264,0.0251584704965353,2022-09-01
8455,0.0109807252883911,2022-09-01
8539,0.0109807252883911,2022-09-01
9846,0.0109807252883911,2022-09-01
11554,0.0109807252883911,2022-09-01
24216,0.0200711414217948,2022-09-01
40614,0.0251584704965353,2022-09-01
135990,0.0130267720669507,2022-09-01
157373,0.0129189975559711,2022-09-01
1075,0.0164357589286327,2022-12-01
1440,0.0147725334374025,2022-12-01
3439,0.0138949904678402,2022-12-01
6338,0.0150191904179076,2022-12-01
7970,0.0147725334374025,2022-12-01
9850,0.0135444111784687,2022-12-01
24216,0.0199255030993882,2022-12-01
157373,0.0147770024237059,2022-12-01
4029,0.0131549117879019,2023-03-01
7974,0.0161570995637235,2023-03-01
8099,0.0121569952144054,2023-03-01
8455,0.0133456102787404,2023-03-01
8539,0.0157646621044667,2023-03-01
9846,0.0121569952144054,2023-03-01
9850,0.0138348530222865,2023-03-01
40614,0.0138733772846939,2023-03-01
157373,0.020491032306211,2023-03-01
6338,0.0200643323132661,2023-06-01
7974,0.0208272347796406,2023-06-01
8455,0.0189502776971383,2023-06-01
8539,0.0173338306424907,2023-06-01
9846,0.0173572524541018,2023-06-01
24216,0.0179811768086235,2023-06-01
135990,0.0208915744867338,2023-06-01
157373,0.0227072204356164,2023-06-01
3413,0.0137845891292162,2023-09-01
4029,0.0199280554865767,2023-09-01
8272,0.0139202277170995,2023-09-01
8810,0.0108540570201367,2023-09-01
11550,0.0109616485873066,2023-09-01
40614,0.0108351225640304,2023-09-01
135990,0.0189486847607783,2023-09-01
157373,0.01330875167662,2023-09-01
1440,0.022676978222063,2023-12-01
6338,0.0344195864471628,2023-12-01
7970,0.030316624669173,2023-12-01
8272,0.0307843871257753,2023-12-01
8539,0.023904659491222,2023-12-01
9846,0.0282232659829067,2023-12-01
11554,0.0266316811663018,2023-12-01
24216,0.0277296324777637,2023-12-01
4029,0.0250257413019787,2024-03-01
6338,0.0299046286983025,2024-03-01
7974,0.0295321240361935,2024-03-01
8272,0.0239705486347697,2024-03-01
8455,0.0233888062267122,2024-03-01
8539,0.0388733733488574,2024-03-01
9846,0.0323371391592118,2024-03-01
24216,0.0290196852147331,2024-03-01
5742,0.0115192200113924,2024-06-01
7970,0.0120476748030117,2024-06-01
7974,0.0169238341538782,2024-06-01
7977,0.011856665710084,2024-06-01
8539,0.0150952921143263,2024-06-01
9846,0.0113745291309009,2024-06-01
24216,0.0161263996531654,2024-06-01
135990,0.0150933887965609,2024-06-01
1075,0.0166869591921567,2024-09-01
3413,0.0166869591921567,2024-09-01
3897,0.0124945566058158,2024-09-01
4093,0.0166869591921567,2024-09-01
7970,0.0175223536789417,2024-09-01
8264,0.0204284451901912,2024-09-01
8272,0.0166869591921567,2024-09-01
179437,0.0175256710499525,2024-09-01
1075,0.012384901754558,2024-12-01
6338,0.012384901754558,2024-12-01
7366,0.0102301081642508,2024-12-01
7970,0.0102301081642508,2024-12-01
8539,0.0108590247109532,2024-12-01
9846,0.0102301081642508,2024-12-01
11554,0.0098031554371118,2024-12-01
135990,0.0107950419187545,2024-12-01
3413,0.0092730168253183,2025-03-01
4093,0.0096371406689286,2025-03-01
7970,0.0092730168253183,2025-03-01
8539,0.0092730168253183,2025-03-01
9846,0.0092730168253183,2025-03-01
24216,0.0151846799999475,2025-03-01
40614,0.0096371406689286,2025-03-01
135990,0.0092730168253183,2025-03-01
179437,0.0096371406689286,2025-03-01
5742,0.0049460995942354,2025-06-01
7970,0.0049460995942354,2025-06-01
7974,0.0049460995942354,2025-06-01
8099,0.0049460995942354,2025-06-01
8264,0.0104779489338397,2025-06-01
8272,0.0115639558061957,2025-06-01
8539,0.0049460995942354,2025-06-01
9846,0.0085135847330093,2025-06-01
24216,0.0117911137640476,2025-06-01
1440,0.0054132840596139,2025-09-01
3439,0.0037158350460231,2025-09-01
4029,0.0037158350460231,2025-09-01
4517,0.0037158350460231,2025-09-01
5742,0.0037158350460231,2025-09-01
6338,0.0037158350460231,2025-09-01
7970,0.0057969917543232,2025-09-01
7974,0.0037158350460231,2025-09-01
7977,0.0037158350460231,2025-09-01
8264,0.0113124791532754,2025-09-01
8272,0.0049896831624209,2025-09-01
8455,0.0037158350460231,2025-09-01
9846,0.0071843564510345,2025-09-01
11550,0.0054132840596139,2025-09-01
11554,0.0037158350460231,2025-09-01
157373,0.0100191785022616,2025-09-01
7063,0.0339101664721965,2001-06-01
10894,0.0297793522477149,2001-06-01
30822,0.0509031191468238,2001-06-01
105365,0.1005549579858779,2001-06-01
112111,0.29257333278656,2001-06-01
113490,0.1156135648488998,2001-06-01
121382,0.1577599048614502,2001-06-01
7063,0.0229688044637441,2001-09-01
10894,0.0222627446055412,2001-09-01
29389,0.0222627446055412,2001-09-01
29649,0.0222627446055412,2001-09-01
29984,0.0229167491197586,2001-09-01
30822,0.0440016314387321,2001-09-01
112111,0.1735370457172393,2001-09-01
30822,0.0481889434158802,2001-12-01
62374,0.0410866886377334,2001-12-01
105365,0.072252944111824,2001-12-01
112111,0.1833395212888717,2001-12-01
113490,0.072252944111824,2001-12-01
121382,0.072252944111824,2001-12-01
138743,0.0573720373213291,2001-12-01
7063,0.0276828948408365,2002-03-01
10894,0.0206239633262157,2002-03-01
29984,0.0206239633262157,2002-03-01
62374,0.0276828948408365,2002-03-01
105365,0.0311866365373134,2002-03-01
112111,0.0588086917996406,2002-03-01
113490,0.0311866365373134,2002-03-01
121382,0.0311866365373134,2002-03-01
4605,0.0163163356482982,2002-06-01
5543,0.0163163356482982,2002-06-01
7063,0.0163163356482982,2002-06-01
10096,0.0163163356482982,2002-06-01
10894,0.0163163356482982,2002-06-01
11456,0.0163163356482982,2002-06-01
13125,0.0163163356482982,2002-06-01
24731,0.0163163356482982,2002-06-01
28629,0.0163163356482982,2002-06-01
28733,0.0163163356482982,2002-06-01
29099,0.0163163356482982,2002-06-01
29389,0.0163163356482982,2002-06-01
29649,0.0163163356482982,2002-06-01
29875,0.0163163356482982,2002-06-01
29984,0.0163163356482982,2002-06-01
30293,0.0163163356482982,2002-06-01
30822,0.0163163356482982,2002-06-01
62374,0.0163163356482982,2002-06-01
64821,0.0163163356482982,2002-06-01
64925,0.0163163356482982,2002-06-01
112111,0.0631279349327087,2002-06-01
138743,0.0631279349327087,2002-06-01
4605,0.0215362627059221,2002-09-01
5543,0.0215362627059221,2002-09-01
7063,0.0215362627059221,2002-09-01
10096,0.0215362627059221,2002-09-01
10894,0.0215362627059221,2002-09-01
11456,0.0215362627059221,2002-09-01
13125,0.0215362627059221,2002-09-01
24731,0.0215362627059221,2002-09-01
28629,0.0215362627059221,2002-09-01
28733,0.0215362627059221,2002-09-01
29099,0.0215362627059221,2002-09-01
29389,0.0215362627059221,2002-09-01
29649,0.0215362627059221,2002-09-01
29875,0.0215362627059221,2002-09-01
29984,0.0215362627059221,2002-09-01
30293,0.0215362627059221,2002-09-01
30822,0.0215362627059221,2002-09-01
62374,0.0215362627059221,2002-09-01
64821,0.0215362627059221,2002-09-01
64925,0.0215362627059221,2002-09-01
112111,0.0577486902475357,2002-09-01
138743,0.0316688194870948,2002-09-01
7063,0.0179604906588792,2002-12-01
10894,0.0159765500575304,2002-12-01
11456,0.0143153928220272,2002-12-01
29649,0.0159765500575304,2002-12-01
62374,0.0143153928220272,2002-12-01
112111,0.0524159409105777,2002-12-01
113490,0.0524159409105777,2002-12-01
138743,0.0170388426631689,2002-12-01
7063,0.0563048869061175,2003-03-01
10894,0.0264689565456848,2003-03-01
28629,0.0356026605099063,2003-03-01
29649,0.0260226139360512,2003-03-01
105365,0.0352138535195673,2003-03-01
110179,0.0430215210704314,2003-03-01
121382,0.0388861035914737,2003-03-01
7063,0.0542440117353101,2003-06-01
10096,0.0358007658610732,2003-06-01
13125,0.0324526034229884,2003-06-01
28629,0.0341921786783081,2003-06-01
29389,0.0282648341547824,2003-06-01
110179,0.0341429499859248,2003-06-01
121382,0.0446155559667251,2003-06-01
4605,0.0087884152308106,2003-09-01
5543,0.0087884152308106,2003-09-01
7063,0.0087884152308106,2003-09-01
10096,0.0087884152308106,2003-09-01
10894,0.0087884152308106,2003-09-01
11456,0.0087884152308106,2003-09-01
13125,0.0087884152308106,2003-09-01
24731,0.0087884152308106,2003-09-01
28629,0.0087884152308106,2003-09-01
28733,0.0087884152308106,2003-09-01
29099,0.0087884152308106,2003-09-01
29389,0.0087884152308106,2003-09-01
29649,0.0087884152308106,2003-09-01
29875,0.0087884152308106,2003-09-01
29984,0.0087884152308106,2003-09-01
30293,0.0087884152308106,2003-09-01
30822,0.0087884152308106,2003-09-01
62374,0.0087884152308106,2003-09-01
64821,0.0087884152308106,2003-09-01
64925,0.0087884152308106,2003-09-01
110179,0.0087884152308106,2003-09-01
112111,0.0332442261278629,2003-09-01
121382,0.0178578719496727,2003-09-01
4605,0.003603559685871,2003-12-01
5543,0.003603559685871,2003-12-01
7063,0.003603559685871,2003-12-01
10096,0.003603559685871,2003-12-01
10894,0.003603559685871,2003-12-01
11456,0.003603559685871,2003-12-01
13125,0.003603559685871,2003-12-01
24731,0.003603559685871,2003-12-01
28629,0.003603559685871,2003-12-01
28733,0.003603559685871,2003-12-01
29099,0.003603559685871,2003-12-01
29389,0.003603559685871,2003-12-01
29649,0.003603559685871,2003-12-01
29875,0.003603559685871,2003-12-01
29984,0.003603559685871,2003-12-01
30293,0.003603559685871,2003-12-01
30822,0.003603559685871,2003-12-01
62374,0.003603559685871,2003-12-01
64821,0.003603559685871,2003-12-01
64925,0.003603559685871,2003-12-01
110179,0.003603559685871,2003-12-01
112111,0.003603559685871,2003-12-01
4605,0.0031729866750538,2004-03-01
5543,0.0031729866750538,2004-03-01
7063,0.0031729866750538,2004-03-01
10096,0.0031729866750538,2004-03-01
10894,0.0031729866750538,2004-03-01
11456,0.0031729866750538,2004-03-01
13125,0.0031729866750538,2004-03-01
24731,0.0031729866750538,2004-03-01
28629,0.0031729866750538,2004-03-01
28733,0.0031729866750538,2004-03-01
29099,0.0031729866750538,2004-03-01
29389,0.0031729866750538,2004-03-01
29649,0.0031729866750538,2004-03-01
29875,0.0031729866750538,2004-03-01
29984,0.0031729866750538,2004-03-01
30293,0.0031729866750538,2004-03-01
30822,0.0031729866750538,2004-03-01
62374,0.0031729866750538,2004-03-01
64821,0.0031729866750538,2004-03-01
64925,0.0031729866750538,2004-03-01
110179,0.0031729866750538,2004-03-01
112111,0.0031729866750538,2004-03-01
4605,0.0038187047592747,2004-06-01
5543,0.0038187047592747,2004-06-01
7063,0.0038187047592747,2004-06-01
10096,0.0038187047592747,2004-06-01
10894,0.0038187047592747,2004-06-01
11456,0.0038187047592747,2004-06-01
13125,0.0038187047592747,2004-06-01
24731,0.0038187047592747,2004-06-01
28629,0.0038187047592747,2004-06-01
28733,0.0038187047592747,2004-06-01
29099,0.0038187047592747,2004-06-01
29389,0.0038187047592747,2004-06-01
29649,0.0038187047592747,2004-06-01
29875,0.0038187047592747,2004-06-01
29984,0.0038187047592747,2004-06-01
30293,0.0038187047592747,2004-06-01
30822,0.0038187047592747,2004-06-01
62374,0.0038187047592747,2004-06-01
64821,0.0038187047592747,2004-06-01
64925,0.0038187047592747,2004-06-01
105365,0.0038187047592747,2004-06-01
110179,0.0038187047592747,2004-06-01
112111,0.0038187047592747,2004-06-01
113490,0.0038187047592747,2004-06-01
121382,0.0038187047592747,2004-06-01
138743,0.0038187047592747,2004-06-01
4605,0.0112327426394008,2004-09-01
5543,0.0112327426394008,2004-09-01
7063,0.0112327426394008,2004-09-01
10096,0.0112327426394008,2004-09-01
10894,0.0112327426394008,2004-09-01
11456,0.0112327426394008,2004-09-01
13125,0.0112327426394008,2004-09-01
24731,0.0112327426394008,2004-09-01
28629,0.0112327426394008,2004-09-01
28733,0.0112327426394008,2004-09-01
29099,0.0112327426394008,2004-09-01
29389,0.0112327426394008,2004-09-01
29649,0.0112327426394008,2004-09-01
29875,0.0112327426394008,2004-09-01
29984,0.0112327426394008,2004-09-01
30293,0.0112327426394008,2004-09-01
30822,0.0112327426394008,2004-09-01
62374,0.0112327426394008,2004-09-01
64821,0.0112327426394008,2004-09-01
64925,0.0112327426394008,2004-09-01
105365,0.0112327426394008,2004-09-01
110179,0.0112327426394008,2004-09-01
112111,0.0112327426394008,2004-09-01
113490,0.0112327426394008,2004-09-01
121382,0.0112327426394008,2004-09-01
138743,0.0112327426394008,2004-09-01
260774,0.0112327426394008,2004-09-01
4605,0.0153581583622482,2004-12-01
5543,0.0153581583622482,2004-12-01
7063,0.0153581583622482,2004-12-01
10096,0.0153581583622482,2004-12-01
10894,0.0153581583622482,2004-12-01
11456,0.0153581583622482,2004-12-01
13125,0.0153581583622482,2004-12-01
24731,0.0153581583622482,2004-12-01
28629,0.0153581583622482,2004-12-01
28733,0.0153581583622482,2004-12-01
29099,0.0153581583622482,2004-12-01
29389,0.0153581583622482,2004-12-01
29649,0.0153581583622482,2004-12-01
29875,0.0153581583622482,2004-12-01
29984,0.0153581583622482,2004-12-01
30293,0.0153581583622482,2004-12-01
30822,0.0153581583622482,2004-12-01
62374,0.0153581583622482,2004-12-01
64821,0.0153581583622482,2004-12-01
64925,0.0153581583622482,2004-12-01
105365,0.0153581583622482,2004-12-01
110179,0.0153581583622482,2004-12-01
112111,0.0153581583622482,2004-12-01
113490,0.0153581583622482,2004-12-01
121382,0.0153581583622482,2004-12-01
138743,0.0153581583622482,2004-12-01
160479,0.0153581583622482,2004-12-01
260774,0.0153581583622482,2004-12-01
4605,0.0184650402939225,2005-03-01
5543,0.0184650402939225,2005-03-01
7063,0.0184650402939225,2005-03-01
10096,0.0184650402939225,2005-03-01
10894,0.0184650402939225,2005-03-01
11456,0.0184650402939225,2005-03-01
13125,0.0184650402939225,2005-03-01
24731,0.0184650402939225,2005-03-01
28629,0.0184650402939225,2005-03-01
28733,0.0184650402939225,2005-03-01
29099,0.0184650402939225,2005-03-01
29389,0.0184650402939225,2005-03-01
29649,0.0184650402939225,2005-03-01
29875,0.0184650402939225,2005-03-01
29984,0.0184650402939225,2005-03-01
30293,0.0184650402939225,2005-03-01
30822,0.0184650402939225,2005-03-01
62374,0.0184650402939225,2005-03-01
64821,0.0184650402939225,2005-03-01
64925,0.0184650402939225,2005-03-01
105365,0.0184650402939225,2005-03-01
110179,0.0184650402939225,2005-03-01
112111,0.0184650402939225,2005-03-01
113490,0.0184650402939225,2005-03-01
121382,0.0184650402939225,2005-03-01
138743,0.0184650402939225,2005-03-01
160479,0.0184650402939225,2005-03-01
160991,0.0184650402939225,2005-03-01
260774,0.0184650402939225,2005-03-01
4605,0.0195183982411386,2005-06-01
5543,0.0195183982411386,2005-06-01
7063,0.0195183982411386,2005-06-01
10096,0.0195183982411386,2005-06-01
10894,0.0195183982411386,2005-06-01
11456,0.0195183982411386,2005-06-01
13125,0.0195183982411386,2005-06-01
24731,0.0195183982411386,2005-06-01
28629,0.0195183982411386,2005-06-01
28733,0.0195183982411386,2005-06-01
29099,0.0195183982411386,2005-06-01
29389,0.0195183982411386,2005-06-01
29649,0.0195183982411386,2005-06-01
29875,0.0195183982411386,2005-06-01
29984,0.0195183982411386,2005-06-01
30293,0.0195183982411386,2005-06-01
30822,0.0195183982411386,2005-06-01
62374,0.0195183982411386,2005-06-01
64821,0.0195183982411386,2005-06-01
64925,0.0195183982411386,2005-06-01
105365,0.0195183982411386,2005-06-01
110179,0.0195183982411386,2005-06-01
112111,0.0195183982411386,2005-06-01
113490,0.0195183982411386,2005-06-01
121382,0.0195183982411386,2005-06-01
138743,0.0195183982411386,2005-06-01
160479,0.0195183982411386,2005-06-01
160991,0.0195183982411386,2005-06-01
260774,0.0195183982411386,2005-06-01
10894,0.0329884184515978,2005-09-01
29649,0.0336108754353754,2005-09-01
105365,0.0568360668851631,2005-09-01
112111,0.0444279153970739,2005-09-01
113490,0.0558739085436211,2005-09-01
121382,0.0329768027076705,2005-09-01
160479,0.029144211836342,2005-09-01
160991,0.0340805610751652,2005-09-01
4605,0.0221106000244617,2005-12-01
5543,0.0221106000244617,2005-12-01
7063,0.0221106000244617,2005-12-01
10096,0.0221106000244617,2005-12-01
10894,0.0221106000244617,2005-12-01
11456,0.0221106000244617,2005-12-01
13125,0.0221106000244617,2005-12-01
24731,0.0221106000244617,2005-12-01
28629,0.0221106000244617,2005-12-01
28733,0.0221106000244617,2005-12-01
29099,0.0221106000244617,2005-12-01
29389,0.0243519656360149,2005-12-01
29649,0.0221106000244617,2005-12-01
29984,0.0243519656360149,2005-12-01
30822,0.0221106000244617,2005-12-01
62374,0.0221106000244617,2005-12-01
64821,0.0243519656360149,2005-12-01
64925,0.0221106000244617,2005-12-01
105365,0.0281439013779163,2005-12-01
110179,0.0221106000244617,2005-12-01
112111,0.0221106000244617,2005-12-01
121382,0.0333605520427227,2005-12-01
160479,0.0221106000244617,2005-12-01
160991,0.0221106000244617,2005-12-01
260774,0.0221106000244617,2005-12-01
28629,0.0322357862975888,2006-03-01
29099,0.0338498407120927,2006-03-01
30293,0.0353681369685882,2006-03-01
64925,0.0338223817133888,2006-03-01
105365,0.0396151687493828,2006-03-01
112111,0.0356701368819208,2006-03-01
113490,0.0559945726609416,2006-03-01
138743,0.0448855162578559,2006-03-01
10894,0.0246124472469091,2006-06-01
11456,0.034223087131977,2006-06-01
29649,0.0246124472469091,2006-06-01
105365,0.0246124472469091,2006-06-01
112111,0.0290714129805564,2006-06-01
113490,0.0286140795797109,2006-06-01
121382,0.0286140795797109,2006-06-01
138743,0.0286140795797109,2006-06-01
160479,0.0246124472469091,2006-06-01
160991,0.0246124472469091,2006-06-01
10096,0.0350237797459236,2006-09-01
28629,0.0279309349586101,2006-09-01
28733,0.0325183893233263,2006-09-01
29099,0.0345691193293942,2006-09-01
29984,0.0361650147788452,2006-09-01
30822,0.0314866031842216,2006-09-01
113490,0.0293334690908496,2006-09-01
160479,0.0298842406447227,2006-09-01
4605,0.0339665140043695,2006-12-01
7063,0.0306137316151416,2006-12-01
29099,0.0299293706587276,2006-12-01
29984,0.0313751714318046,2006-12-01
64925,0.0328137189370554,2006-12-01
105365,0.0299119651878903,2006-12-01
112111,0.0406842912509116,2006-12-01
113490,0.0507249286821656,2006-12-01
10096,0.028617455612514,2007-03-01
28629,0.0305760377267661,2007-03-01
28733,0.029055415047133,2007-03-01
29099,0.0290760982321338,2007-03-01
62374,0.0306066962694504,2007-03-01
105365,0.0371272576692451,2007-03-01
121382,0.0577039010723168,2007-03-01
260774,0.0327079580083694,2007-03-01
7063,0.0345310666940769,2007-06-01
10096,0.0345760784139722,2007-06-01
11456,0.0377142309344553,2007-06-01
28629,0.0345814569492786,2007-06-01
64925,0.0370327616121797,2007-06-01
105365,0.0372453706976687,2007-06-01
112111,0.0404213019992578,2007-06-01
260774,0.0374741241298346,2007-06-01
4605,0.0298554096370935,2007-09-01
5543,0.0298554096370935,2007-09-01
7063,0.0298554096370935,2007-09-01
10096,0.0298554096370935,2007-09-01
10894,0.0298554096370935,2007-09-01
11456,0.0298554096370935,2007-09-01
13125,0.0298554096370935,2007-09-01
24731,0.0298554096370935,2007-09-01
28629,0.0298554096370935,2007-09-01
28733,0.0298554096370935,2007-09-01
29099,0.0298554096370935,2007-09-01
29389,0.0298554096370935,2007-09-01
29649,0.0298554096370935,2007-09-01
29875,0.0298554096370935,2007-09-01
29984,0.0298554096370935,2007-09-01
30293,0.0298554096370935,2007-09-01
30822,0.0298554096370935,2007-09-01
62374,0.0298554096370935,2007-09-01
64821,0.0298554096370935,2007-09-01
64925,0.0298554096370935,2007-09-01
105365,0.0298554096370935,2007-09-01
110179,0.0298554096370935,2007-09-01
112111,0.0298554096370935,2007-09-01
113490,0.0298554096370935,2007-09-01
138743,0.0298554096370935,2007-09-01
160479,0.0298554096370935,2007-09-01
160991,0.0298554096370935,2007-09-01
260774,0.0298554096370935,2007-09-01
4605,0.0294526699482319,2007-12-01
5543,0.0294526699482319,2007-12-01
7063,0.0294526699482319,2007-12-01
10096,0.0294526699482319,2007-12-01
10894,0.0294526699482319,2007-12-01
11456,0.0294526699482319,2007-12-01
13125,0.0294526699482319,2007-12-01
24731,0.0294526699482319,2007-12-01
28629,0.0294526699482319,2007-12-01
28733,0.0294526699482319,2007-12-01
29099,0.0294526699482319,2007-12-01
29389,0.0294526699482319,2007-12-01
29649,0.0294526699482319,2007-12-01
29875,0.0294526699482319,2007-12-01
29984,0.0294526699482319,2007-12-01
30293,0.0294526699482319,2007-12-01
30822,0.0294526699482319,2007-12-01
62374,0.0294526699482319,2007-12-01
64821,0.0294526699482319,2007-12-01
64925,0.0294526699482319,2007-12-01
105365,0.0294526699482319,2007-12-01
110179,0.0294526699482319,2007-12-01
112111,0.0294526699482319,2007-12-01
113490,0.0294526699482319,2007-12-01
121382,0.0294526699482319,2007-12-01
138743,0.0294526699482319,2007-12-01
160479,0.0294526699482319,2007-12-01
160991,0.0294526699482319,2007-12-01
260774,0.0294526699482319,2007-12-01
11456,0.0447346511397528,2008-03-01
28733,0.0439793938102527,2008-03-01
29984,0.046091559053683,2008-03-01
62374,0.0446538519678886,2008-03-01
64925,0.0440368037307974,2008-03-01
105365,0.0451882142667606,2008-03-01
110179,0.0435865020583614,2008-03-01
260774,0.054365092861501,2008-03-01
7063,0.0463063658529219,2008-06-01
11456,0.0403171742143224,2008-06-01
29389,0.0403953640661829,2008-06-01
62374,0.0415436457728017,2008-06-01
110179,0.0407192783414172,2008-06-01
121382,0.0433317762155971,2008-06-01
160479,0.0510323740645286,2008-06-01
260774,0.0615832996141995,2008-06-01
10096,0.0359849117984,2008-09-01
10894,0.0389903908547013,2008-09-01
28629,0.0374601239719236,2008-09-01
29875,0.0345318501675319,2008-09-01
62374,0.061383997229356,2008-09-01
112111,0.0538731808649568,2008-09-01
113490,0.0450617368559256,2008-09-01
138743,0.0611881224138748,2008-09-01
10894,0.0344416523914903,2008-12-01
11456,0.0388487619607528,2008-12-01
28629,0.0340526253586337,2008-12-01
62374,0.0525193492933781,2008-12-01
105365,0.0498531326215803,2008-12-01
112111,0.0393800631337498,2008-12-01
113490,0.0631542698634421,2008-12-01
260774,0.0746327836966817,2008-12-01
7063,0.0392539620685125,2009-03-01
62374,0.0373200615318042,2009-03-01
112111,0.0386402232081159,2009-03-01
113490,0.0452763125011604,2009-03-01
121382,0.0435488361483939,2009-03-01
138743,0.0340949889671641,2009-03-01
160479,0.0431385488134391,2009-03-01
260774,0.0476676488612271,2009-03-01
7063,0.0456334514468664,2009-06-01
62374,0.0504694332095259,2009-06-01
105365,0.0344705291166019,2009-06-01
112111,0.0453857321497521,2009-06-01
113490,0.0515691724976588,2009-06-01
121382,0.0483887473456491,2009-06-01
160479,0.0358499641123446,2009-06-01
260774,0.0645026404980924,2009-06-01
7063,0.0467601838830163,2009-09-01
10894,0.0538793654668278,2009-09-01
24731,0.0330601614703411,2009-09-01
62374,0.0371515430887699,2009-09-01
113490,0.0702425038960416,2009-09-01
121382,0.0367072872995345,2009-09-01
160479,0.0516156879263677,2009-09-01
260774,0.0916339240210545,2009-09-01
7063,0.0508411514590818,2009-12-01
10894,0.0586603210999328,2009-12-01
11456,0.0384803763624896,2009-12-01
62374,0.034896199787226,2009-12-01
112111,0.0432647536139109,2009-12-01
121382,0.0428175494223723,2009-12-01
160479,0.0342534307982985,2009-12-01
260774,0.0494222787387508,2009-12-01
7063,0.039271817855857,2010-03-01
10894,0.0440661420214456,2010-03-01
62374,0.0164728086842754,2010-03-01
112111,0.0221954389810683,2010-03-01
113490,0.0142523347254499,2010-03-01
121382,0.0325395718737658,2010-03-01
160479,0.0208262074258147,2010-03-01
260774,0.0171837862139894,2010-03-01
7063,0.0139883770249749,2010-06-01
10894,0.0325250736866507,2010-06-01
62374,0.0116009685784665,2010-06-01
112111,0.0211545914128588,2010-06-01
113490,0.0103539596744607,2010-06-01
121382,0.0183656829136064,2010-06-01
160479,0.0114929401477477,2010-06-01
260774,0.030350171481058,2010-06-01
7063,0.0382855983690708,2010-09-01
10894,0.0215608485878162,2010-09-01
11456,0.0261565554157404,2010-09-01
24731,0.0174070345367104,2010-09-01
29984,0.0274763033860067,2010-09-01
62374,0.0333422294416412,2010-09-01
121382,0.0473662591564791,2010-09-01
260774,0.046113785766195,2010-09-01
7063,0.0346302169871955,2010-12-01
10894,0.0499566711775955,2010-12-01
11456,0.0441891857290472,2010-12-01
24731,0.0313920179875822,2010-12-01
29984,0.0555562168900143,2010-12-01
62374,0.0513859795887348,2010-12-01
160479,0.0301419976142193,2010-12-01
260774,0.0640026775406127,2010-12-01
7063,0.0312256478135927,2011-03-01
11456,0.0295858751960008,2011-03-01
24731,0.0215317103597477,2011-03-01
30822,0.0287227825183029,2011-03-01
62374,0.0513506513166177,2011-03-01
160479,0.0284528662676122,2011-03-01
160991,0.0219424752706284,2011-03-01
260774,0.0592944130201176,2011-03-01
10894,0.0434942212862276,2011-06-01
11456,0.0450001638587549,2011-06-01
24731,0.0323029758659653,2011-06-01
29984,0.0432875359838375,2011-06-01
30822,0.0373403995605939,2011-06-01
62374,0.0452152107286,2011-06-01
160991,0.0313704502054226,2011-06-01
260774,0.0371457718685744,2011-06-01
10894,0.02423981949687,2011-09-01
11456,0.0310848429799079,2011-09-01
13125,0.0226189866662025,2011-09-01
24731,0.0293499808758497,2011-09-01
30822,0.0226189866662025,2011-09-01
62374,0.0226189866662025,2011-09-01
112111,0.0421281568706035,2011-09-01
160479,0.02423981949687,2011-09-01
7063,0.048931212999122,2011-12-01
10894,0.0408304308005601,2011-12-01
11456,0.0528355169962332,2011-12-01
29984,0.0424697860174811,2011-12-01
62374,0.0374026526354853,2011-12-01
112111,0.0571071562064113,2011-12-01
160991,0.0358161670954716,2011-12-01
260774,0.0700247067427533,2011-12-01
4605,0.0259239729493856,2012-03-01
5543,0.0259239729493856,2012-03-01
7063,0.0299276188015937,2012-03-01
10894,0.0259239729493856,2012-03-01
11456,0.0299276188015937,2012-03-01
13125,0.0259239729493856,2012-03-01
24731,0.0299276188015937,2012-03-01
28629,0.0259239729493856,2012-03-01
28733,0.0259239729493856,2012-03-01
29099,0.0259239729493856,2012-03-01
29649,0.0259239729493856,2012-03-01
29984,0.0259239729493856,2012-03-01
30822,0.0259239729493856,2012-03-01
62374,0.0259239729493856,2012-03-01
64821,0.0259239729493856,2012-03-01
105365,0.0259239729493856,2012-03-01
110179,0.0259239729493856,2012-03-01
112111,0.0299276188015937,2012-03-01
113490,0.0259239729493856,2012-03-01
160479,0.0259239729493856,2012-03-01
160991,0.0259239729493856,2012-03-01
260774,0.0928646102547645,2012-03-01
7063,0.0573039305003599,2012-06-01
11456,0.054126393721917,2012-06-01
24731,0.0408464955284208,2012-06-01
62374,0.054855388414468,2012-06-01
105365,0.0364366249761375,2012-06-01
112111,0.0488586490012616,2012-06-01
113490,0.0378107311510715,2012-06-01
260774,0.0712325582421025,2012-06-01
7063,0.0623285981306619,2012-09-01
11456,0.0706972406103598,2012-09-01
24731,0.0386117563420565,2012-09-01
62374,0.0662051437391503,2012-09-01
112111,0.0453510948360448,2012-09-01
113490,0.042988130967413,2012-09-01
121382,0.0430613478096571,2012-09-01
260774,0.0834486185113299,2012-09-01
7063,0.0455129064062149,2012-12-01
11456,0.0432370472481545,2012-12-01
62374,0.057606499011304,2012-12-01
105365,0.0366921847253383,2012-12-01
112111,0.0451298226969274,2012-12-01
113490,0.0384916859012392,2012-12-01
121382,0.046689768922085,2012-12-01
260774,0.0714720228198634,2012-12-01
7063,0.0304649528115987,2013-03-01
10894,0.0304649528115987,2013-03-01
24731,0.0304649528115987,2013-03-01
28629,0.0299548264592885,2013-03-01
29649,0.0299548264592885,2013-03-01
64821,0.0299548264592885,2013-03-01
110179,0.0299548264592885,2013-03-01
112111,0.0304649528115987,2013-03-01
160991,0.0299548264592885,2013-03-01
260774,0.056723766028881,2013-03-01
5543,0.0395883970002764,2013-06-01
29649,0.0473564698524831,2013-06-01
62374,0.0546437143364087,2013-06-01
112111,0.0519977138787857,2013-06-01
113490,0.050418183796721,2013-06-01
121382,0.0616647626028969,2013-06-01
138743,0.0403880089995647,2013-06-01
260774,0.1004510591301483,2013-06-01
5543,0.038139097392559,2013-09-01
7063,0.038139097392559,2013-09-01
11456,0.038139097392559,2013-09-01
24731,0.038139097392559,2013-09-01
29649,0.038139097392559,2013-09-01
29875,0.040437813848257,2013-09-01
64821,0.038139097392559,2013-09-01
110179,0.038139097392559,2013-09-01
113490,0.038139097392559,2013-09-01
160991,0.038139097392559,2013-09-01
260774,0.076658509671688,2013-09-01
7063,0.052750285728338,2013-12-01
62374,0.0795306387163133,2013-12-01
105365,0.0605818658618228,2013-12-01
112111,0.0683411214979006,2013-12-01
113490,0.0751971276601413,2013-12-01
121382,0.0801853506763833,2013-12-01
138743,0.0579690082510383,2013-12-01
260774,0.1124154289691232,2013-12-01
11456,0.0496623921752692,2014-03-01
62374,0.0801518656854274,2014-03-01
64821,0.0551495222635554,2014-03-01
112111,0.0668340665554342,2014-03-01
113490,0.0555350882623603,2014-03-01
121382,0.0849474441117402,2014-03-01
138743,0.0585211533498145,2014-03-01
260774,0.1043951908652664,2014-03-01
7063,0.0609008468061628,2014-06-01
11456,0.0528566704923935,2014-06-01
62374,0.0954534476418517,2014-06-01
105365,0.0709118005849941,2014-06-01
112111,0.0706795148977898,2014-06-01
121382,0.0846213292273107,2014-06-01
138743,0.0569611345043059,2014-06-01
260774,0.0922519908071163,2014-06-01
7063,0.043855018987947,2014-09-01
11456,0.0496317210994285,2014-09-01
13125,0.0484921751337615,2014-09-01
24731,0.04343717782849,2014-09-01
29649,0.0460655026096392,2014-09-01
62374,0.0527080842481783,2014-09-01
160991,0.0483712565764857,2014-09-01
260774,0.1759988689335469,2014-09-01
7063,0.0459678528071409,2014-12-01
11456,0.054067335138536,2014-12-01
24731,0.0411184674940782,2014-12-01
62374,0.0582554311353376,2014-12-01
112111,0.0733638247531788,2014-12-01
121382,0.0736743162052711,2014-12-01
138743,0.0506105855076038,2014-12-01
260774,0.0862937527520326,2014-12-01
5543,0.0417856965636389,2015-03-01
10894,0.0435862213445787,2015-03-01
29649,0.0401407614964514,2015-03-01
29984,0.0417862756917429,2015-03-01
64925,0.0397708220201959,2015-03-01
112111,0.0414967649191495,2015-03-01
121382,0.0472820409903456,2015-03-01
260774,0.1184717368128896,2015-03-01
28629,0.032224023322429,2015-06-01
29649,0.0357575282513992,2015-06-01
29984,0.0325549025145675,2015-06-01
30293,0.0318184870145789,2015-06-01
110179,0.0304660293127041,2015-06-01
113490,0.0384081016016607,2015-06-01
121382,0.0436378817778905,2015-06-01
260774,0.0456734453364776,2015-06-01
5543,0.0407495512487241,2015-09-01
10894,0.0410697338695262,2015-09-01
13125,0.0398147776384809,2015-09-01
29984,0.0586551810789571,2015-09-01
110179,0.0379726545939699,2015-09-01
121382,0.0586551810789571,2015-09-01
138743,0.0396819870334453,2015-09-01
260774,0.1224367316420914,2015-09-01
11456,0.0405535647540204,2015-12-01
29649,0.0357588588044599,2015-12-01
30293,0.0334700230417742,2015-12-01
62374,0.0330673809706196,2015-12-01
64821,0.0401066957109057,2015-12-01
112111,0.0416717156630116,2015-12-01
121382,0.0703219463537807,2015-12-01
260774,0.1540362320205641,2015-12-01
5543,0.0335195176303386,2016-03-01
7063,0.0335195176303386,2016-03-01
13125,0.0341479815542697,2016-03-01
24731,0.0335195176303386,2016-03-01
29649,0.0335195176303386,2016-03-01
64821,0.0341479815542697,2016-03-01
110179,0.0341479815542697,2016-03-01
260774,0.0835965573787689,2016-03-01
13125,0.0371680185198783,2016-06-01
28733,0.0371680185198783,2016-06-01
29984,0.0371680185198783,2016-06-01
30293,0.0371680185198783,2016-06-01
62374,0.0371680185198783,2016-06-01
64821,0.0371680185198783,2016-06-01
110179,0.0371680185198783,2016-06-01
112111,0.0371680185198783,2016-06-01
138743,0.0371680185198783,2016-06-01
160991,0.0371680185198783,2016-06-01
260774,0.0822239518165588,2016-06-01
7063,0.0377203637017859,2016-09-01
11456,0.0435891721048169,2016-09-01
29389,0.0324455317010289,2016-09-01
62374,0.0521574267739268,2016-09-01
105365,0.0361189120027682,2016-09-01
112111,0.0632871232990812,2016-09-01
121382,0.0605927022720653,2016-09-01
260774,0.0806895934238711,2016-09-01
7063,0.0404818536709325,2016-12-01
11456,0.0378166597075995,2016-12-01
29389,0.0376097363853527,2016-12-01
62374,0.0534968880064784,2016-12-01
105365,0.030527038173776,2016-12-01
112111,0.0545753499218269,2016-12-01
121382,0.0602302189843419,2016-12-01
260774,0.0841576458608436,2016-12-01
7063,0.0391077527440526,2017-03-01
11456,0.0402756095145546,2017-03-01
29389,0.0368916720680801,2017-03-01
62374,0.0625212774008681,2017-03-01
105365,0.0397223911974377,2017-03-01
112111,0.0613941847206108,2017-03-01
113490,0.0349400209046264,2017-03-01
260774,0.0920136982692808,2017-03-01
7063,0.0412670904695549,2017-06-01
29389,0.0348683903680286,2017-06-01
30004,0.0384094760290463,2017-06-01
62374,0.05956869628056,2017-06-01
112111,0.0535490885111702,2017-06-01
121382,0.0479456694928316,2017-06-01
138743,0.0332198522119364,2017-06-01
260774,0.0700239243108599,2017-06-01
7063,0.0422013701691006,2017-09-01
11456,0.0347071799638041,2017-09-01
24731,0.0430975785138927,2017-09-01
30004,0.0403537934590606,2017-09-01
62374,0.0508809026785429,2017-09-01
112111,0.0448416769428397,2017-09-01
121382,0.0421150969192179,2017-09-01
260774,0.0703974677854168,2017-09-01
7063,0.0353630694672875,2017-12-01
24731,0.0350911395109565,2017-12-01
29389,0.0363747819246882,2017-12-01
30004,0.0387038754026322,2017-12-01
62374,0.0517796537771345,2017-12-01
112111,0.0465677670566852,2017-12-01
138743,0.0354880866491184,2017-12-01
260774,0.0646990714035602,2017-12-01
7063,0.0400413990143162,2018-03-01
11456,0.0435828864844877,2018-03-01
24731,0.0458030887371524,2018-03-01
30004,0.0306472051219824,2018-03-01
32580,0.0598092208083728,2018-03-01
62374,0.0485522866834056,2018-03-01
112111,0.040219594035228,2018-03-01
260774,0.0698926077446863,2018-03-01
5543,0.0452410477105949,2018-06-01
7063,0.0409012927190583,2018-06-01
11456,0.0484696176685055,2018-06-01
24731,0.055706552756338,2018-06-01
32580,0.0516956463689095,2018-06-01
62374,0.062128627225147,2018-06-01
112111,0.0404565973102239,2018-06-01
260774,0.0596040227478603,2018-06-01
7063,0.042922912898322,2018-09-01
11456,0.0425515282362156,2018-09-01
24731,0.0438863079087817,2018-09-01
30004,0.0347099170910453,2018-09-01
32580,0.0548061243329295,2018-09-01
62374,0.0597220652065509,2018-09-01
112111,0.0402041356690721,2018-09-01
260774,0.0541853136271171,2018-09-01
4605,0.041087694599731,2018-12-01
5543,0.0430262683445111,2018-12-01
24731,0.0494400290767317,2018-12-01
32580,0.0414255904267752,2018-12-01
62374,0.0437585611441142,2018-12-01
64821,0.037717798638283,2018-12-01
110179,0.0389266329895408,2018-12-01
138743,0.0400174924444387,2018-12-01
28629,0.0432096136173982,2019-03-01
29099,0.0461270636219654,2019-03-01
29984,0.0567982476318973,2019-03-01
30004,0.0624878239422621,2019-03-01
62374,0.0520458139163218,2019-03-01
121382,0.0428583397889642,2019-03-01
138743,0.0583449181663843,2019-03-01
160991,0.043642809963274,2019-03-01
5543,0.0236176215112209,2019-06-01
30004,0.0241181682795286,2019-06-01
32580,0.0247766971588134,2019-06-01
64925,0.0236176215112209,2019-06-01
110179,0.0236176215112209,2019-06-01
121382,0.0442474372684955,2019-06-01
138743,0.0236176215112209,2019-06-01
160991,0.0236176215112209,2019-06-01
260774,0.0280495192855596,2019-06-01
4605,0.0294382329402889,2019-09-01
11456,0.0337391039544531,2019-09-01
28733,0.0260156973190877,2019-09-01
30004,0.0278421320340326,2019-09-01
121382,0.0481478882325896,2019-09-01
160479,0.0326303941151931,2019-09-01
160991,0.0309364215944364,2019-09-01
260774,0.0416873130833035,2019-09-01
11456,0.0276719654827769,2019-12-01
29099,0.0218218890799121,2019-12-01
29389,0.0285198803090958,2019-12-01
29649,0.023736533049287,2019-12-01
62374,0.0282932074200187,2019-12-01
110179,0.025583786098661,2019-12-01
160991,0.0295893446858519,2019-12-01
260774,0.0313189201384529,2019-12-01
7063,0.0421309315315544,2020-03-01
30004,0.0421485583871085,2020-03-01
62374,0.0596126127146924,2020-03-01
112111,0.0369073702640514,2020-03-01
121382,0.034729228148225,2020-03-01
138743,0.0322517826007728,2020-03-01
160991,0.0378827210243166,2020-03-01
260774,0.0531613508364821,2020-03-01
5543,0.0680830224401417,2020-06-01
7063,0.1070733662365111,2020-06-01
11456,0.095936416201991,2020-06-01
24731,0.099637485874958,2020-06-01
32580,0.0917150565469195,2020-06-01
62374,0.0702311646141926,2020-06-01
110179,0.0741906605472784,2020-06-01
260774,0.0691740227322331,2020-06-01
5543,0.050221549968723,2020-09-01
7063,0.0535587922520564,2020-09-01
24731,0.0554338575998643,2020-09-01
29389,0.0389452408503398,2020-09-01
30293,0.0394685149970204,2020-09-01
64925,0.0457828112155836,2020-09-01
110179,0.0486515733359119,2020-09-01
260774,0.0405563120385401,2020-09-01
7063,0.0472149652186041,2020-12-01
24731,0.0472149652186041,2020-12-01
29099,0.0353575870221132,2020-12-01
29875,0.0334918928234345,2020-12-01
30293,0.037015758430252,2020-12-01
64925,0.0356944624349373,2020-12-01
110179,0.0352049649545861,2020-12-01
260774,0.0335494898041369,2020-12-01
7063,0.0474234450319759,2021-03-01
24731,0.0367328696872621,2021-03-01
29875,0.0346273233010757,2021-03-01
30293,0.0374167134334091,2021-03-01
32580,0.0367328696872621,2021-03-01
64821,0.0346273233010757,2021-03-01
64925,0.0346273233010757,2021-03-01
138743,0.0359422369851982,2021-03-01
4605,0.0199929722244504,2021-06-01
7063,0.0198660742445135,2021-06-01
24731,0.0189757253490705,2021-06-01
29099,0.0190057070671958,2021-06-01
30004,0.0181037103208344,2021-06-01
30822,0.018521929958247,2021-06-01
121382,0.0185323261474303,2021-06-01
260774,0.0196863793991063,2021-06-01
4605,0.0236110250188417,2021-09-01
11456,0.0248154873847287,2021-09-01
28629,0.0228851776843544,2021-09-01
28733,0.0228851776843544,2021-09-01
30822,0.0234855105634046,2021-09-01
64925,0.025393983504609,2021-09-01
110179,0.0225798692603368,2021-09-01
260774,0.0231953530615682,2021-09-01
4605,0.0205500866302365,2021-12-01
11456,0.0238861574534353,2021-12-01
24731,0.0235925552041393,2021-12-01
29099,0.0197395825462886,2021-12-01
64925,0.0213879266026355,2021-12-01
105365,0.0223161953970442,2021-12-01
113490,0.0227836533502649,2021-12-01
260774,0.0687728397362718,2021-12-01
4605,0.0202380732289034,2022-03-01
5543,0.0202380732289034,2022-03-01
7063,0.0202380732289034,2022-03-01
10096,0.0202380732289034,2022-03-01
10894,0.0202380732289034,2022-03-01
11456,0.0202380732289034,2022-03-01
13125,0.0202380732289034,2022-03-01
24731,0.0202380732289034,2022-03-01
28629,0.0202380732289034,2022-03-01
28733,0.0202380732289034,2022-03-01
29099,0.0202380732289034,2022-03-01
29389,0.0202380732289034,2022-03-01
29649,0.0202380732289034,2022-03-01
29875,0.0202380732289034,2022-03-01
29984,0.0202380732289034,2022-03-01
30004,0.0202380732289034,2022-03-01
30293,0.0202380732289034,2022-03-01
30822,0.0202380732289034,2022-03-01
32580,0.0202380732289034,2022-03-01
62374,0.0202380732289034,2022-03-01
64821,0.0202380732289034,2022-03-01
64925,0.0202380732289034,2022-03-01
105365,0.0202380732289034,2022-03-01
110179,0.0202380732289034,2022-03-01
112111,0.0202380732289034,2022-03-01
113490,0.0202380732289034,2022-03-01
121382,0.0202380732289034,2022-03-01
138743,0.0202380732289034,2022-03-01
160479,0.0202380732289034,2022-03-01
160991,0.0202380732289034,2022-03-01
260774,0.0202380732289034,2022-03-01
4605,0.0252735553162063,2022-06-01
11456,0.034783187983418,2022-06-01
30822,0.0231696628527649,2022-06-01
62374,0.0220033606506503,2022-06-01
112111,0.0211661936294129,2022-06-01
121382,0.0332257588187738,2022-06-01
138743,0.0290205286372331,2022-06-01
260774,0.0650207489263974,2022-06-01
4605,0.025607654946119,2022-09-01
7063,0.0341857907422599,2022-09-01
11456,0.0291819722013767,2022-09-01
28629,0.0272240414644479,2022-09-01
29099,0.0294625719530072,2022-09-01
62374,0.0322504481676933,2022-09-01
64821,0.0255424569159005,2022-09-01
260774,0.0338837996665738,2022-09-01
5543,0.0357769746731682,2022-12-01
7063,0.0385803224810122,2022-12-01
29099,0.035829599544251,2022-12-01
30293,0.0375717059313675,2022-12-01
62374,0.0353317749828971,2022-12-01
64925,0.0374514228081262,2022-12-01
105365,0.0329079728227552,2022-12-01
110179,0.0381104541520291,2022-12-01
5543,0.0337492957491698,2023-03-01
24731,0.0353652768648779,2023-03-01
28733,0.0346979025728252,2023-03-01
62374,0.0455236643274506,2023-03-01
64821,0.0347404505186532,2023-03-01
64925,0.0472821050456861,2023-03-01
113490,0.0333992545375697,2023-03-01
160991,0.0325743657814646,2023-03-01
5543,0.0230654794722795,2023-06-01
13125,0.0230654794722795,2023-06-01
29984,0.0261099822819232,2023-06-01
30822,0.0230654794722795,2023-06-01
32580,0.0230654794722795,2023-06-01
62374,0.027818527072668,2023-06-01
64821,0.0230654794722795,2023-06-01
64925,0.0246309265494346,2023-06-01
121382,0.0230654794722795,2023-06-01
160991,0.0230654794722795,2023-06-01
10894,0.0131571274250745,2023-09-01
11456,0.0131571274250745,2023-09-01
13125,0.0229699332267045,2023-09-01
24731,0.0161914005875587,2023-09-01
28629,0.0131571274250745,2023-09-01
28733,0.0131571274250745,2023-09-01
30004,0.0131571274250745,2023-09-01
30293,0.0131571274250745,2023-09-01
30822,0.0167427491396665,2023-09-01
64821,0.0167427491396665,2023-09-01
64925,0.0235212855041027,2023-09-01
105365,0.0131571274250745,2023-09-01
110179,0.0131571274250745,2023-09-01
113490,0.0131571274250745,2023-09-01
121382,0.0167427491396665,2023-09-01
260774,0.0152313187718391,2023-09-01
7063,0.0414621159434318,2023-12-01
13125,0.0539532005786895,2023-12-01
24731,0.0240695066750049,2023-12-01
29099,0.0214595012366771,2023-12-01
64821,0.0236271452158689,2023-12-01
64925,0.0565632171928882,2023-12-01
121382,0.0242295563220977,2023-12-01
260774,0.0509359389543533,2023-12-01
13125,0.0367333010315615,2024-03-01
28629,0.015166163120943,2024-03-01
30293,0.0141457053908925,2024-03-01
30822,0.0141817083646046,2024-03-01
62374,0.0241752973750198,2024-03-01
64925,0.0367333010315615,2024-03-01
113490,0.0134275469304998,2024-03-01
121382,0.0231625940208173,2024-03-01
4605,0.0054461400975289,2024-06-01
5543,0.0054461400975289,2024-06-01
7063,0.0054461400975289,2024-06-01
10096,0.0054461400975289,2024-06-01
10894,0.0054461400975289,2024-06-01
11456,0.0054461400975289,2024-06-01
13125,0.0054461400975289,2024-06-01
24731,0.0054461400975289,2024-06-01
28629,0.0054461400975289,2024-06-01
28733,0.0054461400975289,2024-06-01
29099,0.0054461400975289,2024-06-01
29389,0.0054461400975289,2024-06-01
29649,0.0054461400975289,2024-06-01
29875,0.0054461400975289,2024-06-01
29984,0.0054461400975289,2024-06-01
30004,0.0054461400975289,2024-06-01
30293,0.0054461400975289,2024-06-01
30822,0.0054461400975289,2024-06-01
32580,0.0054461400975289,2024-06-01
62374,0.0054461400975289,2024-06-01
64821,0.0054461400975289,2024-06-01
64925,0.0054461400975289,2024-06-01
105365,0.0054461400975289,2024-06-01
110179,0.0054461400975289,2024-06-01
112111,0.0054461400975289,2024-06-01
113490,0.0054461400975289,2024-06-01
121382,0.0054461400975289,2024-06-01
138743,0.0054461400975289,2024-06-01
160479,0.0054461400975289,2024-06-01
160991,0.0054461400975289,2024-06-01
260774,0.0054461400975289,2024-06-01
13125,0.014672856886125,2024-09-01
24731,0.0081101081389721,2024-09-01
29099,0.0105154246831278,2024-09-01
30822,0.0079052998261355,2024-09-01
64925,0.0151518638516067,2024-09-01
105365,0.0090000627090945,2024-09-01
112111,0.0095738666490345,2024-09-01
113490,0.0087353864088774,2024-09-01
24731,0.0052475552074611,2024-12-01
30822,0.0052475552074611,2024-12-01
32580,0.0052475552074611,2024-12-01
62374,0.0052475552074611,2024-12-01
64821,0.0052475552074611,2024-12-01
64925,0.0052475552074611,2024-12-01
112111,0.0098309535533189,2024-12-01
121382,0.0052475552074611,2024-12-01
4605,0.0040106787346303,2025-03-01
5543,0.0043243467807769,2025-03-01
7063,0.0040106787346303,2025-03-01
10894,0.0040106787346303,2025-03-01
11456,0.0040106787346303,2025-03-01
13125,0.0151646332815289,2025-03-01
24731,0.0151646332815289,2025-03-01
29099,0.0040106787346303,2025-03-01
29389,0.0040106787346303,2025-03-01
29649,0.0040106787346303,2025-03-01
29875,0.0040106787346303,2025-03-01
29984,0.0040106787346303,2025-03-01
30004,0.0040106787346303,2025-03-01
30293,0.0040106787346303,2025-03-01
30822,0.0369144603610038,2025-03-01
32580,0.0114804580807685,2025-03-01
64925,0.0151646332815289,2025-03-01
105365,0.0040106787346303,2025-03-01
110179,0.0040106787346303,2025-03-01
112111,0.0207436010241508,2025-03-01
138743,0.0040106787346303,2025-03-01
160479,0.0040106787346303,2025-03-01
160991,0.0040106787346303,2025-03-01
7063,0.0305196861159218,2025-06-01
11456,0.0177221601029803,2025-06-01
13125,0.0295977596869814,2025-06-01
24731,0.0308464781511777,2025-06-01
30004,0.0121128950725423,2025-06-01
62374,0.0231461018083565,2025-06-01
105365,0.0161375690054718,2025-06-01
113490,0.0231438617363857,2025-06-01
4605,-0.0008531302598365,2025-09-01
5543,-0.0008531302598365,2025-09-01
7063,-0.0008531302598365,2025-09-01
10096,-0.0008531302598365,2025-09-01
10894,-0.0008531302598365,2025-09-01
11456,-0.0008531302598365,2025-09-01
13125,-0.0008531302598365,2025-09-01
24731,-0.0008531302598365,2025-09-01
28629,-0.0008531302598365,2025-09-01
28733,-0.0008531302598365,2025-09-01
29099,-0.0008531302598365,2025-09-01
29389,-0.0008531302598365,2025-09-01
29649,-0.0008531302598365,2025-09-01
29875,-0.0008531302598365,2025-09-01
29984,-0.0008531302598365,2025-09-01
30004,-0.0008531302598365,2025-09-01
30293,-0.0008531302598365,2025-09-01
30822,-0.0008531302598365,2025-09-01
32580,-0.0008531302598365,2025-09-01
62374,-0.0008531302598365,2025-09-01
64821,-0.0008531302598365,2025-09-01
64925,-0.0008531302598365,2025-09-01
105365,-0.0008531302598365,2025-09-01
110179,-0.0008531302598365,2025-09-01
112111,-0.0008531302598365,2025-09-01
113490,-0.0008531302598365,2025-09-01
121382,-0.0008531302598365,2025-09-01
138743,-0.0008531302598365,2025-09-01
160479,-0.0008531302598365,2025-09-01
160991,-0.0008531302598365,2025-09-01
260774,-0.0008531302598365,2025-09-01
